temperature,humidity,ph,label
22.349393,92.269734,5.807075,manzana
24.483114,64.236347,7.162593,lenteja
27.589324,91.019808,6.709053,melón
25.109008,83.691193,6.399987,sandía
22.843685,83.150051,7.632009,algodón
21.424511,20.396597,5.912290,frijol rojo
28.770231,87.282778,6.778514,frijol chino
41.948657,81.388876,5.644651,uva
27.499179,51.405726,4.365316,frijol moth
24.667493,51.422599,7.288363,café
19.026979,15.640542,7.168945,garbanzo
24.973179,82.803890,6.584660,arroz
23.094338,81.451393,6.141329,yute
16.573873,94.672349,6.523029,naranja
28.112959,82.845001,6.271031,frijol chino
28.816937,44.594059,7.853074,frijol moth
24.697250,88.423575,6.565587,sandía
19.969795,24.954329,5.681487,frijol rojo
35.433146,92.483756,6.807373,papaya
24.890501,67.071037,5.768264,maíz
26.596845,95.772037,6.248776,coco
25.952633,61.890822,6.325235,maíz
21.144738,92.876210,5.816369,manzana
28.584255,50.571742,5.438883,mango
22.734246,92.750862,5.605486,manzana
31.331476,49.986662,3.517600,frijol moth
22.566642,93.374889,7.598729,naranja
23.580235,80.522899,6.363006,arroz
29.868958,93.251032,6.076460,melón
21.374016,60.502760,6.437106,maíz
29.116849,68.013985,7.159114,frijol urad
23.611920,91.702938,5.812782,manzana
25.310423,72.013644,6.346715,yute
32.879731,53.124505,4.683006,mango
23.937737,20.592812,5.697348,frijol rojo
23.063581,56.694903,5.801243,maíz
21.198522,92.155951,6.276199,manzana
15.330426,18.343158,5.623076,frijol rojo
25.669306,80.213272,6.907629,arroz
34.305979,69.405913,6.603150,frijol urad
27.696678,60.542495,6.556929,lenteja
23.723374,81.530770,7.305635,algodón
23.380203,85.273377,6.658430,yute
17.553406,14.924357,8.498598,garbanzo
30.336702,61.070461,7.685198,frijol moth
18.920152,89.020713,6.066750,granada
25.162966,92.547360,7.105905,naranja
27.249179,86.317473,6.665320,frijol chino
23.920757,84.764232,6.117153,arroz
27.896361,88.717823,6.784153,frijol chino
24.970426,78.626977,6.856833,yute
22.968826,82.882197,6.044000,arroz
19.097468,73.736123,6.155988,maíz
24.900757,73.841864,6.588017,yute
24.724480,79.155195,5.989167,algodón
24.216103,59.792363,8.869533,frijol moth
23.178169,92.159803,6.401440,naranja
24.645647,92.105264,6.511655,granada
26.035034,80.686883,5.984539,plátano
24.534426,88.989272,6.140099,sandía
25.717694,71.162845,6.261925,maíz
29.503048,63.465134,5.560225,frijol de palo
18.871430,15.101426,7.120662,garbanzo
34.862322,81.091252,6.211961,uva
33.864294,61.570725,6.573532,frijol urad
28.059124,98.367098,5.868256,coco
29.397538,89.320372,6.682244,frijol chino
23.059519,62.922028,7.210965,café
22.132018,83.845369,7.251114,algodón
27.088080,93.424021,6.781050,melón
19.529674,16.995963,6.465090,garbanzo
21.267002,93.372498,6.335372,naranja
23.539577,89.758348,6.134050,granada
26.346384,77.058049,6.193007,plátano
23.194511,91.403016,6.502289,papaya
28.981005,90.503030,6.030998,coco
28.198929,61.189240,4.038609,frijol moth
18.624784,63.006043,6.238546,lenteja
34.889551,48.777502,6.424466,mango
27.692979,94.267655,7.254213,naranja
30.801423,42.362642,4.672336,frijol moth
23.815266,21.812567,5.526551,frijol rojo
29.046290,91.078587,5.711596,coco
22.627463,77.470082,7.083572,algodón
23.255834,82.701593,7.124334,yute
30.902886,52.087478,6.844644,mango
27.667528,79.685428,6.490074,plátano
23.109427,92.796308,6.383180,manzana
25.258301,64.099774,7.721431,lenteja
28.103178,54.766724,9.499318,frijol moth
42.739474,92.826911,6.643212,papaya
26.322248,81.883618,6.641196,yute
20.388881,90.838987,7.819461,naranja
26.716098,96.814831,6.148069,coco
23.504101,78.318745,6.251495,algodón
24.075564,81.400994,7.554990,arroz
32.557292,83.932553,5.877649,uva
22.675945,93.363487,7.477935,naranja
27.974048,91.586202,6.730819,melón
25.630619,81.594585,6.586344,yute
27.079840,91.739341,6.148067,coco
23.816636,81.078619,5.140815,arroz
34.892267,48.756134,6.414527,mango
19.493608,18.561769,7.055516,garbanzo
20.443835,87.610587,6.935279,granada
26.423579,83.973635,5.929705,plátano
22.407421,76.141766,7.438620,algodón
32.958383,47.615910,4.762907,mango
21.794376,92.776310,5.562620,manzana
33.966479,49.301052,7.007720,frijol de palo
18.041855,60.452836,5.513698,maíz
23.977707,80.867008,5.221860,arroz
24.907451,69.635984,5.803874,maíz
24.935183,82.426025,6.530920,algodón
22.451460,76.256749,7.432044,algodón
34.138457,52.823843,6.523540,mango
33.260403,92.865300,6.993062,papaya
33.886100,66.793115,7.565705,frijol urad
22.895088,94.391154,6.074060,manzana
17.148444,14.378264,6.189280,garbanzo
25.386076,57.030573,7.850495,frijol moth
27.094006,43.653054,3.510404,frijol moth
20.525076,90.954380,7.847207,naranja
17.270508,16.788360,7.460472,garbanzo
18.032419,23.387342,5.683747,frijol rojo
41.928606,94.793339,6.678957,papaya
25.424836,83.610869,6.145534,algodón
41.186649,81.017834,5.539981,uva
27.991483,68.876329,7.076122,frijol urad
18.766671,17.578739,7.954217,garbanzo
22.027210,65.355499,6.272418,maíz
31.349201,91.482476,7.181908,naranja
28.802887,94.113976,6.194724,melón
20.152063,81.613632,5.005307,arroz
29.943495,64.532204,5.839719,frijol de palo
34.726551,60.992170,7.650265,frijol urad
19.940105,94.977409,6.852711,granada
24.307486,78.543410,6.186814,yute
28.442671,97.807421,5.840842,coco
23.009078,22.655201,5.852535,frijol rojo
23.724819,92.703273,5.560859,manzana
23.241135,84.592018,7.782051,arroz
26.104995,84.479516,6.080031,plátano
17.819417,82.938161,6.321915,uva
23.731806,72.798999,6.104119,yute
20.616060,84.065219,6.329386,arroz
26.223674,62.265946,6.979591,café
25.881512,93.373942,5.869999,coco
24.921882,82.027896,7.994680,algodón
28.328143,52.909012,8.685784,frijol moth
23.285870,21.963077,5.532041,frijol rojo
17.095412,16.208925,7.572912,garbanzo
10.136649,90.059075,6.212323,naranja
25.434805,81.539778,5.837258,plátano
25.563722,94.673832,5.732688,coco
26.589476,94.600419,6.142937,coco
25.036344,80.454668,5.549777,arroz
21.216073,85.394074,6.155218,granada
29.343088,57.615168,6.823370,frijol moth
31.204782,54.499605,6.804437,mango
17.410954,15.302136,7.730607,garbanzo
20.045414,83.156853,5.926414,arroz
28.250167,99.071084,5.571136,coco
19.453399,18.234907,8.380185,garbanzo
27.159985,51.591008,6.691541,café
27.075864,86.472740,7.119020,frijol chino
27.015813,86.784474,7.096334,frijol chino
33.888934,54.446871,6.326345,mango
21.266193,80.472391,6.468864,arroz
28.705627,81.592007,6.705009,frijol chino
28.130220,94.324237,6.684399,papaya
34.871833,30.400468,4.967753,frijol de palo
31.615655,55.625610,5.618212,frijol de palo
29.138220,94.162868,6.022463,melón
34.600825,63.112968,7.403623,frijol urad
27.012073,60.766453,6.485761,café
8.825675,80.759178,5.907193,uva
31.930113,52.324938,5.301652,frijol moth
40.031906,91.373409,6.522290,papaya
35.676673,93.306419,6.586107,papaya
23.012402,91.156759,6.614140,papaya
28.498885,87.594071,6.571276,frijol chino
20.259350,83.026062,5.808468,arroz
34.946616,65.267740,7.162358,frijol urad
22.771990,92.105465,6.430290,manzana
24.311775,66.245357,7.177084,café
22.374649,90.694898,6.247596,manzana
22.430472,94.719160,5.541870,manzana
35.882344,54.391950,6.384712,mango
18.283622,66.659528,6.829199,maíz
25.997487,89.538565,6.829433,sandía
27.791637,76.563372,6.053456,plátano
24.313018,55.833386,6.995844,maíz
22.598115,82.171758,7.247751,arroz
23.652525,83.445744,5.754445,arroz
35.385987,51.426642,5.254532,mango
26.941900,60.618285,6.469612,café
26.313345,84.555073,6.498810,sandía
25.100854,87.647287,6.585433,sandía
26.561722,57.828571,7.413944,café
37.629013,92.013500,6.973204,papaya
26.621424,73.743205,6.770840,yute
23.891146,57.487758,5.893093,maíz
26.877514,91.049589,5.543276,coco
25.439873,81.004394,6.629944,sandía
38.232594,93.788677,6.745113,papaya
27.911449,90.779597,6.269868,melón
25.491423,91.534655,5.710263,coco
21.450154,80.973644,6.457536,uva
19.033151,23.373654,5.576288,frijol rojo
26.711528,83.763177,7.583064,arroz
27.075454,87.235140,7.141109,frijol chino
26.069773,62.720181,6.713166,café
25.487030,75.436788,6.615507,yute
27.535929,85.570190,7.196774,frijol chino
25.835830,94.567790,5.798814,coco
33.183912,83.629124,5.547931,uva
28.494334,91.809772,6.067985,melón
23.696040,22.955228,5.949998,frijol rojo
22.582793,65.848246,6.751313,maíz
29.023280,90.203968,6.617703,papaya
30.088005,93.213628,7.382101,naranja
30.198006,92.985232,6.343923,naranja
23.045327,76.477640,6.904115,algodón
28.918731,61.230843,6.612152,frijol urad
29.063293,83.681326,6.822956,frijol chino
26.220208,62.379400,7.453650,frijol urad
25.904782,82.061543,6.646407,yute
29.048527,90.764712,6.012310,melón
26.228678,80.438827,7.135130,yute
25.061262,56.018138,5.727192,maíz
27.479358,63.418175,5.845464,frijol moth
25.486760,84.407946,6.794497,sandía
21.749728,80.841951,6.039382,arroz
30.865085,90.241501,6.735294,papaya
22.555870,83.304224,6.655197,arroz
27.891973,63.117649,7.395125,lenteja
29.575550,88.452910,6.546542,frijol chino
24.407177,75.251538,7.737511,algodón
28.914393,90.835002,5.882703,coco
29.240267,68.005902,7.425188,lenteja
24.270516,87.626693,6.080258,sandía
22.436250,93.414179,7.642753,naranja
27.122628,67.904877,7.775306,frijol urad
27.501364,60.727730,6.767087,café
27.003155,47.675254,5.699587,mango
26.445630,80.187341,6.869885,arroz
27.962368,84.154036,5.644487,plátano
20.184323,90.654585,6.969250,naranja
27.558971,51.493867,5.343044,mango
27.396695,54.798004,6.960028,café
24.247825,83.036879,6.653868,sandía
22.961125,90.770765,5.627370,manzana
26.224610,67.860044,7.588960,lenteja
29.357178,62.158981,5.515421,frijol de palo
30.101119,63.974649,5.627485,frijol de palo
26.264983,83.667540,6.239366,sandía
26.482479,80.693411,5.994591,uva
24.964408,81.316776,6.854559,algodón
29.033938,82.198205,5.912563,plátano
25.136570,84.748045,6.061628,plátano
22.139747,23.022511,5.955617,frijol rojo
31.819709,53.330058,5.903199,mango
27.975041,79.038407,5.664851,plátano
18.708730,17.750441,7.907055,garbanzo
27.105175,66.918065,6.148952,lenteja
27.609482,95.347925,5.859120,coco
24.766865,60.172508,6.768379,lenteja
28.278683,85.327216,7.181205,frijol chino
23.371929,66.961855,6.771812,café
31.251293,40.733065,8.552170,frijol moth
21.805231,94.636129,6.658403,granada
33.526882,68.878752,6.669575,frijol urad
10.298347,80.191103,6.465067,uva
15.990507,81.239666,5.734317,uva
29.327420,84.750560,6.973823,frijol chino
31.434506,62.993035,7.760618,frijol urad
25.089661,68.175431,6.559682,lenteja
25.723623,81.377720,6.611540,algodón
22.386901,89.771355,5.683924,granada
29.565492,91.408963,5.826381,coco
28.766864,93.212056,7.459608,naranja
28.689985,87.504368,6.769416,frijol chino
30.535016,90.448735,6.341051,naranja
24.250073,90.577731,6.613172,granada
23.399202,91.418720,5.709189,manzana
29.682646,80.305589,6.492695,frijol chino
24.413300,69.694082,6.624107,maíz
20.257337,89.475035,5.890683,granada
17.182261,20.766616,5.685170,frijol rojo
28.775995,92.605059,6.134662,melón
24.646328,59.041363,8.198697,frijol moth
33.502952,61.709468,6.559868,frijol urad
25.658747,65.544587,7.734532,lenteja
16.837909,24.964739,5.575231,frijol rojo
11.630598,92.088833,6.554261,naranja
26.685437,91.003626,5.567431,coco
25.866324,84.423793,6.079179,plátano
20.840353,14.362377,6.469121,garbanzo
22.856756,76.502123,6.568167,algodón
25.496260,60.336794,5.926359,maíz
23.250843,84.539547,7.766860,arroz
27.505277,80.797840,6.156373,plátano
21.579187,80.280772,6.930247,arroz
27.159806,91.183715,6.356669,melón
33.660776,93.616912,6.704167,papaya
24.684380,80.870030,5.993153,uva
11.599383,91.366266,7.413233,naranja
21.325042,80.474764,6.442475,arroz
24.918913,86.924939,6.211453,sandía
22.894543,91.038196,6.800521,granada
21.022132,24.938963,5.662699,frijol rojo
28.186307,53.186114,5.499104,mango
26.432387,80.026213,6.042003,sandía
23.605066,21.905396,5.525905,frijol rojo
26.834468,81.637527,7.858216,arroz
28.882841,98.097530,5.501580,coco
31.458460,45.254673,5.583576,mango
28.977862,82.017062,5.903762,plátano
29.428597,49.399114,6.846936,mango
24.920688,60.208749,6.057022,lenteja
22.001317,79.341346,7.404206,algodón
25.099887,94.495613,6.547439,naranja
30.409502,81.083638,5.569552,uva
26.040809,94.838046,6.314179,coco
25.603290,62.038568,6.327369,maíz
26.737816,88.409361,6.448839,sandía
24.331419,60.112233,8.993368,frijol moth
18.437270,67.852723,7.639377,lenteja
23.765547,87.983299,6.334838,yute
26.430730,80.861137,6.300966,sandía
12.998895,94.001198,6.392296,naranja
25.008724,91.746248,6.280534,coco
18.965824,15.882801,7.036232,garbanzo
25.412852,66.888791,6.941042,lenteja
31.237364,90.813776,7.204706,naranja
26.373515,67.011511,6.733378,café
20.793460,65.799303,7.052227,lenteja
25.658346,86.967844,6.189346,yute
18.616878,90.837433,6.112356,granada
27.443456,81.026377,6.173192,plátano
29.311035,76.525033,6.407576,plátano
29.469305,92.542728,6.470466,coco
17.921648,17.672323,7.801302,garbanzo
21.674175,93.440604,5.763014,manzana
30.990600,52.764971,7.001946,frijol de palo
24.736174,53.647676,6.297656,café
23.128444,74.683227,6.344752,yute
22.795700,91.952958,6.431932,manzana
25.113731,39.967071,5.636522,frijol de palo
23.664179,46.089068,7.062555,frijol de palo
39.040720,80.183933,6.499605,uva
20.731670,24.527790,5.809577,frijol rojo
23.273091,73.205124,5.847827,maíz
22.822333,91.631205,6.025334,manzana
25.156003,67.885775,6.492960,maíz
33.369844,65.677182,6.874142,frijol urad
27.954860,85.752895,7.042553,frijol chino
31.863017,62.585837,7.355755,frijol urad
21.780144,92.523689,5.558351,manzana
23.778132,90.555462,5.740039,manzana
23.012402,91.081886,6.599862,papaya
27.840589,85.208862,7.022635,frijol chino
16.781933,81.182671,5.760876,uva
19.075588,65.114472,6.069936,maíz
23.924666,84.257412,6.678216,algodón
22.984589,93.320449,5.875719,manzana
17.850193,83.002219,6.301556,uva
18.667467,71.516474,5.721667,maíz
23.120666,61.475246,5.579103,maíz
27.382051,83.043459,5.722165,plátano
27.132393,63.187962,6.500145,frijol urad
27.944018,80.899413,6.247110,frijol chino
27.447186,83.791488,5.853767,plátano
25.276399,50.610479,4.677740,frijol moth
25.058625,82.523888,7.962975,algodón
33.024293,90.112716,6.420284,naranja
29.228791,81.518655,6.865630,frijol chino
27.482166,82.856678,6.310165,plátano
23.601154,82.483370,6.423217,uva
24.101824,58.247394,4.783869,frijol moth
22.510321,93.357929,7.436098,naranja
25.665852,80.663850,6.948020,arroz
13.285043,83.541938,5.699453,uva
24.542675,83.089217,6.154422,yute
25.362438,83.632761,6.176716,algodón
22.443509,93.452682,5.750988,manzana
25.655535,83.470211,7.120273,arroz
22.353300,90.870021,5.720150,manzana
29.928253,63.474319,6.676078,frijol urad
23.950250,57.241339,5.850599,maíz
24.753313,74.829137,6.598863,maíz
25.935066,67.637420,5.607969,maíz
24.842453,73.486218,6.607565,yute
29.897170,81.001375,5.547633,uva
29.259512,79.057367,6.294767,plátano
24.280307,82.808184,7.488014,yute
29.710238,91.350201,5.822218,coco
16.909798,24.837714,5.570666,frijol rojo
29.914544,85.725259,6.406421,frijol chino
18.972019,20.836111,5.665414,frijol rojo
30.914715,49.929639,6.810186,mango
23.022861,93.711880,5.836420,manzana
29.183568,80.407407,5.912859,plátano
24.362967,84.543988,6.502925,algodón
25.162782,84.978492,6.110845,plátano
28.143481,68.574905,7.309599,lenteja
29.064984,94.158174,6.158216,melón
30.202337,48.909497,6.373066,mango
19.667548,90.494245,7.720229,naranja
24.914746,78.705957,6.892541,yute
29.653547,87.970287,6.953098,frijol chino
24.593855,50.728231,5.941684,frijol de palo
22.161084,80.720392,6.027707,arroz
26.004898,97.215633,5.617873,coco
22.240559,90.014247,6.733600,granada
23.248465,81.281739,7.543132,arroz
29.413135,90.015064,6.549470,melón
27.547303,84.542763,6.382657,plátano
24.910647,92.785424,6.755213,papaya
29.382540,83.504237,5.765309,plátano
23.641062,74.931212,6.689424,yute
23.647117,93.740625,5.964351,manzana
24.185532,46.687468,6.669529,frijol de palo
22.790337,83.522402,6.577592,arroz
26.855373,43.735332,6.049187,frijol de palo
27.385390,88.666640,6.702772,frijol chino
14.226947,91.760640,6.013405,naranja
28.092247,83.523646,6.623630,frijol chino
28.108267,95.686177,5.655645,coco
22.824723,61.803242,5.668576,maíz
25.709474,83.342077,5.874045,arroz
23.059519,63.534968,7.233695,café
24.447156,61.219990,7.212942,frijol moth
23.441125,59.957306,6.084239,café
20.396489,23.115331,5.590726,frijol rojo
21.062260,55.460327,5.561834,frijol de palo
23.461683,23.221976,5.645436,frijol rojo
26.168128,87.806585,6.292321,sandía
25.057592,82.497898,6.513016,algodón
18.748882,21.160908,5.880252,frijol rojo
19.375465,67.702800,6.136771,maíz
33.514571,48.947834,6.874739,mango
26.335449,76.853201,6.190757,plátano
27.558619,91.079716,6.708683,melón
42.384445,91.632897,6.730387,papaya
20.552485,90.421188,7.869618,naranja
34.954405,45.786991,6.519825,mango
25.299547,81.775276,6.376201,sandía
22.451533,91.254014,6.006598,manzana
27.656795,94.873983,5.676569,coco
24.405013,79.186585,7.220508,algodón
24.465099,18.225091,5.505542,frijol rojo
26.597225,82.692533,5.749537,plátano
25.882703,96.064902,6.304072,coco
35.810405,51.770627,5.258366,mango
19.542849,66.347773,6.151029,frijol de palo
23.774589,92.750197,5.576443,manzana
23.631407,81.455239,6.735982,algodón
16.396243,92.181519,6.625539,naranja
21.481799,92.730167,7.088575,granada
24.123808,91.108318,6.644492,granada
27.820548,93.035552,6.528404,melón
31.317030,50.275759,5.335509,mango
21.989745,80.582383,6.882150,arroz
29.191032,62.952448,7.935832,frijol moth
29.594509,83.000679,6.416931,frijol chino
22.582501,85.427662,7.130772,granada
33.872063,69.920679,7.426602,frijol urad
29.568437,78.289594,5.505394,plátano
27.982337,91.513828,6.721380,papaya
25.289085,63.265413,6.570666,maíz
26.820656,67.656116,7.351053,frijol urad
22.139900,90.839972,6.228145,manzana
28.985085,91.216088,5.761624,coco
24.943147,54.502640,9.235569,frijol moth
38.775117,93.592102,6.532845,papaya
23.875494,91.703705,7.619538,naranja
26.380226,93.522165,5.933947,coco
22.007104,80.522128,6.261000,arroz
23.393578,94.200446,6.759393,papaya
34.259133,54.396126,4.849108,frijol de palo
28.809619,63.531030,6.687193,frijol urad
23.599973,90.975977,5.596449,manzana
9.911211,80.731077,6.418354,uva
27.223775,69.105501,7.135205,frijol urad
27.063367,66.933020,6.090964,lenteja
24.438474,81.698017,6.757458,algodón
27.521354,60.536577,6.551578,lenteja
28.188288,81.879751,5.785341,plátano
26.419152,76.856912,7.165697,yute
29.252274,81.489324,6.126474,uva
26.830541,90.753800,6.864144,papaya
28.033604,68.069654,7.277638,frijol urad
29.701954,63.384102,5.795256,frijol moth
27.829098,67.979578,7.087947,café
25.001694,72.036346,7.310217,yute
40.595331,82.666135,5.550797,uva
20.573412,19.752022,5.711439,frijol rojo
26.669836,78.197273,6.324960,yute
19.505442,57.046837,4.744870,frijol de palo
35.548348,92.123073,6.564385,papaya
28.894094,54.807502,6.472775,mango
28.073097,63.495119,7.594892,lenteja
23.078851,21.195262,5.893081,frijol rojo
25.992374,77.054355,7.368258,algodón
30.996947,46.426937,9.406888,frijol moth
21.067922,24.883008,5.653907,frijol rojo
23.352596,84.565039,6.642770,yute
28.029526,84.884573,6.556373,frijol chino
33.647696,48.414901,7.066087,frijol de palo
29.485260,90.554122,6.727159,melón
31.270017,56.143957,7.329111,frijol de palo
17.141861,17.066243,7.829211,garbanzo
27.125083,66.926683,6.939493,frijol urad
37.222345,83.223107,5.793250,uva
29.201554,87.859274,6.550600,frijol chino
24.390282,20.978877,5.664871,frijol rojo
31.555143,62.186273,7.310879,frijol urad
24.838137,53.272388,6.365145,café
10.181300,82.449180,5.846734,uva
25.447532,69.961000,7.143953,frijol urad
22.528255,91.677332,5.808874,manzana
23.559768,92.973866,5.810683,granada
31.998554,52.145592,5.400693,mango
24.471056,80.392097,7.166614,arroz
22.962280,46.357941,6.732085,frijol de palo
25.187198,79.127499,7.479868,algodón
17.180575,16.534945,7.621840,garbanzo
20.403819,24.773604,5.673787,frijol rojo
26.125889,86.550794,6.000976,sandía
33.197152,60.065349,7.642448,frijol urad
28.278043,93.647613,6.095261,coco
25.758542,60.533280,7.407038,lenteja
29.873775,93.259482,6.448518,melón
29.628007,90.100516,6.075144,melón
18.892159,74.337008,6.110959,maíz
26.506114,83.920083,6.264504,arroz
28.122311,51.458800,4.709447,mango
24.906770,53.689403,6.314153,café
23.351127,91.394411,7.405904,naranja
23.962814,48.069236,6.698868,frijol de palo
25.915616,90.615336,5.879547,coco
26.461660,94.714873,6.167232,coco
27.519198,51.364048,6.104548,frijol moth
19.470614,23.776572,5.570798,frijol rojo
24.790401,92.752086,6.785390,papaya
19.806365,18.341977,7.354592,garbanzo
9.564426,80.528821,5.898469,uva
29.390843,92.012230,6.470466,coco
39.217019,92.861485,6.978438,papaya
30.864689,66.970162,6.380710,frijol de palo
27.428350,80.992590,6.131451,plátano
21.910410,65.216625,5.962001,lenteja
29.129293,88.178205,7.062180,frijol chino
26.733858,52.559040,6.211964,café
18.556488,68.935237,5.725689,maíz
17.508085,16.720137,6.856740,garbanzo
20.407358,16.337518,8.127243,garbanzo
18.635022,15.995416,7.490596,garbanzo
26.549864,72.891873,5.787268,maíz
29.060721,90.921915,6.027432,melón
23.946526,86.797805,6.751962,yute
27.955145,96.176637,5.531843,coco
36.678673,80.577155,5.760743,uva
21.122438,85.675740,6.082550,granada
28.765532,94.235554,6.295960,coco
17.336977,15.168571,6.712082,garbanzo
18.319104,36.553055,6.638740,frijol de palo
19.862282,21.541177,5.741633,frijol rojo
26.249282,54.286178,6.854011,café
23.737319,90.889205,5.569363,manzana
22.930832,94.515225,6.067517,manzana
26.031420,78.359762,6.242901,plátano
32.035172,51.994356,5.088834,mango
21.326689,80.345566,6.430936,arroz
17.966688,18.092240,5.613255,frijol rojo
25.058022,84.973237,5.738679,plátano
29.757506,88.469734,7.162378,frijol chino
27.641470,93.354759,6.501521,papaya
10.010813,93.676447,7.831304,naranja
25.560022,57.325385,7.436099,café
21.458813,94.659163,5.911011,granada
27.323926,94.846128,6.467529,melón
30.118730,60.116808,6.578715,frijol urad
23.936848,74.288938,6.787121,yute
29.308533,78.129440,5.820938,plátano
23.265872,90.619524,6.660792,papaya
25.151241,75.722442,6.224209,algodón
24.271031,90.941917,6.154857,granada
38.365135,81.966098,6.014786,uva
18.701728,35.376922,5.037151,frijol de palo
18.460077,62.340411,6.030369,maíz
29.891291,80.144872,7.120032,frijol chino
18.253351,14.629368,6.586728,garbanzo
25.181987,84.813494,6.182092,plátano
25.634323,80.268139,6.192281,sandía
19.726205,89.649342,6.910375,granada
29.067056,76.114146,5.633753,plátano
29.646343,66.465249,6.502238,lenteja
39.123875,82.204384,6.282497,uva
30.019317,46.045306,5.472833,frijol moth
26.628880,80.122675,6.911359,arroz
23.410225,76.438370,7.442217,algodón
32.821411,47.455538,4.755274,mango
27.641273,90.015064,6.759962,melón
18.369526,19.563810,7.152811,garbanzo
20.523350,14.338854,6.364988,garbanzo
33.142311,83.949791,5.883525,uva
25.446983,83.284552,6.925808,sandía
26.636349,84.431901,6.562689,sandía
23.378123,61.536521,5.910982,maíz
23.797461,74.829137,6.252798,maíz
22.000851,79.701235,7.455866,algodón
26.414121,80.122810,6.957403,arroz
29.065236,54.964053,5.321627,mango
22.041220,80.122675,6.019323,arroz
25.179709,68.891049,6.518528,lenteja
28.585465,91.892168,6.085682,melón
29.767664,87.549088,6.899023,frijol chino
28.883021,50.123238,5.709512,frijol de palo
26.054330,79.396545,5.519088,plátano
22.956041,82.337337,6.360812,algodón
34.164389,54.164823,4.954740,mango
23.438896,73.068571,7.095641,yute
29.595129,92.494596,6.627733,melón
22.928887,93.444247,5.857995,manzana
20.824845,17.850571,7.599280,garbanzo
35.399863,49.459626,6.166174,mango
26.395947,77.027643,7.176679,yute
17.444838,18.790770,5.955026,frijol rojo
29.336441,77.396399,5.653553,plátano
19.364255,83.360940,5.980599,uva
23.357232,55.187922,6.026287,café
23.262376,72.331255,5.798424,maíz
26.700159,83.033012,6.015824,yute
24.591096,85.370636,6.397355,sandía
24.946801,83.231320,6.330254,uva
25.426516,71.873319,6.012191,yute
37.642402,94.797088,6.677736,papaya
27.826843,87.166791,6.389882,frijol chino
27.827487,92.590745,6.184056,melón
25.989049,83.893794,7.675827,arroz
27.240037,52.234075,5.490184,mango
29.559951,78.008212,5.505394,plátano
25.321410,81.731461,7.472859,algodón
19.265556,18.991601,7.803797,garbanzo
40.766126,94.548662,6.993473,papaya
18.973020,19.773423,7.446257,garbanzo
28.373840,83.672228,6.283958,frijol chino
19.122379,69.041765,6.755756,maíz
23.898298,46.699355,6.573748,frijol de palo
38.041673,82.279566,6.183807,uva
23.746281,59.144147,6.050537,café
31.172823,45.713540,6.775317,frijol moth
22.748434,20.882736,5.901974,frijol rojo
29.830881,93.791479,6.156085,melón
24.715010,75.347137,7.700314,algodón
30.026299,67.888116,7.261543,frijol urad
24.897282,80.525861,6.134287,arroz
25.726689,81.861716,6.626504,yute
28.862671,94.811002,6.189012,coco
17.473570,16.739790,6.903021,garbanzo
21.386918,92.672545,6.193154,manzana
19.000812,21.235369,5.887473,frijol rojo
23.569605,50.563397,6.906125,café
25.070954,90.266036,6.798952,naranja
28.647931,99.683662,6.251279,coco
28.234829,69.315996,6.313284,lenteja
23.010143,91.117642,6.708890,naranja
28.174327,81.045548,6.828187,frijol chino
22.812265,86.342338,6.276039,granada
26.373431,84.040638,7.503612,arroz
25.293915,79.291222,5.614471,plátano
20.108020,19.969789,7.237442,garbanzo
30.018665,42.101394,6.400761,frijol de palo
25.025894,55.510229,5.754815,maíz
23.285498,22.522173,5.842269,frijol rojo
29.172209,92.214052,6.293486,melón
29.018868,93.117056,6.350022,melón
25.736892,69.888764,6.827896,maíz
25.303016,68.593527,6.516989,café
13.687416,80.610664,6.293295,uva
22.891822,93.197148,5.825287,manzana
28.729897,85.637331,6.450405,frijol chino
25.585540,62.158354,9.258142,frijol moth
25.915270,92.244897,7.442710,naranja
24.668437,91.113733,7.069063,granada
17.128688,18.692566,5.964849,frijol rojo
31.463155,34.574029,5.718590,frijol de palo
32.292727,53.402860,4.708440,mango
28.429670,60.251972,7.163963,frijol urad
19.343732,46.645433,6.423352,frijol de palo
27.601955,63.461707,5.916454,lenteja
20.325953,59.691357,6.898618,maíz
19.541698,16.042749,6.555468,garbanzo
30.802170,58.242803,5.943365,frijol moth
22.150606,62.362569,6.369383,lenteja
21.985608,24.873048,5.852047,frijol rojo
23.973333,86.436792,6.113619,granada
25.031416,79.186380,7.337745,algodón
28.199121,53.505676,8.709292,frijol moth
24.746313,88.308663,6.581588,sandía
24.606828,82.617690,6.218058,sandía
27.376596,63.939278,6.155916,lenteja
37.035519,91.794302,6.551893,papaya
26.457078,56.402263,5.993514,frijol moth
26.521028,81.381663,6.224226,plátano
25.429009,82.914818,6.828983,sandía
31.675238,67.657063,7.098367,frijol urad
26.220557,85.185841,6.486813,sandía
29.220754,94.242276,6.002927,melón
28.410113,60.146681,6.185868,lenteja
32.597440,91.226401,6.504779,naranja
27.982020,60.871644,4.558646,frijol moth
18.438149,16.784668,8.772431,garbanzo
25.218624,84.976350,6.134705,plátano
25.701967,61.334504,6.960358,maíz
39.365406,94.320164,6.546194,papaya
27.789125,53.968867,5.643710,mango
27.734297,94.448988,6.325745,naranja
24.644695,44.964426,6.019636,frijol moth
24.293569,77.441330,6.201611,yute
17.140429,20.066279,5.552966,frijol rojo
24.962732,85.840366,6.721466,granada
24.060445,81.490029,7.492679,arroz
26.818571,88.007230,6.573556,sandía
15.398149,21.210363,5.828774,frijol rojo
18.374163,90.839039,6.130806,granada
21.723831,80.238990,6.501698,arroz
24.284357,91.409420,7.095955,granada
28.565997,66.279528,7.369096,frijol urad
25.260527,90.311537,6.822282,naranja
29.789504,96.362791,6.368276,coco
30.102708,64.556784,8.577709,frijol moth
17.061045,23.772015,5.864430,frijol rojo
37.434608,94.527664,6.677002,papaya
28.079450,84.840864,6.590660,frijol chino
23.696720,79.309518,7.746739,algodón
19.152732,68.539884,6.689970,maíz
27.383266,55.892756,6.322349,café
20.486821,80.568033,6.453184,uva
22.180285,62.051930,5.818121,maíz
28.171709,57.306740,8.397651,frijol moth
21.645787,94.664018,5.955822,granada
22.272881,80.628884,5.976036,arroz
25.500195,57.021393,7.094413,café
10.786898,91.384119,6.819827,naranja
32.648162,45.268509,6.037285,mango
28.076445,76.055221,5.905495,plátano
26.866957,91.913766,7.440902,naranja
20.016299,16.517170,6.820938,garbanzo
25.505153,71.918168,6.053540,yute
21.653324,93.158644,6.028803,manzana
25.831028,91.493566,5.856125,coco
22.659346,83.639660,5.754534,uva
19.178844,62.245822,5.747011,maíz
27.577496,62.633787,6.132404,café
19.990192,20.412163,5.784019,frijol rojo
28.918557,89.278872,6.412520,frijol chino
25.496748,81.134491,6.691074,yute
29.614733,56.686323,7.037070,frijol moth
29.193787,91.462411,6.660955,melón
27.378658,55.726274,7.132044,café
28.279251,81.780263,7.049079,frijol chino
23.966267,57.048996,6.384892,café
27.763707,69.564492,7.116341,frijol urad
13.272507,91.458784,7.252497,naranja
24.534600,66.997654,7.482414,café
23.489315,77.651279,7.234770,algodón
24.827244,81.286285,6.650453,algodón
24.620446,67.162432,7.482134,café
26.340011,80.291547,6.155370,arroz
28.998599,90.473337,5.721717,coco
20.486478,38.568648,4.779205,frijol de palo
21.380195,84.969072,5.713806,arroz
22.299122,91.265752,7.736628,naranja
25.856494,83.638816,7.383008,yute
27.510061,50.666872,6.983732,café
23.391282,61.744272,5.871648,maíz
29.593528,92.937959,6.160704,melón
25.446891,58.553636,6.164963,frijol moth
25.498482,79.975158,7.306919,algodón
31.776817,69.018529,7.296972,frijol urad
27.233974,82.957864,5.701561,plátano
29.971283,46.701363,4.679452,mango
28.447100,83.639672,6.219165,uva
26.401725,84.985920,6.543717,sandía
24.399883,22.735480,5.630676,frijol rojo
22.598902,93.163439,7.058223,granada
28.799809,94.598439,6.687581,papaya
21.954768,94.601573,6.206835,manzana
19.295035,18.105106,8.452299,garbanzo
17.091042,18.251421,7.785039,garbanzo
22.331871,92.673972,5.654675,manzana
24.982875,66.895409,6.379881,lenteja
25.123082,89.352619,6.501221,sandía
10.218110,83.482982,6.161718,uva
24.153042,78.829634,6.191442,yute
28.768174,62.561282,7.841496,lenteja
25.101762,95.589111,5.978984,coco
28.400030,87.907161,6.610022,frijol chino
23.787560,74.367941,6.014572,yute
26.438644,69.865873,6.793795,maíz
28.637958,79.423532,5.687930,plátano
26.388608,91.310458,5.552478,coco
31.881504,54.870298,5.397916,frijol moth
34.879434,51.510977,5.134074,mango
21.861176,24.880781,5.849971,frijol rojo
29.120369,80.180807,5.908770,plátano
29.257747,92.730598,6.083116,melón
25.010185,78.762609,5.760458,plátano
16.450459,94.667774,6.480526,naranja
19.407643,17.012810,6.516134,garbanzo
18.945646,69.584896,5.769900,maíz
13.429886,80.066340,6.361141,uva
24.247951,57.511128,5.653735,frijol moth
29.983647,94.552397,7.533509,naranja
24.645895,78.190663,7.148189,yute
20.969516,93.078611,5.661191,granada
29.245990,84.800841,6.991242,frijol chino
23.059519,50.585437,7.015456,café
19.197986,17.203877,6.625795,garbanzo
31.182984,90.216469,6.734006,papaya
26.439768,98.349986,6.012856,coco
23.289296,82.501631,6.406538,uva
24.524841,82.801033,6.742719,arroz
28.722494,82.477602,6.244748,plátano
25.627642,63.569448,6.583821,maíz
23.456953,60.612932,6.713906,café
16.881304,19.808254,5.528663,frijol rojo
28.895786,94.789930,6.286515,melón
23.033789,76.070356,6.804516,algodón
43.675493,93.132194,6.600403,papaya
25.892204,61.811436,7.262505,frijol urad
24.991931,60.487747,5.958299,maíz
24.508588,82.626538,6.517985,yute
28.674088,63.188330,7.299361,lenteja
24.851385,60.836828,7.186947,lenteja
25.671518,93.091097,6.969902,papaya
26.730724,81.785968,7.868475,arroz
19.446231,89.021270,5.627186,granada
18.444902,24.124333,5.683448,frijol rojo
10.597761,83.444551,6.165430,uva
34.445281,90.292384,7.796187,naranja
27.729419,62.993263,7.311571,lenteja
26.794617,80.290014,6.173073,plátano
25.379123,82.249672,6.353408,sandía
19.527808,90.679988,6.906727,granada
27.647179,57.624038,6.153533,café
18.384588,69.486197,7.580564,lenteja
22.830517,76.430973,6.608516,algodón
27.941263,83.014022,6.064956,plátano
20.979960,81.553242,5.921784,uva
24.290912,80.128792,7.071443,arroz
27.837741,63.375520,5.962573,lenteja
28.391600,91.915004,5.551861,coco
27.821311,82.936627,5.724652,uva
23.401551,55.692948,6.068257,café
23.394440,91.792076,7.570899,naranja
27.721618,79.466475,6.490074,plátano
26.045395,84.524627,6.112068,plátano
25.226765,83.627063,6.329788,yute
20.843971,65.481301,6.672361,maíz
27.988931,90.949277,6.588392,melón
23.298338,93.516211,6.931462,papaya
25.094740,80.451355,6.871903,sandía
24.901239,87.207729,6.744966,sandía
22.422981,92.089086,6.274721,manzana
24.959253,66.028025,6.501206,maíz
33.234533,91.060539,7.825532,naranja
24.072955,57.377003,5.314559,frijol moth
19.420506,24.252548,5.679729,frijol rojo
27.624902,94.170417,5.577795,coco
35.918876,80.599184,6.129404,uva
22.766263,91.336268,6.063518,manzana
31.562138,93.048486,6.506121,papaya
20.516341,63.441309,6.664736,maíz
22.458423,81.577185,6.861474,algodón
27.726725,63.693009,7.526891,lenteja
24.227318,84.081986,6.599861,sandía
25.560099,81.513462,6.205309,algodón
28.219399,81.431956,5.805745,plátano
25.063061,83.383202,6.373947,sandía
19.558662,89.281717,5.652951,granada
27.131404,52.893683,6.081173,café
23.199715,74.170926,6.426585,yute
29.399687,66.853613,6.568089,frijol de palo
24.951652,87.277936,6.558591,sandía
19.719389,63.281423,7.659659,lenteja
26.943652,42.727245,8.510064,frijol moth
29.091304,91.625052,6.759934,melón
16.368692,21.581701,5.607049,frijol rojo
13.568308,93.995357,6.320339,naranja
29.453567,45.650403,5.655345,mango
26.735062,55.551648,6.119892,café
25.491643,63.176204,6.634637,lenteja
38.490712,80.146567,6.499605,uva
29.510662,92.557349,6.425882,coco
19.332955,24.652178,5.694109,frijol rojo
27.240776,92.164356,6.158282,coco
24.405867,85.964823,6.300754,granada
22.193442,59.854007,6.927667,maíz
27.030724,50.969980,5.100009,mango
41.549450,81.132146,5.609812,uva
25.267519,61.667742,9.633555,frijol moth
25.015704,93.100992,6.770953,papaya
29.074357,94.566781,6.669013,papaya
26.626710,80.182965,6.339270,arroz
38.304650,91.328559,6.756107,papaya
20.114500,80.937687,6.491663,uva
26.245575,80.759998,7.070409,yute
28.333333,51.395865,6.434198,mango
25.367684,72.520546,6.606984,maíz
36.436724,92.089384,6.572580,papaya
30.967233,90.472398,6.715746,papaya
26.213128,81.704764,6.667633,yute
28.247660,88.848608,7.097690,frijol chino
26.413125,65.305554,6.493830,café
24.404964,79.235117,7.193611,algodón
23.710591,93.273924,5.658474,manzana
28.437061,91.051954,6.167254,melón
21.708442,82.681565,6.221091,arroz
21.578747,80.479315,6.396892,uva
25.377550,83.533466,7.146207,arroz
35.121583,82.268908,5.550832,uva
25.447878,91.650875,5.716666,coco
25.536301,51.324610,6.879415,café
42.475381,94.675293,6.687916,papaya
22.901901,90.723591,5.629048,manzana
26.706157,88.259091,6.421502,sandía
21.476078,38.800237,4.962661,frijol de palo
18.912512,87.749385,6.608024,granada
26.905474,40.613944,4.680618,frijol de palo
25.124177,85.725306,6.348441,yute
27.148613,96.470284,5.592494,coco
28.144485,82.119305,7.064782,frijol chino
29.761676,95.229179,6.354551,coco
27.984936,83.167504,6.340303,plátano
27.024151,93.498001,6.751813,melón
29.998674,91.274435,6.744580,papaya
25.567030,75.940677,5.590236,plátano
24.800203,94.082467,6.673417,papaya
23.236662,63.330788,6.430365,maíz
19.701584,24.968153,5.948391,frijol rojo
29.300364,86.360408,6.372161,frijol chino
36.677444,93.246449,6.981501,papaya
33.834724,48.472916,6.796458,mango
27.913856,67.976587,7.043576,café
23.105001,52.400290,6.970831,café
20.507418,83.978533,6.974881,arroz
26.923600,77.528073,7.146572,yute
34.280461,90.555616,6.825371,papaya
24.987204,86.394337,6.203835,sandía
23.722032,93.631605,6.161869,manzana
25.261812,80.408520,7.880119,algodón
40.512750,90.247404,6.527188,papaya
20.640317,15.831964,7.966625,garbanzo
24.678433,18.360168,5.585619,frijol rojo
24.976085,89.169295,7.032760,yute
27.522569,89.126584,6.704362,frijol chino
33.811410,53.045429,6.455027,mango
15.330426,21.460118,5.813404,frijol rojo
27.520924,92.869806,5.857743,coco
27.334411,80.894581,6.910441,frijol chino
14.780030,91.220621,6.118430,naranja
16.922827,94.713881,6.962977,naranja
30.416234,52.639747,6.575705,mango
21.095611,85.416198,6.139091,granada
30.874069,46.323596,9.494289,frijol moth
18.819054,58.247758,5.704575,maíz
27.361330,63.158610,6.522421,frijol urad
31.529149,52.491397,9.322102,frijol moth
24.353858,87.442225,6.082529,sandía
27.027661,83.170939,5.833302,uva
18.361320,15.426048,7.331033,garbanzo
27.267599,88.803042,7.016545,frijol chino
24.035297,59.086974,5.678663,maíz
28.308316,91.568655,5.526169,coco
27.552930,58.256573,6.789760,café
29.779062,68.472480,6.886098,frijol urad
25.974908,82.267854,6.300636,sandía
24.302878,89.040287,7.087068,granada
28.642630,97.731626,5.844577,coco
30.288279,93.172436,6.578056,papaya
32.239348,66.784374,7.177360,frijol urad
26.344137,82.353333,6.299428,plátano
20.178461,34.445394,5.699947,frijol de palo
22.921334,90.707117,5.589938,manzana
28.375363,80.883510,5.552281,uva
26.786411,87.565893,6.530566,sandía
29.591287,94.610556,6.209139,melón
25.110143,78.323886,7.381991,algodón
25.619180,94.445909,5.800612,coco
21.326171,83.406909,6.012908,arroz
23.654702,80.761729,5.241861,arroz
18.238451,55.790089,6.243675,maíz
26.121025,79.533596,5.543438,plátano
24.863282,86.947333,6.249602,sandía
26.566083,94.452397,6.285313,naranja
28.115379,90.017345,6.442208,coco
16.186331,20.826005,5.599206,frijol rojo
24.450440,90.187576,6.802297,naranja
18.686145,17.534710,8.089602,garbanzo
27.351526,55.993750,7.134114,café
24.171049,56.831421,6.156067,frijol moth
22.768204,90.483432,5.645080,manzana
20.450786,15.403121,5.988993,garbanzo
31.206772,47.285956,6.491692,mango
23.605640,79.295731,7.723240,algodón
33.344704,53.977866,4.792408,mango
18.522443,71.376416,5.710303,maíz
25.971061,93.076911,6.078592,coco
25.576343,77.999683,6.811741,algodón
22.914728,90.762620,5.614958,manzana
31.130405,49.565063,3.519978,frijol moth
27.900330,92.674181,6.511149,melón
28.797281,80.457444,6.725551,frijol chino
21.542037,63.610945,6.232109,lenteja
35.840168,93.622055,6.557883,papaya
25.361405,46.826528,9.160692,frijol moth
31.893563,49.024501,6.484152,mango
22.305426,91.075326,6.666728,naranja
24.923601,18.225908,5.582178,frijol rojo
28.009374,52.609500,4.397699,frijol moth
17.024985,18.284862,7.738731,garbanzo
28.077388,45.404276,4.852198,frijol de palo
17.480426,15.755940,7.228963,garbanzo
26.412927,94.571004,6.167955,coco
24.549829,68.594101,6.605759,lenteja
22.084862,63.625272,6.274486,lenteja
20.954162,67.641838,6.590619,lenteja
20.273171,63.912819,6.439072,maíz
30.231709,92.757657,6.993473,papaya
29.179037,90.677334,5.895201,coco
24.018254,61.713872,7.074039,frijol moth
23.303288,52.062703,6.927182,café
32.584443,94.341717,6.768827,papaya
27.359116,84.546250,6.387431,plátano
31.940163,54.875878,4.899142,frijol moth
22.608010,94.589006,6.226290,manzana
23.198182,52.995311,7.175179,café
29.847985,46.915080,4.631873,mango
29.766219,91.127734,6.338703,melón
29.160934,76.674842,5.618094,plátano
21.381827,92.987560,5.858414,manzana
25.536761,81.136687,6.753978,algodón
21.105052,19.916100,5.736738,frijol rojo
29.716086,68.960160,6.787531,frijol urad
18.153002,19.386021,5.509295,frijol rojo
26.534487,84.567345,6.534071,sandía
29.122580,92.193110,6.406087,melón
30.148931,92.255905,7.205840,naranja
34.669744,45.927537,7.425230,frijol de palo
23.814722,81.359632,7.524740,arroz
27.225089,91.888847,6.145341,coco
21.562200,80.814238,7.000160,arroz
24.502017,82.782797,6.747676,arroz
26.024890,91.336110,5.844970,coco
26.294655,84.569193,7.023936,arroz
30.571525,46.718097,6.280023,mango
25.319135,60.850486,7.216482,lenteja
28.217617,45.437183,6.108704,frijol moth
36.909721,93.652216,6.891898,papaya
25.138428,83.120539,6.386260,yute
17.945647,17.646989,7.643110,garbanzo
16.185041,82.896758,6.499605,uva
28.918620,48.139745,5.075505,mango
29.299574,81.360679,5.735498,plátano
34.045108,49.085122,7.195288,frijol de palo
17.543830,82.947033,6.323723,uva
23.212315,46.841412,7.389932,frijol de palo
25.232844,81.072686,6.319164,uva
32.445778,83.885049,5.896343,uva
24.645228,70.358103,5.695485,maíz
27.556337,86.384752,6.567928,frijol chino
23.078077,90.874875,6.456144,naranja
28.350036,82.773748,5.676253,uva
24.228057,56.007083,5.840216,frijol moth
19.554978,21.431099,5.797196,frijol rojo
26.833640,73.035101,7.007405,yute
31.927320,36.035568,6.677560,frijol de palo
23.106938,67.062305,6.787659,café
25.908751,89.107342,6.776843,sandía
19.990058,24.938910,5.681178,frijol rojo
27.591604,94.783064,6.379280,coco
19.913305,94.950314,6.828522,granada
22.365094,92.308824,7.175344,granada
29.308299,81.582595,6.945720,frijol chino
30.003635,68.086659,7.220708,frijol urad
34.931878,82.810373,6.365044,uva
19.298654,86.774816,7.069809,granada
23.433642,91.722607,5.595719,manzana
28.051296,94.737673,6.337187,melón
23.844323,83.707648,6.063137,yute
26.793065,99.678245,6.307767,coco
19.059606,20.286458,5.546338,frijol rojo
15.467893,21.437807,5.824208,frijol rojo
19.321039,23.184719,5.594678,frijol rojo
34.999662,92.535918,6.848708,papaya
24.862616,73.913078,6.659092,maíz
22.822192,82.852995,6.010377,arroz
18.221895,91.060989,6.606444,naranja
27.815896,97.047992,6.466831,coco
25.337878,57.257880,5.953707,maíz
38.635984,94.101389,6.587098,papaya
30.816301,49.865845,6.865378,mango
28.604044,83.328556,6.948896,frijol chino
25.769474,84.178530,6.615396,algodón
27.154255,84.200240,5.830262,plátano
19.650892,62.222325,5.677425,maíz
25.834720,80.026213,6.187920,sandía
20.570861,69.021553,6.524390,maíz
29.341049,94.603845,6.409955,melón
24.396627,81.620263,6.706223,algodón
24.043558,83.779323,6.403681,sandía
11.650021,91.262871,7.203796,naranja
23.094338,78.717216,7.099470,yute
25.598962,63.811026,7.704515,frijol urad
25.396177,83.390191,6.183031,algodón
34.021657,64.355329,7.699845,frijol urad
31.999286,53.597508,5.085108,frijol moth
25.719013,79.155324,7.171054,yute
33.880048,54.394160,6.273954,mango
29.548493,95.299318,6.306772,coco
25.802923,80.026213,6.184442,sandía
18.071330,92.878390,5.837081,granada
31.521047,66.557237,7.580527,frijol urad
23.739486,83.655993,5.948952,arroz
32.178309,51.261337,6.450742,mango
19.882068,21.021692,5.816779,frijol rojo
19.983715,90.124398,6.410388,granada
29.192782,92.024237,6.336340,melón
23.912449,67.630937,6.341191,café
36.651660,33.662333,5.751392,frijol de palo
28.869651,88.969311,6.394496,frijol chino
24.118541,56.142205,6.084309,frijol moth
19.656901,89.937010,5.937650,granada
19.622078,18.671709,5.809420,frijol rojo
32.311634,90.774937,6.910690,papaya
26.247749,73.418643,7.133576,yute
29.892866,66.353751,6.931925,frijol de palo
26.966564,78.210477,6.239011,yute
29.151509,92.005398,6.028255,naranja
25.342171,63.318020,6.330554,maíz
23.380783,80.252721,7.300783,yute
23.711612,68.029831,6.478706,lenteja
29.637440,63.807557,5.709639,frijol moth
18.717344,17.542910,8.082585,garbanzo
22.240139,81.605684,6.727298,algodón
35.478417,47.984998,6.277858,mango
29.025397,93.227765,6.756734,papaya
31.118945,47.369379,4.507524,mango
28.469995,91.448564,6.171576,melón
24.145168,53.753778,6.856855,frijol moth
19.140958,24.646378,5.693886,frijol rojo
24.131056,68.366555,6.353524,café
25.739497,94.684386,5.756794,coco
26.206881,85.389736,6.503859,sandía
23.505461,93.224512,6.727272,granada
29.072653,91.915332,6.341401,melón
28.649708,53.746198,9.662045,frijol moth
38.903917,94.802029,6.566188,papaya
28.022612,53.709612,5.586714,mango
26.971058,86.609485,6.773766,sandía
29.957747,91.120874,6.755516,papaya
23.996862,91.610017,5.824779,manzana
19.504373,18.438868,8.330196,garbanzo
21.354995,62.601363,5.925392,lenteja
29.526394,34.555131,5.662083,frijol de palo
32.902790,47.739749,5.433275,mango
19.259754,20.513470,5.542690,frijol rojo
30.201572,60.065349,7.152272,frijol urad
26.196950,59.238817,6.144392,maíz
29.145766,80.823894,5.755291,plátano
30.718251,58.291069,5.870745,frijol moth
22.508421,88.330417,6.832116,granada
28.681262,94.175958,6.002927,melón
22.899962,75.195570,6.157949,algodón
19.398517,62.357506,5.696205,maíz
17.170702,17.417942,6.319465,garbanzo
36.662211,92.989316,6.993473,papaya
26.166580,77.050314,7.203340,yute
28.578200,92.865974,6.212567,melón
25.714190,88.458357,7.326331,yute
20.971953,63.831799,7.630424,lenteja
23.030306,74.279357,5.897039,maíz
25.084244,68.405770,6.594919,maíz
22.779350,56.228821,5.878846,maíz
20.775401,87.066777,6.976583,granada
18.910335,90.141041,6.753106,granada
20.313872,94.624665,6.911461,granada
23.721116,60.498377,6.730927,café
22.766430,92.124385,6.442289,manzana
23.314104,71.450905,7.488014,yute
29.136375,94.938789,5.550164,coco
26.054499,90.667406,6.645384,papaya
30.800575,58.128680,6.048727,frijol moth
31.398170,92.960893,6.526444,papaya
23.126459,76.367986,6.572246,yute
21.613346,60.393485,6.708163,maíz
11.775106,81.276143,6.394648,uva
29.678925,69.085455,6.808042,frijol urad
30.054432,67.690681,7.266972,frijol urad
15.238268,94.281842,7.571248,naranja
25.235619,89.027218,6.432313,sandía
27.656818,55.815039,8.187535,frijol moth
26.312706,98.620480,5.804965,coco
28.086244,77.954924,5.630101,plátano
31.883426,91.325654,6.524459,papaya
27.069686,60.530306,6.473813,café
23.502228,51.290195,4.760038,frijol de palo
28.071653,48.381043,6.356264,mango
16.246191,94.698552,6.523959,naranja
29.123156,82.119494,6.892220,frijol chino
30.412358,52.481006,6.621624,mango
22.891676,94.390776,6.110902,manzana
24.204707,83.947359,6.532512,sandía
27.906687,97.296454,6.457643,coco
29.150565,45.896134,5.661221,mango
34.591785,92.132298,6.730758,naranja
28.295396,53.161122,6.967418,mango
30.809438,49.664079,5.769951,mango
18.820225,16.107479,8.204862,garbanzo
32.472098,83.771798,5.577901,uva
24.507013,80.395143,6.367558,algodón
26.172147,85.768068,6.544779,sandía
34.906653,93.169570,6.907997,naranja
35.636273,48.970478,6.942520,mango
18.378960,66.389831,6.848900,maíz
19.011553,15.061774,7.127126,garbanzo
23.438159,73.960400,6.625936,yute
26.891406,47.933039,6.121650,frijol moth
29.690014,52.254343,5.201988,mango
22.850821,78.672041,5.999993,algodón
31.970648,50.815704,5.273820,mango
29.328435,68.124292,7.456648,lenteja
20.677832,19.864538,6.474264,garbanzo
24.675041,82.029084,6.721046,algodón
32.347440,66.614528,7.551364,frijol urad
31.204606,94.944821,6.599829,papaya
23.004459,82.320763,7.840207,arroz
26.832377,87.774321,6.400502,sandía
29.398876,46.452621,4.985920,mango
19.233744,14.961290,6.321898,garbanzo
25.189151,72.348519,6.275454,yute
27.308507,67.820491,7.775306,frijol urad
19.665512,60.826499,6.780394,lenteja
29.957273,61.074813,7.805102,frijol moth
30.372500,48.806324,5.757153,mango
27.488072,54.288152,6.857095,café
25.563903,60.684635,7.414857,lenteja
32.567077,52.309369,5.848886,mango
28.272981,96.936495,6.070718,coco
18.087749,93.287170,5.803339,granada
27.936909,91.205000,6.451687,melón
24.200722,66.755498,6.318379,café
28.952117,93.782788,6.492825,melón
18.043710,83.383395,5.955334,uva
20.096538,57.623523,4.833696,frijol de palo
18.545520,68.194444,7.026714,lenteja
19.692694,91.400253,6.484436,granada
25.254281,84.506671,6.447699,plátano
27.980447,66.512292,4.679756,frijol de palo
20.622406,14.258040,6.644529,garbanzo
26.708975,69.711841,6.861235,café
18.129965,90.006217,7.050819,naranja
27.396540,91.430636,6.705573,papaya
23.438828,72.046330,6.651856,maíz
23.107107,72.528187,5.840411,maíz
26.220060,80.901270,6.093815,sandía
26.848822,89.542978,6.502100,sandía
19.964122,60.787099,5.693167,maíz
18.635908,89.211970,6.881218,granada
21.254336,92.650589,7.159521,granada
29.585683,66.218282,7.450449,frijol urad
22.461180,92.421422,6.353964,manzana
28.630055,66.770943,7.353877,frijol urad
22.617116,93.519784,5.904026,manzana
33.561502,45.535566,5.977414,mango
11.394699,93.983440,7.867991,naranja
11.163853,91.716666,6.872967,naranja
29.588816,89.993969,6.904587,frijol chino
29.839837,86.275404,6.594653,frijol chino
23.526521,65.443409,6.392792,café
19.966271,81.516483,5.879565,uva
26.545836,81.054206,5.882970,plátano
33.188172,44.423563,7.392204,frijol de palo
10.380048,83.445181,6.138959,uva
27.705837,92.911857,6.194090,melón
29.872651,93.942384,6.276890,melón
33.200823,63.006326,6.643455,frijol urad
27.538085,90.759081,6.577128,papaya
29.821121,69.407321,6.593798,lenteja
26.359272,84.044036,6.286500,arroz
29.440215,94.865005,6.177799,melón
27.038975,55.389470,6.921129,café
19.822431,86.027569,6.042468,granada
29.549607,88.457902,7.182275,frijol chino
25.373168,93.307461,6.749984,papaya
23.664106,94.406176,6.478699,manzana
23.276870,90.876405,6.089412,manzana
30.417902,52.643051,6.667665,mango
25.052679,78.719685,5.745470,plátano
26.884449,81.460337,6.136132,arroz
22.498010,81.171620,6.444958,algodón
22.035352,24.834139,5.861250,frijol rojo
18.319104,34.697766,4.964888,frijol de palo
25.595020,83.539997,7.182884,arroz
25.769490,84.918976,6.024274,arroz
19.819463,16.681316,6.791746,garbanzo
22.175000,62.138738,6.410441,lenteja
29.621736,90.337142,6.840051,papaya
24.414318,67.419389,6.496941,maíz
23.012402,94.492092,6.744412,papaya
19.621636,81.520313,5.800641,uva
17.574456,16.718266,8.255451,garbanzo
24.706474,51.248133,7.251915,café
24.039040,82.542692,6.461035,uva
26.929951,81.414384,6.168166,arroz
30.268523,53.065882,5.124764,mango
35.922384,51.702551,5.308474,mango
23.473651,82.003435,6.660463,algodón
22.000851,81.661232,7.739309,algodón
24.320204,85.129122,5.851797,granada
25.136045,83.094341,5.608425,plátano
23.839307,89.612426,6.606284,granada
24.510196,85.972072,6.280875,granada
28.032956,83.983127,6.574005,frijol chino
23.817988,21.717589,5.518242,frijol rojo
23.896631,74.676388,6.266019,maíz
27.956208,63.094469,7.631752,lenteja
25.303198,83.514095,5.822601,algodón
29.574993,65.713434,7.411434,frijol urad
20.566028,58.948638,5.561237,maíz
25.097374,67.728379,6.859409,frijol urad
20.406400,58.858399,6.690842,frijol de palo
23.551015,90.318853,5.689589,manzana
24.931566,80.407360,7.738024,arroz
17.155899,82.696659,6.096488,uva
31.100625,44.820692,7.354287,frijol moth
20.587530,19.952728,5.733042,frijol rojo
29.943492,90.623191,6.651333,melón
28.927501,81.783449,6.522388,frijol chino
27.681673,94.473169,7.199106,naranja
25.869282,61.883211,7.072923,lenteja
24.070572,58.488230,7.304006,café
28.110310,91.701644,6.537070,melón
28.018958,64.863810,3.621202,frijol moth
23.541848,60.758674,5.992878,maíz
25.145176,81.382041,6.098369,plátano
22.782496,77.512350,7.238567,algodón
25.856024,82.549042,6.393876,sandía
18.169499,63.034076,6.283593,maíz
21.012454,81.179319,6.119495,uva
25.951518,78.546854,6.199857,plátano
27.134638,96.602635,6.004570,coco
23.780512,83.038788,7.827878,algodón
26.438821,76.849287,7.187305,yute
28.718568,86.793272,6.995612,frijol chino
27.735695,52.182343,4.884480,mango
25.098977,92.360995,6.047044,coco
25.568713,93.812664,6.740787,papaya
19.968375,15.573244,8.135901,garbanzo
28.043582,84.254380,5.626926,plátano
31.490573,90.145334,6.748082,papaya
23.738055,93.046806,6.041095,manzana
31.701837,91.662322,6.953439,papaya
22.366293,90.785725,5.739652,manzana
28.232546,82.158953,6.434142,frijol chino
18.985567,74.011693,6.022085,maíz
28.338253,43.168902,4.400217,frijol moth
25.918302,83.312343,6.929293,sandía
27.093120,43.529240,3.504752,frijol moth
26.502726,81.364453,5.563803,plátano
21.983952,93.247516,5.796103,manzana
37.858774,82.096965,6.005630,uva
22.498857,21.531618,5.957026,frijol rojo
24.370066,82.782463,7.423637,yute
18.544487,90.006217,7.030363,naranja
24.065852,60.091166,6.141169,lenteja
19.017839,14.841248,7.030116,garbanzo
24.168877,94.637065,6.425223,granada
24.700780,60.415800,6.072570,lenteja
23.389662,58.374740,6.525996,maíz
37.071175,91.999635,6.552385,papaya
23.359054,83.595123,5.333323,arroz
26.144611,80.313192,6.835389,sandía
17.267007,82.903045,5.605673,uva
26.587407,81.325632,6.932740,sandía
24.161401,80.301490,7.016782,arroz
19.242028,82.867419,5.822859,uva
25.961419,64.955854,4.147156,frijol moth
25.544137,53.024246,7.158003,café
28.776535,86.691340,6.983130,frijol chino
27.759142,91.797244,6.737303,melón
21.035987,81.907514,6.552687,arroz
20.606504,23.171204,5.984637,frijol rojo
22.079120,24.885422,5.861850,frijol rojo
20.552669,15.464259,7.115135,garbanzo
23.982650,56.490825,6.493296,café
18.683820,23.270708,5.521972,frijol rojo
24.879722,88.951903,5.718753,granada
32.869910,33.168105,4.806384,frijol de palo
24.321166,21.027867,5.821194,frijol rojo
22.093409,63.377990,6.177332,lenteja
23.871923,90.499390,5.882156,manzana
29.003539,62.767808,5.539102,frijol de palo
24.502754,89.305053,7.114928,granada
26.580393,90.639974,6.570491,papaya
23.669386,90.853845,5.624541,manzana
29.556575,90.709373,6.732834,melón
35.682707,52.901654,4.910601,mango
29.889525,63.420542,6.630833,frijol urad
28.220031,80.458565,5.778261,plátano
21.064368,55.469859,5.624731,frijol de palo
18.483124,23.247213,5.677279,frijol rojo
25.002450,60.091166,6.741102,lenteja
31.299863,92.760392,6.986229,papaya
32.467206,52.604329,5.854135,mango
27.313596,90.626443,6.153940,melón
24.370986,56.362432,6.995844,maíz
28.248134,93.713472,6.095609,coco
23.608387,94.498607,6.487017,manzana
30.870214,52.760508,6.861704,frijol de palo
25.296733,67.505791,6.873572,frijol urad
23.049205,75.538352,6.498052,algodón
22.433780,90.339656,6.107055,granada
18.208671,19.777698,6.926170,garbanzo
21.052536,82.678395,6.254028,arroz
33.643650,41.610123,7.445445,frijol de palo
28.853075,94.962187,6.315312,melón
27.162692,68.757738,6.333982,café
27.181147,41.599953,4.711089,frijol de palo
20.715582,17.744385,7.636432,garbanzo
27.980939,95.371878,5.972615,coco
29.787140,94.653435,6.327823,melón
26.581388,81.087103,6.928494,sandía
18.319104,35.713142,4.735427,frijol de palo
31.686563,83.983517,5.909527,uva
36.315071,91.396772,6.802099,papaya
29.662023,86.857560,6.654512,frijol chino
21.152885,63.472427,6.436925,lenteja
26.006926,83.874299,6.297178,sandía
27.777401,86.773776,6.404372,frijol chino
11.797647,80.863254,6.487370,uva
26.382855,81.261859,6.519264,sandía
28.840031,94.260498,6.216933,melón
27.017804,92.411471,6.102418,coco
22.697801,92.822234,5.534567,manzana
23.834199,93.452050,5.658239,manzana
27.086263,82.813318,5.734986,uva
24.424001,93.472384,6.914686,papaya
19.000193,88.989172,6.077514,granada
25.001851,66.065851,7.719019,lenteja
21.113967,91.952743,5.850075,manzana
26.479072,77.310746,6.269435,yute
29.439368,64.153777,7.476404,lenteja
18.319104,35.126768,4.862373,frijol de palo
24.861647,57.936147,7.235509,café
21.359003,91.085091,6.330857,manzana
27.415588,81.562137,6.433744,plátano
28.540436,94.723680,6.475853,melón
29.012475,93.270592,6.381532,melón
27.083249,93.355506,6.781050,melón
20.789093,92.887351,7.133902,granada
25.442964,76.227518,5.586928,plátano
25.563039,61.999087,7.079143,lenteja
35.990097,48.890836,4.535271,mango
30.475112,60.238459,6.527978,frijol urad
25.783965,57.098704,7.480826,café
25.187437,68.815566,6.416777,lenteja
29.377227,93.330329,7.337968,naranja
25.220389,83.914039,5.672052,plátano
24.822629,89.041753,7.021610,granada
23.303177,91.593952,6.293054,manzana
21.943575,62.050168,5.834899,maíz
29.944139,65.863500,6.904583,lenteja
24.865512,45.468471,5.907883,frijol moth
23.572097,94.777914,6.780623,granada
32.098549,45.336109,5.415599,mango
26.706078,81.141495,6.944640,sandía
30.721199,94.013320,6.011302,naranja
24.038448,84.876690,6.839417,algodón
30.828684,82.333093,5.975358,uva
19.221620,34.444346,5.654586,frijol de palo
23.862360,89.403752,6.517493,granada
17.745378,90.164104,7.032085,naranja
30.949082,64.233641,7.402892,frijol urad
33.106285,68.731516,7.117338,frijol urad
26.169820,81.664555,6.130361,plátano
17.883628,19.278041,8.548367,garbanzo
29.776240,83.373385,6.028703,plátano
26.549864,73.190537,5.894385,maíz
15.745905,80.148997,5.828962,uva
29.117422,92.482419,6.134843,melón
20.705173,18.187835,5.819871,frijol rojo
38.917265,94.939911,6.580545,papaya
26.701695,57.886908,6.762901,café
18.237757,21.076433,5.515615,frijol rojo
28.271678,82.777473,6.436450,frijol chino
23.978049,85.867585,6.780002,yute
24.270703,89.891065,7.100162,yute
21.073517,91.399014,6.279873,granada
20.627072,18.143301,5.851376,frijol rojo
18.663138,34.422100,5.051681,frijol de palo
24.623855,93.739615,6.317027,granada
24.456225,81.428209,6.725587,algodón
17.118101,18.446039,7.630065,garbanzo
25.876823,45.963419,5.838509,frijol moth
29.466305,62.893328,6.017497,frijol moth
30.979223,34.985573,7.048110,frijol de palo
18.383293,16.503341,8.747600,garbanzo
28.188371,82.606297,6.287380,frijol chino
25.310831,51.882934,4.637308,frijol moth
17.441006,16.784559,7.001984,garbanzo
29.680680,46.759273,4.908869,mango
27.578269,94.118782,6.776533,melón
25.028469,80.590175,5.479017,arroz
28.565046,94.083823,6.414063,melón
25.588024,80.875934,6.767160,algodón
28.387010,80.965700,7.055406,frijol chino
23.765047,93.539530,5.959215,manzana
28.479097,91.633487,6.122027,melón
35.834978,93.019836,6.993473,papaya
26.762393,59.699979,7.431434,frijol moth
30.574966,63.172579,6.877819,frijol urad
27.719490,94.438771,6.827306,papaya
35.328764,91.061385,6.678449,papaya
24.163161,90.210422,7.354705,naranja
25.793520,81.769040,6.352077,yute
21.011424,69.691413,5.111489,frijol de palo
20.906505,83.608571,6.960489,arroz
25.357239,64.094496,7.643840,lenteja
28.065219,83.393491,6.969525,frijol chino
25.930038,93.023578,6.964955,papaya
28.322772,95.863632,5.639669,coco
26.467234,87.444883,6.067474,yute
15.330426,21.230032,5.823062,frijol rojo
27.579324,68.696455,7.066282,frijol urad
27.816547,88.602315,6.315503,frijol chino
29.612531,63.047491,5.804286,frijol moth
27.966628,93.732639,6.417117,melón
25.974824,69.363857,6.822587,maíz
25.217348,83.808806,6.794938,arroz
25.360286,83.097848,5.560342,plátano
10.055606,80.016394,6.120785,uva
16.245515,80.840429,6.249558,uva
19.918979,94.998975,6.851815,granada
18.400401,21.192067,5.887969,frijol rojo
27.578476,58.525343,6.172090,café
26.527235,81.417538,5.386168,arroz
22.777403,18.800611,5.657927,frijol rojo
26.637366,55.796061,6.090997,café
16.433403,24.240459,5.926677,frijol rojo
27.707627,50.900955,6.298201,café
19.185119,50.469671,5.699053,frijol de palo
26.001119,82.317905,6.301745,sandía
18.879577,92.043045,7.813917,naranja
27.924586,79.698541,5.695893,plátano
36.053250,92.105938,6.537893,papaya
15.324665,81.672160,6.477768,uva
23.609995,59.660040,6.727425,café
25.821381,83.805362,6.703774,sandía
25.770972,60.558516,6.995844,maíz
25.001719,80.539658,7.256878,algodón
39.306988,94.129633,6.594104,papaya
11.517345,80.038481,6.427565,uva
24.131797,67.225123,6.362608,café
29.869083,91.237450,6.343067,coco
30.172941,51.084590,6.814630,mango
10.596533,80.146411,6.090583,uva
25.007551,78.179521,7.453106,algodón
25.358192,65.958685,5.716084,maíz
26.454887,93.450426,5.901496,coco
25.721009,88.165136,6.207460,yute
26.825317,88.455494,6.433944,sandía
30.224908,67.597938,6.709333,frijol urad
24.162980,76.483300,6.435813,algodón
24.491534,20.955193,5.678347,frijol rojo
26.170099,85.651974,6.495792,sandía
23.037600,81.511921,5.005307,arroz
20.837045,82.091917,6.370368,arroz
41.898489,82.859208,6.454482,uva
23.277620,67.983649,6.736994,lenteja
31.216300,46.018682,3.808429,frijol moth
27.281519,81.296156,6.880405,frijol chino
25.137359,89.282727,6.457217,sandía
25.794489,84.268307,6.762472,sandía
31.515319,50.478702,5.469171,mango
25.733828,60.642242,6.006464,lenteja
12.932832,81.053133,6.423343,uva
25.287106,60.859935,7.241152,lenteja
24.299909,62.478346,6.640063,lenteja
20.332809,23.001080,5.606202,frijol rojo
35.959310,54.362225,6.409195,mango
32.756017,90.159242,6.448729,naranja
24.750024,85.740433,6.792097,granada
24.095731,77.049663,6.406617,algodón
26.331241,84.704591,7.060621,arroz
28.006358,83.743346,6.991924,frijol chino
23.808346,83.919026,6.691268,algodón
24.390509,73.647693,6.612228,maíz
39.737798,94.326591,6.974806,papaya
23.793469,75.524879,7.612766,algodón
28.393332,80.738320,7.020945,frijol chino
25.295624,77.572347,7.355220,yute
20.020550,24.540621,5.798064,frijol rojo
17.684088,94.358154,6.699165,naranja
31.876116,94.669054,7.357779,naranja
25.917218,84.514976,6.089882,plátano
25.142061,65.261851,6.021902,maíz
18.064861,62.400645,6.062822,lenteja
23.478754,91.059278,6.698770,naranja
30.401730,47.480788,5.959721,mango
27.088755,87.718128,6.996444,frijol chino
24.558228,66.719602,6.332954,lenteja
34.176373,69.425982,6.567024,frijol urad
21.999251,72.270951,6.772595,maíz
27.241764,90.600124,6.116780,melón
18.706791,83.479529,6.209928,uva
23.964313,76.591759,7.994680,algodón
28.704695,47.826236,4.786378,mango
18.966892,69.399104,6.222434,lenteja
18.868056,15.658092,6.391174,garbanzo
27.020522,98.774320,5.657564,coco
24.847408,89.204546,6.391858,sandía
26.231072,97.347214,5.622403,coco
25.521362,57.048636,5.950858,maíz
25.858241,81.721940,6.329053,sandía
19.438416,23.657805,5.602145,frijol rojo
23.848652,66.522064,7.841496,lenteja
25.201333,61.839109,6.656399,café
39.628900,81.867160,5.964632,uva
28.904487,53.544988,9.651108,frijol moth
26.659308,61.401064,7.795051,lenteja
20.399912,63.925772,6.431645,maíz
21.186674,91.134357,6.321152,manzana
22.339135,90.738198,5.763149,manzana
21.720109,94.194731,7.086454,granada
23.012402,91.135094,6.627947,papaya
28.545417,88.942343,6.246109,frijol chino
23.173832,81.434591,6.126148,yute
23.041645,82.010338,6.324881,algodón
19.152616,18.236429,6.573994,garbanzo
28.305551,93.613287,6.107449,coco
22.055923,19.603793,5.774755,frijol rojo
21.070266,93.277053,5.561852,granada
27.696378,48.562249,6.394743,mango
25.930650,66.237342,6.666703,maíz
31.561899,67.807640,7.113593,frijol urad
28.470907,94.794532,6.494251,melón
19.080161,58.644377,5.673822,maíz
23.269830,83.348406,7.168440,yute
18.874930,20.182383,5.972292,frijol rojo
31.269021,45.958375,4.007624,frijol moth
23.266414,80.645069,5.989043,uva
25.884477,80.978531,7.619729,algodón
26.638488,84.976721,6.180212,sandía
41.198943,92.098139,6.728084,papaya
27.325421,69.090478,6.726469,frijol urad
29.848296,94.421314,6.126815,melón
18.292954,14.976200,6.367962,garbanzo
38.955509,94.101020,6.562086,papaya
22.933413,82.329254,7.607571,algodón
31.866414,52.193316,5.064613,mango
29.906778,89.420727,7.153508,frijol chino
15.853736,21.338197,5.515555,frijol rojo
28.167008,94.773236,5.941892,coco
18.041855,60.614943,5.513698,maíz
27.672462,93.344013,6.501521,papaya
35.974818,91.770468,6.535433,papaya
24.752204,51.499334,7.063128,café
15.949516,22.353814,5.972875,frijol rojo
34.797553,47.677584,5.936834,frijol de palo
28.173486,93.005641,6.080021,melón
19.853281,88.939435,6.906698,granada
18.267940,89.772464,7.129235,granada
25.787463,60.281630,6.058306,lenteja
21.075837,69.108445,6.529455,maíz
20.435178,39.372526,4.747352,frijol de palo
27.853681,83.219158,5.793757,uva
28.093999,95.999534,5.715352,coco
19.237017,18.301615,6.587090,garbanzo
22.286415,89.701335,5.680739,granada
28.011880,92.876550,6.519564,melón
23.439747,63.220117,5.942392,lenteja
27.105495,90.208033,6.723109,melón
20.414174,82.121061,7.314039,arroz
22.606121,77.342640,7.208795,algodón
31.493383,63.056365,6.521218,frijol urad
31.551344,90.989945,6.501521,papaya
27.933563,90.692745,6.611057,melón
20.408431,19.523004,7.139361,garbanzo
30.181646,63.759294,6.906438,frijol urad
22.734735,89.673794,6.269656,granada
29.878881,87.327612,6.890780,frijol chino
22.418141,81.538784,7.017308,arroz
22.330893,59.495528,6.950414,maíz
16.159479,21.392839,5.596568,frijol rojo
30.644831,50.415569,3.613133,frijol moth
23.108192,86.687519,6.434472,yute
23.063338,50.314124,6.998421,café
24.893646,65.614188,6.625404,maíz
19.985700,90.966064,6.201945,naranja
28.947013,93.229424,6.580751,papaya
23.790749,92.392929,6.708282,naranja
27.810814,86.957274,6.414113,frijol chino
37.157148,90.376632,6.928862,papaya
18.577970,91.406631,6.117550,granada
25.858955,84.665995,6.085579,plátano
18.086034,94.278154,6.757953,naranja
27.552204,66.667478,6.128054,lenteja
24.694176,85.547375,6.750012,granada
26.791559,87.592254,6.399031,sandía
29.294709,84.978492,6.161624,plátano
25.506346,44.830255,9.926212,frijol moth
22.250855,78.470442,6.356432,algodón
20.903386,80.685643,6.382983,uva
29.268278,78.638197,6.412959,plátano
24.853182,70.034382,6.612220,maíz
18.081561,14.274170,7.550327,garbanzo
31.019636,49.976752,3.532009,frijol moth
24.362212,89.626606,6.639187,sandía
27.138989,67.193560,6.116218,lenteja
29.664616,84.281876,6.377569,frijol chino
25.515206,93.115763,6.472556,naranja
23.126527,94.712033,5.893493,manzana
36.483825,80.573385,5.787041,uva
24.665945,82.586985,6.378119,arroz
28.632943,94.256622,6.035786,melón
23.020383,61.894720,5.680361,maíz
22.727910,82.170688,7.300411,arroz
22.389197,93.257466,7.610664,naranja
21.890353,91.623000,6.499227,manzana
20.337853,20.867781,5.796759,frijol rojo
24.881189,84.362101,5.230532,arroz
18.505422,89.676655,6.616590,granada
26.653330,59.790234,7.550091,frijol moth
27.750212,99.940215,6.378129,coco
31.254035,91.397435,6.531630,papaya
27.976120,69.377443,6.374716,lenteja
24.487702,89.227098,6.521687,yute
28.313519,82.910718,6.412768,frijol chino
23.122811,82.495443,7.163054,yute
28.504371,53.255085,6.898143,mango
26.791884,88.431997,6.424570,sandía
29.633506,84.044774,6.387775,frijol chino
29.020740,57.438394,6.629795,frijol moth
28.069457,81.824751,7.053174,frijol chino
22.273736,59.521932,5.826427,maíz
21.806196,18.570866,5.945466,frijol rojo
28.049436,90.831307,6.562833,melón
25.209179,61.110540,7.217719,lenteja
27.313171,68.423339,6.348338,café
27.029340,68.078343,7.363395,frijol urad
29.474886,92.784180,6.173790,melón
18.319104,33.468912,4.728194,frijol de palo
25.894962,45.894996,5.594655,frijol moth
18.041855,72.071440,6.360698,maíz
21.889304,63.833321,6.336749,lenteja
20.130372,89.315051,6.143875,granada
30.095771,80.940671,5.559027,uva
23.524123,93.195983,6.722551,granada
23.252308,94.541283,5.867421,manzana
22.933061,83.843959,5.398128,arroz
18.281560,20.983561,5.510082,frijol rojo
18.578096,92.015868,7.843677,naranja
25.504055,81.402974,6.940236,sandía
30.441318,59.136628,4.858874,frijol de palo
30.457021,35.611480,7.048129,frijol de palo
22.652416,72.117640,6.342669,maíz
24.794089,50.318868,6.074871,frijol de palo
21.346063,92.802031,5.836102,manzana
32.110092,90.255190,6.728949,papaya
23.417692,78.635660,6.233066,algodón
25.912077,94.120991,5.771998,coco
29.174641,91.443249,6.779803,melón
22.366920,93.931494,5.917553,manzana
33.864487,52.763970,6.472275,mango
29.140092,80.119023,6.282362,plátano
25.685089,65.676409,7.700932,lenteja
29.359848,77.482619,5.694458,plátano
18.549886,16.025427,7.648675,garbanzo
26.190923,83.379675,5.911440,plátano
21.473906,22.771976,5.620994,frijol rojo
18.375600,16.504318,8.805684,garbanzo
24.522830,47.191964,6.779815,frijol de palo
28.219881,62.708871,7.841496,lenteja
22.007569,94.504785,6.226472,manzana
27.920633,51.779659,6.475449,mango
24.843199,90.375333,6.815300,naranja
8.825675,80.111197,5.965716,uva
20.762833,68.315982,6.459017,maíz
30.921430,35.703369,6.911479,frijol de palo
26.422129,63.990743,6.497003,café
25.424515,80.583527,6.698915,yute
25.411274,83.143843,6.836355,sandía
18.400052,15.332918,7.210536,garbanzo
27.002832,48.616799,3.547300,frijol moth
29.080272,78.886709,6.423025,plátano
25.829341,87.573513,6.689265,sandía
22.452012,59.128310,6.995844,maíz
28.884711,82.123095,5.889962,plátano
8.951606,82.454991,5.863485,uva
23.595794,89.674507,6.478597,granada
29.534913,69.250283,6.856121,frijol urad
29.204860,95.467758,5.947591,coco
21.947667,80.973842,6.012633,arroz
26.107668,80.481567,6.877561,sandía
16.670838,94.632709,6.445551,naranja
24.636304,88.028319,6.608198,sandía
28.069178,78.299654,6.471662,plátano
36.322681,93.061344,6.989927,papaya
22.876257,80.475176,6.412850,uva
29.813660,69.477297,6.628622,frijol urad
30.921053,45.869086,9.431177,frijol moth
21.459918,82.151142,6.565259,arroz
28.799914,43.435767,7.842974,frijol moth
22.584248,21.454430,5.880561,frijol rojo
17.181336,18.900171,8.868741,garbanzo
27.038310,66.742097,6.930333,frijol urad
27.717543,80.863530,6.147219,plátano
29.927489,65.649623,6.927448,lenteja
19.417897,16.804722,6.408438,garbanzo
28.997067,91.296973,6.654181,melón
25.251642,58.857279,5.847054,frijol de palo
28.569735,95.679067,6.436314,coco
33.736782,40.666130,6.001739,frijol de palo
18.718790,89.437939,6.037807,granada
23.894071,91.140760,6.610290,papaya
24.395409,91.066154,6.010257,granada
25.044613,95.876826,5.980298,coco
25.532117,64.108034,7.687465,lenteja
23.712707,87.475700,6.299372,granada
27.775913,65.253109,6.906889,café
22.322252,91.371573,6.011024,manzana
31.482022,49.917477,5.413830,mango
25.519192,84.122600,7.106583,algodón
18.197370,14.710705,6.576416,garbanzo
28.328328,49.596654,5.824975,frijol de palo
29.342331,60.020101,6.053670,frijol de palo
35.034415,56.087222,4.770143,frijol de palo
22.744470,80.411985,7.597820,algodón
27.854075,69.016120,7.055540,lenteja
20.348432,16.539976,8.103965,garbanzo
15.478868,23.757783,5.691440,frijol rojo
30.746543,66.040827,6.996569,frijol urad
21.388869,24.924295,5.648892,frijol rojo
21.075445,82.703186,6.284962,arroz
31.585900,51.794759,5.312747,mango
38.996885,93.253275,6.979630,papaya
22.073762,19.900282,5.745824,frijol rojo
19.495240,17.580646,7.677941,garbanzo
27.774720,91.775693,6.955218,naranja
19.853844,61.173246,5.712377,maíz
23.768543,92.877082,5.567212,manzana
20.226650,87.255081,6.905389,granada
28.250477,90.519331,6.212895,melón
26.985822,78.676700,6.227576,yute
32.577207,92.748895,6.927918,papaya
25.215851,83.497289,5.705761,plátano
17.249446,91.137728,6.543192,naranja
31.001913,34.457217,7.068145,frijol de palo
25.470469,76.415420,7.506337,algodón
11.055187,94.795881,6.979876,naranja
17.509711,82.863495,6.346848,uva
23.304986,91.468727,6.305333,manzana
24.798530,78.530371,7.162143,yute
26.584139,95.789231,6.254496,coco
23.766860,90.371306,5.760091,manzana
23.058049,83.370118,7.073454,arroz
22.782342,94.368035,5.682344,manzana
29.365738,77.768518,5.828698,plátano
18.071330,93.145549,5.779427,granada
23.168559,90.788212,6.656459,papaya
30.216693,63.467825,6.878597,frijol urad
23.338446,59.245806,6.474443,maíz
28.256810,96.773934,6.061560,coco
25.356919,84.848745,6.197864,plátano
16.722569,82.792705,6.080933,uva
31.483439,93.290564,6.581915,papaya
26.379561,81.685471,5.599245,plátano
25.962704,86.752026,6.628211,sandía
25.048164,83.260314,5.047276,arroz
33.751435,46.161657,4.507524,mango
31.058281,47.741486,6.497301,mango
27.735915,63.025097,6.756324,frijol urad
33.584018,92.179454,6.750514,papaya
28.095776,77.795868,5.631272,plátano
27.089774,94.553998,6.204444,naranja
19.675814,46.540251,5.370910,frijol de palo
25.250371,83.506648,5.551386,plátano
25.354676,91.811832,7.992042,naranja
25.689595,77.906210,6.470135,algodón
28.952667,76.646615,5.619292,plátano
34.817145,90.706265,7.779879,naranja
19.710983,17.638794,6.613072,garbanzo
22.032962,83.743728,5.732454,uva
32.972161,68.652728,7.560957,frijol urad
10.669666,80.100951,6.207243,uva
26.270395,55.450064,8.121841,frijol moth
22.964718,60.481040,4.603289,frijol de palo
19.801820,83.336676,5.999351,uva
33.634643,68.110789,5.304373,frijol de palo
24.181094,81.163068,6.196073,yute
23.736560,93.537895,5.948316,manzana
34.626567,92.178180,6.660290,naranja
29.782347,94.079060,6.132645,melón
24.609036,84.525821,6.200534,sandía
19.185372,64.665267,6.874985,lenteja
31.704475,56.854201,5.875334,frijol moth
29.691558,84.525167,6.365051,frijol chino
29.179329,76.075333,5.822416,plátano
40.734569,81.240119,6.131700,uva
20.415173,24.479869,5.764122,frijol rojo
23.234920,60.188994,6.109110,maíz
19.801518,18.505443,5.820059,frijol rojo
28.370670,95.967583,5.646057,coco
25.601540,68.662580,6.536677,café
29.307655,75.998304,6.138588,plátano
21.400532,82.790301,6.315595,arroz
22.487227,84.444828,7.276376,algodón
17.194070,14.337438,6.068979,garbanzo
27.734692,64.298683,3.621981,frijol moth
17.150881,18.179114,7.726183,garbanzo
38.206255,93.901720,6.758700,papaya
20.184010,39.980500,4.653037,frijol de palo
10.781721,80.016394,6.237946,uva
26.658486,89.984052,6.892287,sandía
23.584910,93.416084,6.527642,granada
29.457717,92.125347,6.708744,melón
29.118855,92.587599,6.140650,melón
26.574217,73.819949,7.261581,yute
25.792368,80.188176,5.968733,plátano
31.123993,45.497001,7.523097,frijol moth
40.788818,92.909514,6.563135,papaya
25.383154,78.986118,5.621654,plátano
23.380026,21.988794,5.744118,frijol rojo
27.024151,90.130469,6.740518,melón
21.784778,63.007795,6.193749,maíz
21.751498,22.953384,5.953374,frijol rojo
29.838665,87.553572,6.892713,frijol chino
41.948657,80.970499,5.565054,uva
27.125150,62.144347,7.600137,frijol urad
23.586468,80.617203,6.350857,arroz
17.750037,16.822934,8.248186,garbanzo
27.494197,94.962187,6.723017,melón
22.121017,90.931826,6.385126,manzana
29.464160,87.608900,6.978400,frijol chino
27.464732,51.124234,5.795023,frijol moth
17.848066,18.776220,5.949949,frijol rojo
26.403822,58.633503,7.487199,café
29.249085,90.069981,6.069172,melón
27.718225,76.578532,6.036079,plátano
25.254485,87.591552,6.617518,sandía
26.261484,96.555024,6.381291,coco
25.681279,80.277883,6.963052,arroz
24.412123,80.803438,6.281914,algodón
31.971979,52.090785,5.070107,mango
27.723383,90.938979,6.698469,melón
20.002190,85.836182,7.116539,granada
27.674574,53.214049,6.769051,mango
24.539066,51.188235,7.227206,café
25.606123,62.901113,6.297994,maíz
19.750885,88.716912,7.054314,granada
25.498086,76.472153,7.566928,algodón
18.591908,14.779596,7.168096,garbanzo
27.739108,82.431449,5.797948,plátano
23.941778,77.160985,7.979305,algodón
22.691552,92.373182,6.421911,manzana
20.591546,19.906853,5.701384,frijol rojo
19.017944,87.106350,6.882500,granada
17.507399,17.100257,6.844270,garbanzo
29.048615,90.989569,6.582024,melón
24.636769,90.619643,6.712772,papaya
26.723001,62.968418,6.898906,lenteja
21.152816,90.714720,5.677878,manzana
29.250897,54.747629,6.398022,mango
31.499300,92.749630,6.990799,papaya
31.296727,56.434133,5.569084,frijol de palo
31.999286,54.107746,5.270749,frijol moth
24.962732,94.502571,6.968146,granada
24.043558,84.184068,6.423899,sandía
32.229423,92.661172,6.919582,papaya
26.445324,68.293410,7.300369,lenteja
23.417094,71.316304,7.437999,yute
21.036527,94.339195,6.085519,manzana
27.427117,90.026962,6.379691,melón
22.683191,83.463583,6.604993,arroz
33.152250,40.093708,7.445445,frijol de palo
18.865343,62.432906,6.608970,lenteja
21.523540,93.046604,5.885979,manzana
24.692258,93.870301,6.297908,granada
18.705162,89.788204,6.601472,granada
24.611286,85.448714,6.319781,sandía
19.724629,15.038373,7.686027,garbanzo
18.041855,62.658591,6.282886,maíz
26.551245,96.839152,6.140313,coco
29.130929,91.446233,6.765175,melón
26.057670,71.234733,6.917312,maíz
23.830675,84.813601,6.271479,arroz
27.527870,63.248333,6.109104,café
30.147071,52.237478,6.640110,mango
36.300497,56.030213,4.672437,frijol de palo
20.772704,91.265507,7.804817,naranja
20.804470,17.901270,7.604947,garbanzo
23.240413,79.370860,6.545959,yute
28.204808,92.914404,6.099662,melón
28.037980,90.864941,6.566735,melón
26.731398,91.169408,5.547094,coco
25.918795,94.604736,5.769635,coco
27.035014,52.844073,5.561814,mango
33.946194,48.023517,6.954299,frijol de palo
20.488304,14.258040,6.633136,garbanzo
23.446768,84.793524,6.215110,arroz
22.201327,59.083316,6.949652,maíz
27.367374,56.580281,7.033674,café
27.606959,89.664593,6.614535,frijol chino
27.654815,62.504505,6.128767,café
23.062044,92.395441,6.245859,manzana
18.115882,60.693093,5.513897,maíz
27.402000,77.038048,6.093844,plátano
22.002850,81.045714,5.982731,arroz
26.757396,87.745113,6.457948,sandía
31.243494,47.573151,6.526459,mango
24.144914,56.104690,6.127908,frijol moth
27.014704,84.905803,6.602762,frijol chino
29.156452,92.441967,6.141096,melón
21.186058,90.222998,5.542801,manzana
21.259411,92.844162,5.821348,manzana
22.978498,18.841847,5.684301,frijol rojo
13.450569,91.113047,7.411669,naranja
21.132517,93.580205,6.025762,manzana
21.925458,80.335464,6.270774,arroz
19.754758,18.145655,7.344014,garbanzo
28.096825,92.796076,6.462707,melón
21.463146,93.136150,5.841666,manzana
22.313338,90.738671,6.238408,manzana
32.818688,68.667549,7.131698,frijol urad
24.945775,68.186304,6.212618,maíz
26.141672,41.819073,4.848640,frijol de palo
19.730129,18.799695,5.775999,frijol rojo
23.093481,60.115938,6.033550,maíz
27.965805,94.919103,5.947177,coco
25.238740,70.882596,7.372421,yute
19.200611,87.136982,7.020494,granada
28.282229,91.370598,6.630165,papaya
13.700750,94.071372,6.346943,naranja
19.658193,88.505344,6.997401,granada
25.682164,81.252631,7.564272,algodón
19.921206,19.219258,5.792675,frijol rojo
22.092191,91.073854,6.399554,manzana
21.329989,90.670280,6.124661,manzana
23.579050,37.199616,6.910717,frijol de palo
27.327137,85.642627,6.588257,frijol chino
34.238755,83.967463,5.526800,uva
20.053655,89.612012,6.196431,granada
31.271810,52.238102,6.811291,mango
27.742748,68.539971,7.075886,frijol urad
33.089970,92.927445,6.961266,papaya
21.443489,22.672690,5.602306,frijol rojo
25.400592,76.532380,7.524708,algodón
27.572781,82.063888,6.435786,plátano
17.500494,16.495395,7.453174,garbanzo
20.343934,92.220692,5.728520,granada
29.765728,90.534672,6.146138,melón
19.101586,65.072786,5.976281,maíz
29.176632,95.642897,5.957987,coco
25.330595,81.445966,5.819757,plátano
26.421946,67.927106,7.113290,frijol urad
33.857407,69.580690,6.574245,frijol urad
25.116052,65.213548,6.047009,maíz
26.172539,99.786273,5.685780,coco
24.890798,57.238449,7.169364,café
43.302049,92.834054,6.641099,papaya
23.090458,68.275650,6.753375,café
27.765756,54.301961,6.822262,mango
27.132229,89.996156,6.717254,frijol chino
31.066637,50.019663,5.768621,mango
23.328976,64.788267,6.773388,café
27.921133,43.768783,4.647520,frijol moth
20.986043,19.339020,8.660851,garbanzo
24.592748,57.420582,8.025177,frijol moth
25.186157,41.764689,4.831821,frijol de palo
26.444674,53.460980,6.971152,café
28.890412,87.212361,6.627641,frijol chino
27.737014,62.112494,7.596095,frijol urad
24.329512,81.907468,6.684631,yute
24.886928,71.917115,7.319735,yute
28.363639,87.598107,6.320662,frijol chino
30.868894,66.502874,4.726821,frijol de palo
21.822972,93.511665,6.027396,naranja
26.906927,73.071035,6.983627,yute
33.746269,48.503876,6.777788,mango
36.645689,57.829565,6.012752,frijol de palo
28.925378,68.135220,7.501070,lenteja
28.633792,43.810887,4.133495,frijol moth
23.655958,21.863985,5.752677,frijol rojo
25.392411,98.089512,5.579845,coco
25.531858,98.573483,5.557037,coco
27.225679,91.989334,6.384441,coco
18.984179,16.158509,8.119180,garbanzo
18.331391,55.911906,6.197087,maíz
20.374978,48.518749,6.356706,frijol de palo
23.750916,71.147826,7.124572,yute
23.012402,93.783622,6.834538,papaya
31.016837,90.464818,7.836736,naranja
23.595357,81.114582,5.188341,arroz
34.252804,64.980018,7.752023,frijol urad
23.331037,90.823498,6.977220,naranja
33.451673,92.972517,6.972730,papaya
28.767949,37.577921,4.674942,frijol de palo
26.807506,88.228750,6.429788,sandía
24.628350,18.183252,5.514234,frijol rojo
27.333690,83.676752,5.849076,plátano
39.233425,91.255893,6.519780,papaya
30.627661,64.021864,7.386161,frijol urad
31.653334,48.206627,6.392314,mango
21.544323,18.535330,5.963711,frijol rojo
22.167280,93.316283,6.441906,manzana
25.527097,50.924200,5.897533,frijol moth
20.953444,90.907750,6.253511,granada
28.084800,80.037552,6.738316,frijol chino
15.848019,22.212048,5.968256,frijol rojo
40.952237,81.253236,6.339045,uva
26.904199,81.617100,6.148964,arroz
30.262616,94.859628,6.636005,papaya
18.729631,19.181973,6.481783,garbanzo
27.898492,48.693713,6.381070,mango
19.574908,24.501225,5.968350,frijol rojo
18.089972,15.842192,7.747599,garbanzo
23.593023,55.275650,6.043331,café
27.599251,89.882926,6.467741,frijol chino
23.713638,90.530209,5.684673,manzana
26.126487,81.019486,6.314724,sandía
23.055502,60.546635,6.979723,lenteja
21.099656,24.964438,5.648572,frijol rojo
23.038140,76.110215,6.913679,algodón
11.827682,80.282719,5.510925,uva
26.485601,81.140105,6.282294,sandía
23.171246,52.978412,6.766184,café
24.890586,89.309476,6.411544,sandía
27.057695,84.572942,6.634700,frijol chino
29.291806,81.917783,6.842187,frijol chino
17.626912,82.100854,5.613705,uva
18.341381,69.859408,5.836704,maíz
27.795753,68.626532,7.347461,lenteja
24.252540,83.534744,7.488014,yute
18.897802,19.761829,7.452671,garbanzo
24.867866,64.706098,6.089977,maíz
25.265329,67.100046,6.958055,lenteja
29.615639,89.872614,6.883972,frijol chino
26.152913,83.996261,6.230019,arroz
31.826613,69.069775,7.322602,frijol urad
23.149664,50.234186,6.940748,café
19.043274,62.428693,6.531357,lenteja
25.517913,94.384206,6.271953,coco
27.422734,48.542601,6.829838,mango
13.707282,94.259137,7.995849,naranja
24.399668,81.673948,6.773647,algodón
23.094338,86.659271,6.457892,yute
19.475613,19.254631,7.806768,garbanzo
29.384297,85.932895,6.369394,frijol chino
28.680508,63.162865,6.754863,frijol urad
28.469880,76.033433,6.199984,plátano
21.628949,63.742811,6.336018,lenteja
30.640958,61.145086,7.167436,frijol urad
20.988428,93.077058,5.561852,granada
26.176687,86.729520,6.121169,sandía
29.096942,92.288937,6.303569,melón
28.561992,82.413149,6.663054,frijol chino
21.121521,90.687877,5.636687,manzana
26.962101,86.417680,6.786484,sandía
25.393522,75.439096,6.200632,algodón
21.658197,69.849460,6.644493,lenteja
9.851243,80.226317,5.965379,uva
27.340053,44.897836,6.106784,frijol de palo
31.323597,46.946242,4.606058,mango
21.325108,22.837356,5.793449,frijol rojo
32.726139,90.273627,6.499069,naranja
29.280862,81.800924,6.890156,frijol chino
33.307118,67.077808,5.266227,frijol de palo
26.077277,96.343730,6.340288,coco
23.999607,62.242601,6.670270,lenteja
20.939700,85.641857,6.203298,granada
24.127655,93.275021,5.671788,granada
26.586593,95.598415,6.214289,coco
29.341189,63.747288,6.059355,frijol moth
29.344706,60.788710,8.831819,frijol moth
27.998052,44.897476,4.838075,frijol de palo
26.046566,94.737990,6.470466,coco
29.087753,46.015039,5.745576,mango
26.423330,64.511368,7.338930,frijol urad
18.493916,64.746081,6.457576,maíz
22.574565,94.612000,5.601815,manzana
31.097791,47.411967,4.546466,mango
31.497115,45.304819,5.596193,mango
23.059519,63.721728,7.185473,café
42.600735,94.674116,6.696532,papaya
18.559621,61.763806,6.095175,maíz
28.960492,64.573694,7.024301,frijol urad
18.064861,65.035817,6.330234,lenteja
24.913445,83.754185,6.855947,arroz
31.328637,47.593196,6.524114,mango
31.403872,56.617339,5.668456,frijol de palo
42.923253,90.076005,6.938313,papaya
22.455907,81.384677,6.669233,algodón
30.678798,47.776946,5.922375,mango
31.606352,90.318302,6.452696,naranja
16.077063,18.500217,5.998125,frijol rojo
28.269082,60.177225,4.539266,frijol moth
19.322754,67.738646,6.667422,lenteja
27.995077,83.447779,6.384149,plátano
27.003155,47.432699,6.457363,mango
17.423526,18.532211,8.814278,garbanzo
39.435523,91.104032,6.896048,papaya
22.752037,90.578166,5.514253,manzana
22.987749,93.690113,5.973344,manzana
29.944139,60.762010,7.518784,lenteja
24.425613,92.277491,6.577192,papaya
29.255147,64.951537,7.500287,frijol urad
27.110265,84.967717,7.121571,frijol chino
18.095510,18.293184,5.625096,frijol rojo
24.440336,81.939889,7.069650,algodón
21.887494,91.380127,6.806119,granada
34.301171,61.053639,7.627713,frijol urad
26.609372,84.368424,6.549253,sandía
29.471563,90.770696,6.668383,melón
24.913640,82.686653,6.531378,algodón
26.074701,59.371476,6.204802,maíz
32.703684,91.551413,6.850546,papaya
26.416662,81.025406,6.925923,sandía
18.710790,24.763430,5.712275,frijol rojo
34.237200,93.159660,7.004281,naranja
27.862616,88.954176,6.768538,frijol chino
28.907309,90.746748,5.726053,coco
14.915826,91.515682,7.568183,naranja
25.040985,68.203094,6.604485,lenteja
29.807472,52.137979,5.191265,mango
26.754288,79.198357,6.184675,plátano
19.441034,82.702281,5.844803,uva
26.045924,84.667348,6.045823,sandía
28.895931,94.805573,6.285599,melón
25.234661,57.531615,6.043486,café
19.680447,90.242302,6.861868,granada
20.126883,91.152445,6.505676,granada
17.087858,17.425367,7.972691,garbanzo
25.789938,80.764959,5.925571,uva
9.129207,82.366808,5.855085,uva
33.392292,90.652531,6.927893,papaya
26.537617,77.598427,5.526110,plátano
32.717485,90.546083,7.656978,naranja
31.701477,62.299946,7.329089,frijol urad
29.084732,50.045092,3.504752,frijol moth
12.265604,93.426303,7.594663,naranja
27.227396,54.258678,6.505154,mango
26.981364,96.675905,5.631741,coco
18.404908,16.567941,8.680234,garbanzo
29.667273,83.510142,6.010096,plátano
19.429660,18.771175,7.238065,garbanzo
22.572612,21.691533,5.944895,frijol rojo
36.670048,54.624617,4.657296,frijol de palo
17.843403,93.437109,6.194867,naranja
24.683900,85.601386,6.352086,sandía
32.839638,67.998036,7.251001,frijol urad
28.083613,67.093358,7.359503,frijol urad
43.140286,93.042719,6.611453,papaya
28.434307,52.100108,6.012719,frijol de palo
19.026056,17.280300,6.873443,garbanzo
27.643092,48.529071,6.407888,mango
24.561912,80.323535,6.986684,arroz
18.071330,90.937089,6.921034,granada
26.675090,94.446494,6.837989,papaya
27.987810,92.782262,6.504907,melón
24.929545,76.040551,6.736968,algodón
25.297818,86.887054,7.121934,yute
19.972160,57.682729,6.596061,maíz
22.589526,65.542180,6.267548,lenteja
25.008724,95.278052,5.533586,coco
22.099612,80.459510,6.990020,arroz
26.406281,80.943248,6.093078,sandía
22.206878,63.057841,6.839367,lenteja
27.434736,94.218865,6.056086,melón
29.067526,79.696081,6.324850,plátano
17.024985,16.988612,7.485996,garbanzo
16.512632,92.471512,6.369913,naranja
27.691372,62.979746,6.791531,frijol urad
22.730313,88.485679,6.825256,granada
17.983295,18.246826,8.854882,garbanzo
20.608292,84.563390,6.162412,arroz
18.287661,69.485151,6.254217,lenteja
25.409099,82.362081,6.176644,plátano
25.373271,69.517227,6.364080,café
34.740049,93.123170,6.949839,naranja
39.065555,82.038130,6.000574,uva
25.237617,84.483118,5.731711,plátano
21.579369,94.882677,5.938529,granada
26.234252,99.609985,5.704815,coco
24.031644,53.246313,7.323474,frijol moth
20.145338,91.041466,6.451283,granada
27.019975,92.456564,6.105064,coco
18.580133,19.663122,7.006616,garbanzo
29.150791,94.029554,6.744257,melón
29.499917,92.914571,6.164745,melón
23.017236,94.998975,6.420557,granada
19.079377,17.867549,8.165359,garbanzo
24.774195,50.546211,6.007508,frijol de palo
25.325639,83.214446,6.176594,sandía
26.815227,81.062246,5.877233,arroz
26.036238,62.285292,6.964935,café
29.175730,67.637433,7.177542,frijol urad
21.318207,92.910615,5.551297,manzana
25.517681,77.749543,6.744755,algodón
40.065408,91.169529,6.922164,papaya
27.154048,80.939578,5.857509,plátano
28.680102,82.164496,5.758990,plátano
31.741054,68.635254,7.241149,frijol urad
27.135298,55.776301,7.143935,café
43.281808,90.657143,6.939657,papaya
29.586784,96.196721,6.346114,coco
17.586294,80.848066,6.334771,uva
19.667056,90.500967,7.764040,naranja
34.433850,54.420339,5.028756,mango
29.199690,82.898400,5.839641,plátano
18.905923,89.241268,6.077886,granada
25.499417,75.999876,6.663559,yute
28.876676,62.490121,5.457871,frijol de palo
32.512387,49.973254,5.349775,mango
28.660242,59.318912,8.399136,frijol moth
29.571099,84.183542,6.360480,frijol chino
13.496759,91.054668,7.584446,naranja
28.667251,79.592425,5.986442,plátano
23.426116,64.106515,6.779984,café
24.948680,89.426310,7.069180,granada
19.455918,18.022359,8.423874,garbanzo
29.357530,64.142751,7.068962,frijol urad
25.061146,60.905110,7.140490,lenteja
24.070846,45.124849,4.887109,frijol de palo
31.062727,46.497556,7.048303,frijol de palo
27.479874,84.596000,6.377494,plátano
25.542491,56.966408,7.887659,frijol moth
41.844276,82.898531,6.434375,uva
23.128082,92.683284,6.630646,granada
20.311026,15.309171,5.988993,garbanzo
20.155972,47.515275,4.548202,frijol de palo
17.047639,18.393744,7.756286,garbanzo
34.047299,92.884396,6.977321,papaya
28.358332,68.743723,6.380483,lenteja
28.116651,93.036250,6.418814,melón
29.943492,90.617525,6.178316,melón
19.002945,61.137273,4.930847,frijol de palo
29.913485,87.200576,6.903343,frijol chino
27.155920,43.524513,6.050982,frijol de palo
33.312132,62.977857,6.606252,frijol urad
23.891626,89.618502,6.535244,granada
35.167029,39.088823,5.363918,frijol de palo
23.485470,93.710437,6.833769,papaya
34.872487,38.837860,5.180272,frijol de palo
35.664843,83.172357,5.726740,uva
28.156122,85.946264,6.443864,frijol chino
27.828554,92.103993,6.361417,melón
25.604549,61.726734,7.362659,café
20.130239,48.289835,6.463989,frijol de palo
25.198577,60.373327,6.581313,frijol urad
19.143041,17.180192,6.973894,garbanzo
26.395152,81.327614,5.453579,arroz
29.017464,91.349915,6.650395,papaya
28.659193,79.143536,5.684794,plátano
29.221391,80.419248,6.306079,plátano
25.596272,81.455733,5.876470,arroz
20.473875,82.446305,7.637700,arroz
35.940594,48.841424,6.943462,mango
19.030253,18.667256,7.690962,garbanzo
17.301930,20.158590,5.861660,frijol rojo
34.514240,90.561515,7.786725,naranja
16.740899,19.461352,5.654039,frijol rojo
24.802147,88.866263,5.772815,granada
22.569703,92.416742,5.770210,manzana
27.101720,84.696416,7.138879,frijol chino
25.567333,68.755786,7.265581,lenteja
33.342145,82.510346,5.693287,uva
27.480857,89.734897,6.620414,frijol chino
25.922927,81.364862,7.231779,algodón
28.980394,57.232652,6.347929,frijol de palo
41.136505,81.165077,5.643722,uva
22.868832,85.155957,7.129591,granada
23.352506,87.681807,6.695059,yute
28.066428,85.916255,6.429379,frijol chino
28.826287,45.145156,8.082931,frijol moth
24.330853,54.437393,6.728256,café
24.791359,84.876690,6.293224,algodón
27.810660,81.468774,6.258272,frijol chino
28.614751,94.222530,6.396379,melón
29.112502,54.469784,9.686901,frijol moth
28.636281,84.614311,6.790736,frijol chino
26.849797,83.438553,6.110773,sandía
23.292269,94.969590,6.387165,granada
19.682912,89.752730,6.594037,granada
20.378280,69.262374,6.463998,maíz
27.755187,52.346058,4.772386,mango
26.459938,54.152092,7.052942,café
29.544368,90.614514,6.751402,melón
29.141343,45.401026,5.725014,mango
25.026187,74.248424,6.592200,yute
27.967991,79.286257,5.694244,plátano
24.248744,93.951561,6.654290,papaya
18.888525,14.994511,7.104225,garbanzo
26.542349,90.869111,5.510986,coco
24.140298,84.083042,6.745998,algodón
25.457898,58.051902,6.238227,frijol moth
32.673868,91.546867,6.850778,papaya
24.043558,84.470442,6.434362,sandía
23.315668,51.597208,6.995000,café
26.486413,51.813356,6.791003,café
22.551839,89.680574,5.673220,granada
24.377668,85.401712,5.782707,granada
29.503268,78.028082,5.506397,plátano
31.840520,50.864139,6.357202,mango
27.824956,81.500365,6.249688,frijol chino
21.188532,19.634386,5.728233,frijol rojo
27.912210,83.363077,6.356091,plátano
28.934121,94.957877,6.145648,coco
30.273750,67.386808,4.696519,frijol de palo
29.254166,88.579037,7.114023,frijol chino
30.835043,90.393752,7.695410,naranja
22.424710,18.856371,5.687367,frijol rojo
20.961208,80.422196,6.368544,arroz
24.121926,61.095335,6.461619,lenteja
18.608849,71.267145,5.739361,maíz
23.370705,82.647496,7.115248,yute
28.199768,64.522949,6.870263,frijol urad
22.647320,92.940671,5.555845,manzana
29.043282,64.045578,7.411209,frijol urad
40.824059,81.283468,6.377738,uva
26.839001,80.122675,6.067686,arroz
25.867050,84.099853,7.360085,yute
18.041855,62.518931,6.220966,maíz
26.971527,62.869711,5.698606,frijol moth
36.043537,43.614441,4.759490,frijol de palo
23.236648,67.527384,6.791512,café
26.769224,47.662321,3.643840,frijol moth
29.650529,42.898332,6.876573,frijol de palo
28.373962,80.671235,5.758276,plátano
15.705073,81.290420,5.696991,uva
28.805723,60.896824,8.983579,frijol moth
16.313300,82.980634,5.612313,uva
12.133255,93.073470,7.537640,naranja
42.311457,90.297348,6.615904,papaya
29.571894,84.068989,6.074128,plátano
27.701067,94.090956,6.338041,coco
30.044447,60.065349,6.594234,frijol urad
26.053758,93.691117,6.742490,papaya
23.345618,83.042735,6.342470,arroz
28.258832,76.124679,5.910524,plátano
37.588935,91.807640,6.536395,papaya
28.625007,90.489030,6.133183,melón
26.104081,83.969042,6.260119,sandía
14.904798,81.599698,6.457969,uva
24.335282,81.440304,6.762030,sandía
29.416289,90.751956,6.705535,melón
17.229312,18.629847,8.868741,garbanzo
28.743177,47.767459,4.812125,mango
30.387561,66.102074,7.019309,frijol urad
20.808299,19.695135,6.199905,garbanzo
19.162883,15.835007,7.354973,garbanzo
28.248356,65.008292,6.796851,frijol urad
39.017933,91.488156,6.992234,papaya
26.022414,55.832890,7.277423,café
27.406722,84.521866,6.383102,plátano
19.451596,18.926415,7.748886,garbanzo
29.471599,53.312646,5.071014,mango
19.039188,64.364083,6.877869,lenteja
18.028908,15.857805,7.725433,garbanzo
25.032921,64.233406,7.206831,lenteja
29.012569,94.010144,6.282955,coco
20.033338,87.859436,6.960448,granada
24.144376,80.896199,6.096864,yute
27.766395,89.996156,7.080614,frijol chino
23.351518,91.352287,6.274761,manzana
20.801836,23.036031,5.965467,frijol rojo
23.124239,83.184458,5.282366,arroz
27.198316,82.851192,6.267995,uva
26.452833,94.463256,6.146325,coco
16.982162,92.977721,7.298920,naranja
30.764552,47.937915,5.956027,mango
28.474423,63.536045,6.500145,frijol urad
30.436837,55.205220,5.261286,frijol moth
22.199623,94.688802,6.084328,manzana
30.633339,62.179833,6.621139,frijol urad
22.038802,82.693595,6.661774,algodón
33.615493,45.444267,5.954892,mango
21.724845,92.839756,6.056530,manzana
23.267943,94.076487,6.826446,granada
23.459691,82.447775,7.903529,algodón
29.837731,80.034996,7.117468,frijol chino
32.970305,60.181221,7.586642,frijol urad
25.383557,49.803460,7.264800,frijol moth
24.688201,85.521152,6.338252,sandía
22.532154,91.535888,5.791463,manzana
22.779520,94.187463,5.696008,manzana
20.454858,15.498870,6.097516,garbanzo
29.324731,92.773460,6.072785,melón
27.051459,42.371015,5.106559,frijol moth
28.509353,91.688843,6.157085,melón
27.341790,53.675162,6.809958,mango
16.247842,23.992287,5.938422,frijol rojo
24.133787,91.967969,6.516172,naranja
25.504823,78.085383,6.723141,algodón
28.727527,89.127604,7.069748,frijol chino
29.617232,88.341941,7.162291,frijol chino
21.196076,82.734601,6.300301,arroz
27.393416,81.465483,6.438137,plátano
21.213134,92.073557,6.297843,manzana
28.649756,92.144035,5.955663,coco
24.529227,80.544986,7.070960,arroz
26.858519,48.824639,5.952385,frijol moth
24.851839,77.621790,7.195449,yute
22.460207,92.562663,5.693310,manzana
31.097169,90.337571,6.434232,naranja
23.864459,90.671976,6.972757,naranja
29.525974,90.133077,6.066067,melón
26.759611,48.162891,3.504752,frijol moth
17.665584,82.929034,6.313086,uva
18.474124,89.689197,7.130838,granada
24.789369,81.399542,6.889276,yute
27.656122,92.933686,6.177792,melón
23.722587,71.227971,7.128091,yute
28.735238,60.597279,7.541162,frijol moth
25.320968,54.988189,9.387697,frijol moth
18.155645,85.600609,5.912833,granada
18.171426,19.050352,5.510874,frijol rojo
29.910898,85.612508,6.355864,frijol chino
31.037836,46.981362,6.265669,mango
22.593896,94.573042,6.168781,manzana
28.985453,90.739668,5.718120,coco
25.380976,93.157525,6.762504,papaya
15.632110,94.259662,7.561143,naranja
23.697912,93.279246,6.461112,granada
25.081034,81.409240,6.100907,plátano
23.572274,73.245881,7.029234,yute
24.957331,82.557117,7.947488,algodón
15.958207,22.356320,5.962291,frijol rojo
24.873007,82.840226,6.587919,arroz
26.187794,81.342911,5.837154,plátano
22.303190,92.159870,6.438669,naranja
29.557292,65.246336,7.361517,frijol urad
24.812181,66.434063,5.768810,maíz
27.643214,79.673970,6.483287,plátano
29.194750,92.249325,6.437889,melón
28.537052,79.963811,5.960596,plátano
25.000751,81.115737,6.267137,sandía
33.647616,92.051684,6.831865,papaya
19.972522,23.179687,5.587475,frijol rojo
25.152391,82.816061,6.423465,yute
15.496502,80.016394,5.837246,uva
26.970064,66.612063,6.960801,frijol urad
20.443050,65.267510,6.644675,maíz
25.161681,80.611377,6.147237,arroz
22.346068,65.076781,5.924152,lenteja
27.161591,66.760172,6.920090,frijol urad
20.005130,24.777967,5.502999,frijol rojo
24.485506,79.643070,7.051253,yute
25.102677,60.091166,6.739260,lenteja
28.387958,87.493934,6.305091,frijol chino
19.056940,21.276403,5.791774,frijol rojo
22.955609,22.513769,5.834854,frijol rojo
26.423845,56.006052,8.400517,frijol moth
27.926786,86.554320,7.183190,frijol chino
24.238739,87.406556,6.033636,sandía
26.780063,88.078496,6.431050,sandía
27.005391,90.930037,5.583262,coco
23.544162,81.776387,6.681870,algodón
23.366055,72.440065,5.828952,maíz
27.694563,99.276074,6.390382,coco
19.468355,18.252036,8.420019,garbanzo
22.052597,80.826351,6.027531,arroz
20.962098,66.419884,7.283036,lenteja
28.236488,44.913400,5.918473,frijol moth
18.357612,82.944735,6.499605,uva
28.583765,84.911846,5.682404,plátano
29.605031,68.075634,7.371239,lenteja
24.675032,82.059216,5.026141,arroz
23.460447,50.045570,6.020947,café
29.807465,66.535924,6.519779,lenteja
23.120421,74.854998,7.466874,yute
28.408375,69.398893,6.286041,lenteja
27.475619,63.150708,7.204548,lenteja
25.008724,95.592240,6.001936,coco
29.690454,66.130643,7.440662,frijol urad
30.043071,81.663688,5.904381,uva
30.477975,61.605783,7.178453,frijol urad
27.303332,54.751644,6.952127,café
17.528950,90.969746,6.537632,naranja
22.575491,93.390963,6.486945,naranja
25.382706,84.419338,6.842675,sandía
25.740892,84.272072,6.614918,algodón
18.999171,20.282143,5.949976,frijol rojo
23.715540,89.997969,6.147405,granada
21.129571,24.282966,5.777319,frijol rojo
24.170932,58.252046,5.243635,frijol moth
26.478312,51.587649,6.203163,café
24.845772,54.383647,7.007138,café
19.554808,34.824251,5.760511,frijol de palo
22.456967,94.762854,5.605934,manzana
21.434428,22.817898,5.803021,frijol rojo
22.642909,89.223349,6.303922,granada
11.855199,80.016394,6.130860,uva
22.162939,62.858648,5.699864,frijol de palo
24.101130,68.146149,6.563636,lenteja
29.175187,77.772994,5.720324,plátano
25.860751,84.589672,6.661151,sandía
32.143312,51.276152,6.245263,mango
23.232611,54.865840,6.020947,café
18.757429,17.084827,6.991240,garbanzo
26.288581,76.558779,7.169565,yute
26.357709,64.575780,6.505204,café
27.569722,94.962187,6.401947,melón
25.764843,84.172700,6.681607,sandía
26.721195,51.547637,6.246401,café
29.583434,68.368191,6.920092,frijol urad
27.966451,54.964053,5.949859,mango
20.970829,63.463162,7.256929,lenteja
25.794945,84.610223,6.791848,sandía
25.544633,61.304063,7.259358,frijol urad
36.512684,57.928872,6.031608,frijol de palo
29.103963,80.181306,6.742715,frijol chino
22.301574,80.644165,6.043305,arroz
24.134192,82.764269,6.349408,arroz
26.916437,73.486560,6.253409,yute
28.472126,91.213221,6.160414,melón
28.220738,60.557056,7.209269,frijol urad
30.393213,60.162995,7.699201,frijol moth
26.214884,87.688398,6.419052,sandía
38.382315,93.103786,6.985804,papaya
24.621969,85.913585,6.331417,sandía
29.518887,84.066851,6.070288,plátano
18.506928,23.616701,5.679224,frijol rojo
24.184332,83.581478,6.736658,arroz
19.211035,20.629558,5.532984,frijol rojo
23.479869,81.730491,6.720450,algodón
27.262984,42.253406,3.504752,frijol moth
29.018979,76.933159,6.359699,plátano
14.978470,80.499799,6.294396,uva
20.023815,16.632945,6.715587,garbanzo
20.281559,16.395352,8.140825,garbanzo
26.940748,68.016167,7.019392,frijol urad
23.936404,55.143905,6.058172,café
31.012749,62.403925,3.504752,frijol moth
20.073865,90.978197,6.407872,granada
22.814665,77.986296,7.268530,algodón
19.640943,18.590454,7.052865,garbanzo
36.422833,44.296413,4.680202,frijol de palo
24.214783,90.216029,7.345342,naranja
32.863166,91.461887,6.850663,papaya
40.004391,90.170158,6.527110,papaya
27.809615,90.363783,6.772835,melón
22.484030,93.408192,5.772180,manzana
30.608885,46.792477,6.333959,mango
27.620233,85.892842,7.042503,frijol chino
28.272659,61.189562,7.513151,frijol urad
29.367924,76.249001,6.149934,plátano
25.133940,83.196608,5.005307,arroz
29.398367,47.068028,6.826565,frijol de palo
19.709125,61.591274,5.696725,maíz
29.066185,59.165068,8.463837,frijol moth
20.277744,82.894086,5.718627,arroz
31.406107,40.009334,8.602060,frijol moth
25.600337,99.724010,5.855458,coco
24.731144,85.666775,6.774745,granada
38.604238,91.133798,6.756951,papaya
29.420620,64.095901,5.641290,frijol de palo
30.400962,61.461801,6.614296,frijol urad
22.699760,68.103935,6.516226,maíz
25.816166,60.434389,7.456997,lenteja
23.650853,52.543048,6.870665,café
25.776836,63.031495,6.587248,lenteja
26.275206,86.632496,6.956509,sandía
18.461827,67.825255,6.968416,lenteja
34.036195,64.287914,7.741419,frijol urad
23.414503,90.787832,6.110135,manzana
31.997353,50.896166,5.209056,mango
23.468619,59.719173,6.420660,café
11.941286,91.552420,6.749993,naranja
29.224237,79.191089,6.325986,plátano
27.257704,92.974502,6.600444,papaya
27.267866,56.022120,6.894091,café
20.804925,82.052816,6.472602,arroz
28.435321,47.539781,4.963197,mango
38.706822,94.826333,6.573146,papaya
29.648308,94.242882,6.369506,melón
31.694889,92.733647,6.978756,papaya
19.717851,14.742099,6.552151,garbanzo
24.880694,54.113175,7.052926,café
24.644585,85.499382,6.343943,sandía
24.160626,84.464005,6.560287,sandía
23.638879,84.406596,6.481764,algodón
25.509433,57.797541,7.095459,café
28.104202,76.127006,5.880620,plátano
34.557681,50.614577,6.100841,mango
19.489743,17.172603,6.474025,garbanzo
33.353580,53.095843,5.219398,mango
22.426202,91.719709,5.794643,manzana
23.913501,22.554536,5.932947,frijol rojo
22.738502,80.128165,6.175337,algodón
22.126594,90.978183,6.386021,manzana
24.747898,80.626648,6.152515,arroz
29.499613,91.989445,5.890544,coco
29.817208,90.801403,6.640582,melón
30.387782,47.166701,7.713321,frijol moth
28.483431,83.169871,6.697623,frijol chino
23.366575,73.754006,5.855289,maíz
20.166473,23.121923,5.594949,frijol rojo
27.199460,78.808607,5.915055,plátano
29.914544,80.034996,7.154803,frijol chino
25.137363,80.747334,7.224618,algodón
27.761440,96.140908,5.538684,coco
29.010410,92.380059,6.153286,melón
26.088200,62.091688,7.112119,lenteja
29.830522,83.102535,6.648134,frijol chino
31.310039,53.032266,7.093233,frijol de palo
25.235423,80.687005,5.695793,uva
24.384894,88.232769,6.141796,yute
28.528277,82.776496,6.679603,frijol chino
23.730518,62.577301,6.979329,lenteja
34.283214,50.556152,6.069182,mango
24.022507,92.873539,6.775657,papaya
31.960990,67.248409,7.189133,frijol urad
26.560284,92.634560,6.374812,coco
25.367312,40.891056,4.757234,frijol de palo
19.597584,19.904536,5.826662,frijol rojo
25.556567,62.670878,7.279057,café
27.438605,89.041982,6.728927,frijol chino
19.757847,65.696454,7.155163,lenteja
31.263757,44.773514,7.357916,frijol moth
24.043558,84.338050,6.441015,sandía
29.848036,85.906079,6.443141,frijol chino
20.229275,67.848927,6.721501,lenteja
38.430904,82.779959,5.552050,uva
22.462459,94.782806,5.589682,manzana
23.012402,91.376694,6.506262,papaya
20.197826,89.038356,6.196440,granada
28.658204,92.692806,6.151704,melón
25.438843,86.325901,7.274761,yute
24.460812,82.401894,6.001087,arroz
40.538931,90.038631,6.668706,papaya
22.700348,82.451588,5.998556,uva
26.573263,83.579745,5.882577,plátano
25.353848,82.355654,6.198095,plátano
24.738162,83.983517,6.226697,uva
27.626895,94.071757,6.765522,melón
25.812730,39.466320,4.841799,frijol de palo
28.262262,86.205461,6.927959,frijol chino
20.116083,80.138875,6.084203,uva
16.956151,24.769173,5.585046,frijol rojo
35.519814,91.918185,6.563456,papaya
17.928459,14.273280,7.496645,garbanzo
23.961476,90.264080,7.365338,naranja
27.558004,77.273113,6.069651,plátano
31.696704,51.683203,5.575238,mango
25.419513,64.000140,9.088871,frijol moth
26.485647,83.427266,5.921788,plátano
27.778191,92.573638,6.174531,melón
23.854187,74.792566,6.740098,yute
31.994905,50.848813,5.279389,mango
18.595809,89.686214,7.041680,granada
23.198232,71.638580,7.429887,yute
29.678819,90.091398,6.070587,melón
28.315600,80.919979,6.827778,frijol chino
27.951003,68.650728,7.047226,frijol urad
23.572537,61.805777,5.573820,maíz
25.673850,81.621213,6.290998,uva
19.166634,46.215261,5.415071,frijol de palo
20.888187,14.323138,6.492546,garbanzo
26.056650,41.380525,5.295329,frijol de palo
27.492009,69.430138,7.003597,lenteja
24.043558,84.908667,6.677627,sandía
25.532973,94.280133,5.760607,coco
25.463324,50.312927,5.684569,frijol moth
25.677815,69.624638,7.105192,frijol urad
19.525770,17.383820,7.420944,garbanzo
22.217066,94.814849,6.073955,manzana
23.373419,91.592229,6.289659,manzana
23.482069,90.188247,7.409366,naranja
31.789352,48.473208,6.341320,mango
24.204226,61.433787,7.224194,frijol moth
28.048496,64.076919,7.504931,lenteja
17.882681,18.209442,5.639781,frijol rojo
23.915276,93.438304,5.534757,manzana
22.109324,94.821270,7.033963,granada
22.105220,91.090008,6.383057,manzana
27.249836,99.981876,5.791562,coco
22.216125,84.051937,7.290839,algodón
26.490833,47.365348,5.414493,frijol moth
19.853111,14.824928,7.880613,garbanzo
29.729320,55.075245,4.773769,frijol moth
27.584958,63.468686,7.261713,lenteja
19.244628,50.544953,5.671419,frijol de palo
20.134585,14.982379,7.763986,garbanzo
28.986153,54.964053,6.438229,mango
21.243778,63.838413,7.694201,lenteja
19.977161,20.062832,5.800116,frijol rojo
31.827908,52.499527,5.000339,mango
17.539474,16.861306,6.209332,garbanzo
18.118903,90.878416,7.820587,naranja
26.893908,63.291633,5.625272,frijol moth
19.756821,17.832812,6.579164,garbanzo
30.884827,41.365618,7.661537,frijol moth
25.004798,80.499743,6.131977,arroz
26.864775,99.861852,6.313039,coco
22.798093,77.295240,7.260987,algodón
19.046869,94.514621,6.993571,granada
31.094911,48.074476,6.575955,mango
28.667489,89.206019,7.061328,frijol chino
15.773702,19.230316,5.979974,frijol rojo
11.472873,93.979280,7.928489,naranja
28.084348,82.815692,5.716489,uva
29.703298,66.761370,6.511739,lenteja
43.306757,94.577323,6.677876,papaya
24.309793,19.406193,5.814258,frijol rojo
27.688608,79.542345,6.478363,plátano
26.504711,63.322888,6.897891,lenteja
29.851205,90.863140,6.396695,melón
27.342183,88.594942,6.669805,frijol chino
10.010813,91.178473,6.427492,naranja
25.162224,80.303589,6.884174,yute
21.382199,66.093834,7.070023,lenteja
19.813445,14.697653,6.515500,garbanzo
19.901443,18.310057,5.795703,frijol rojo
27.604854,51.349354,5.415628,mango
29.294806,91.450592,6.744589,papaya
19.592670,86.390403,5.811277,granada
22.596153,21.493077,5.941039,frijol rojo
20.408446,89.011083,6.172236,granada
22.190554,92.437642,5.830892,manzana
40.317030,92.896678,6.560529,papaya
27.126768,91.433425,6.456708,melón
27.810056,51.594455,4.749104,mango
26.903901,92.741127,6.593260,papaya
17.089625,16.435353,7.490050,garbanzo
25.607778,67.395011,6.512627,café
26.916419,99.846716,6.318553,coco
21.474889,84.969072,5.782089,arroz
31.005703,90.602239,6.456300,naranja
18.816438,14.674574,7.825508,garbanzo
23.448695,76.297757,7.942750,algodón
29.287355,87.704751,6.538122,frijol chino
29.698265,80.504591,6.486075,frijol chino
25.765051,60.525291,6.235756,café
17.665454,91.698659,6.583412,naranja
26.924495,91.201060,5.570745,coco
23.838771,93.592960,5.953854,manzana
23.955959,81.896908,7.002067,arroz
23.487028,50.920674,6.962895,café
25.097374,68.019783,6.834762,frijol urad
33.583399,91.099966,7.780111,naranja
20.240788,81.545725,7.597336,arroz
23.826376,57.583317,5.874937,maíz
30.460340,63.717436,6.868903,frijol urad
21.156268,90.830076,5.680946,manzana
9.587554,82.509568,5.863164,uva
29.024527,36.411710,4.628040,frijol de palo
36.412958,80.674076,5.772354,uva
23.501282,92.975275,5.786058,granada
18.294383,62.501488,6.116705,lenteja
19.952648,14.826331,7.786366,garbanzo
23.468768,91.805491,5.549477,manzana
31.481368,63.093980,7.768621,frijol urad
39.077500,82.265520,6.259813,uva
24.327701,90.882928,6.610251,granada
24.887991,66.915167,6.330651,lenteja
26.145766,71.236909,6.432052,yute
34.506940,51.347284,5.126899,mango
23.723329,46.604212,7.200684,frijol de palo
22.527093,92.547804,6.365973,manzana
23.621078,60.091166,7.016026,lenteja
25.333224,78.529710,5.893516,algodón
22.527830,82.783837,5.770712,arroz
34.118120,64.055269,7.720157,frijol urad
25.445627,80.701591,7.765900,arroz
18.617679,21.192783,5.795667,frijol rojo
24.985022,68.141656,6.507858,maíz
18.731398,21.348274,5.784608,frijol rojo
25.169872,75.833451,6.209383,algodón
25.118863,80.125163,6.852943,sandía
15.631738,18.199395,5.623124,frijol rojo
26.392617,98.821300,5.786923,coco
33.336473,32.347874,4.758072,frijol de palo
26.394430,52.959251,6.964258,café
26.614192,52.606273,7.487502,café
24.121247,85.035398,6.637087,sandía
21.898543,94.054617,6.962864,granada
20.489152,81.441527,6.138247,uva
26.239366,72.046078,6.269804,maíz
29.842883,93.247100,6.590493,papaya
24.684468,51.739912,7.029892,café
23.690058,90.539675,5.713168,manzana
26.324943,55.096175,8.033783,frijol moth
33.406747,62.695737,6.827344,frijol urad
30.954585,49.494019,6.784078,mango
28.108223,43.388658,6.247291,frijol de palo
24.416696,90.373067,7.268679,naranja
24.516007,59.707997,8.126673,frijol moth
23.070637,91.455037,7.570091,naranja
26.344971,73.403149,6.732614,yute
29.162266,76.161516,5.816622,plátano
26.684896,79.512545,7.012213,yute
24.091875,84.357071,6.577698,sandía
24.792277,89.984052,6.779103,sandía
24.926093,56.643969,6.673414,maíz
29.247236,89.494366,7.084088,frijol chino
22.362848,92.407452,7.199504,granada
18.144189,18.789401,6.961304,garbanzo
20.757102,82.960757,7.350692,arroz
29.540456,59.664041,5.867510,frijol de palo
16.487447,24.403096,5.923410,frijol rojo
27.499381,92.788377,5.826416,coco
20.264866,22.944929,5.875059,frijol rojo
30.902252,49.959555,5.731719,mango
24.303490,90.781211,6.241005,granada
22.476894,94.768637,5.601322,manzana
22.962034,18.653146,5.674944,frijol rojo
20.554232,82.825530,5.726374,arroz
18.071330,90.501024,6.845594,granada
29.638258,92.357659,6.558069,melón
24.806663,80.520238,6.104934,arroz
35.555302,54.417301,6.470328,mango
27.852044,91.133675,6.465096,melón
24.963004,80.206866,6.814720,yute
27.198233,44.365190,6.132849,frijol de palo
25.992374,81.696156,7.248541,algodón
25.744089,52.520546,4.480708,frijol moth
30.104740,46.815481,4.957256,mango
25.629897,69.262880,7.728256,lenteja
23.915308,54.596542,6.740062,café
27.153116,91.292940,6.418190,coco
27.758526,88.924337,6.300494,frijol chino
24.310807,82.911460,6.459633,uva
22.282586,90.036870,5.725053,manzana
42.991636,91.035776,6.501521,papaya
25.948647,72.169271,6.953946,maíz
24.914610,53.741447,6.334610,café
29.029553,61.093875,8.840656,frijol moth
18.780975,55.393781,6.710133,maíz
27.345851,78.487383,6.281070,plátano
21.059381,94.290552,6.116012,manzana
19.357596,61.387627,6.812572,lenteja
28.289051,97.003964,5.973853,coco
23.479341,91.648268,5.589721,manzana
16.065228,18.724797,5.998125,frijol rojo
28.558502,91.746590,6.050406,melón
28.174189,80.397184,5.779586,plátano
27.186553,53.118572,7.487516,café
25.019271,83.609037,5.536758,plátano
38.932871,93.648586,6.548362,papaya
23.892719,61.787794,6.658605,lenteja
29.738841,95.223646,6.326925,coco
18.646073,34.014903,6.173322,frijol de palo
26.316052,98.308095,5.580720,coco
24.278751,82.052664,7.077772,algodón
25.200469,81.165598,6.130496,plátano
29.919861,66.830626,7.038560,frijol de palo
29.519897,92.000811,6.709564,melón
22.519330,93.469185,5.783453,manzana
28.697083,94.307599,6.002927,melón
24.672398,75.170844,7.783484,algodón
22.460545,75.409892,7.456972,algodón
29.047505,65.241886,7.387961,frijol urad
19.070962,21.210923,5.788387,frijol rojo
23.081481,90.149823,6.082314,manzana
38.548253,82.063250,6.045045,uva
31.693783,51.768299,8.953221,frijol moth
24.075716,91.426572,7.596979,naranja
28.499601,44.786408,4.059614,frijol moth
20.832760,80.564962,6.379068,uva
29.781587,90.167978,6.616563,papaya
29.088685,91.789392,6.266607,melón
22.457639,91.273580,6.342435,granada
25.353522,68.152843,6.521464,lenteja
31.728888,57.530970,5.650166,frijol de palo
31.788758,53.302604,5.724658,mango
24.823109,80.692838,6.293727,sandía
30.583759,63.814168,6.826659,frijol urad
39.686351,94.524113,6.993473,papaya
23.293622,50.045570,6.051858,café
21.036527,94.110760,6.094787,manzana
35.685843,51.862745,5.397486,mango
17.147708,18.194326,7.767352,garbanzo
28.559077,34.848694,6.243465,frijol de palo
30.053437,49.284070,6.462728,mango
24.882700,91.890141,6.446775,naranja
21.728234,93.642526,5.776896,manzana
28.034263,78.587156,6.485402,plátano
27.873797,90.322482,6.279720,melón
21.446540,84.943760,5.824709,arroz
25.766970,63.050787,6.624028,lenteja
16.018210,22.449130,5.976802,frijol rojo
13.156120,94.093521,6.307441,naranja
18.067753,82.734955,6.097619,uva
27.647859,86.548388,6.611470,frijol chino
27.462102,63.893283,6.192247,lenteja
21.143475,80.335029,5.594820,arroz
29.221186,81.081836,5.740765,plátano
32.539390,94.525949,6.746761,papaya
25.412377,49.664743,7.437078,frijol moth
28.902454,43.353657,8.923096,frijol moth
29.472024,86.794859,7.196198,frijol chino
25.493868,86.970615,7.299076,yute
24.146944,85.324320,6.702198,granada
22.318943,92.233462,6.470641,naranja
27.692189,90.006217,6.551882,naranja
21.321439,94.329542,7.199504,granada
27.543848,69.347863,7.143943,frijol urad
14.818305,91.373764,6.109743,naranja
27.876809,83.575516,6.202708,uva
24.908055,84.677487,6.178848,sandía
28.218153,88.538918,7.116752,frijol chino
26.516823,77.799136,5.509471,plátano
27.102104,55.749733,6.911066,café
24.767792,84.876690,6.316715,algodón
23.723491,66.685311,7.305391,café
19.662674,86.335812,5.797177,granada
33.783729,81.163143,5.685103,uva
28.690074,86.196474,6.835088,frijol chino
19.621116,18.116709,5.736087,frijol rojo
23.940639,92.999728,5.653304,granada
19.585334,17.612728,7.473901,garbanzo
25.653704,83.475947,7.047526,arroz
27.156194,90.015064,6.775198,melón
20.052374,89.590452,5.835795,granada
24.436670,74.180175,6.621854,maíz
24.483008,80.345855,7.044927,arroz
25.733534,40.482122,5.165817,frijol de palo
28.512977,47.934943,5.640779,mango
22.743104,83.107975,7.670314,algodón
25.288465,60.066282,5.939654,maíz
27.804502,51.864121,6.366259,café
31.398515,49.059092,6.814585,mango
23.183285,60.942175,7.053927,lenteja
32.157658,90.206577,6.727531,papaya
20.300678,60.154715,6.935244,lenteja
26.738802,84.622653,5.712264,plátano
22.123989,91.221715,6.351843,manzana
27.961881,62.167391,8.574795,frijol moth
20.275147,23.235360,5.877348,frijol rojo
24.701186,79.301897,5.993188,algodón
18.131600,82.961355,6.298273,uva
26.003712,84.969072,5.887897,arroz
27.513630,94.189558,5.562912,coco
30.568707,35.538116,5.336913,frijol de palo
23.971611,92.839799,5.874207,granada
20.707787,17.879150,7.570405,garbanzo
25.511875,90.306434,6.922876,naranja
27.415417,87.260828,7.199495,frijol chino
28.182230,75.818056,5.915429,plátano
20.088502,19.714548,7.080418,garbanzo
29.516116,92.564929,6.461226,coco
24.965282,76.398961,7.195394,yute
25.424811,81.483083,6.137727,algodón
22.298801,90.051046,5.714263,manzana
24.706264,60.268542,6.052185,lenteja
26.904298,76.723411,6.260466,plátano
25.008724,93.328843,6.220056,coco
27.096172,63.553243,6.779230,café
25.337977,68.498360,6.586245,maíz
24.849062,22.894646,5.608165,frijol rojo
16.655120,92.297766,6.564811,naranja
40.533722,94.542741,6.980550,papaya
33.850248,68.898474,6.892686,frijol urad
27.531530,48.242442,5.940735,mango
43.269939,93.024719,6.613797,papaya
19.880358,20.221736,5.806468,frijol rojo
23.900496,62.618629,7.010202,lenteja
25.530827,80.046628,5.801048,algodón
23.206489,62.912923,7.713351,lenteja
24.018254,53.766234,7.214079,frijol moth
18.071330,88.078728,5.690879,granada
29.203949,95.669973,5.959493,coco
27.745770,54.369761,7.205079,café
28.341403,87.902061,6.314034,frijol chino
22.173394,90.025751,6.166178,manzana
28.223667,64.272574,7.535926,lenteja
19.167650,16.069416,7.065902,garbanzo
26.767605,96.843400,6.116255,coco
28.984145,94.116483,6.165805,melón
27.808204,82.839801,6.071450,plátano
24.169416,84.345456,6.807522,algodón
23.637986,81.290267,7.430015,algodón
26.671984,76.485417,6.275385,plátano
23.444486,81.353894,5.199428,arroz
24.895633,87.379862,6.727537,sandía
14.905206,80.048337,5.841281,uva
21.584121,20.641874,5.806749,frijol rojo
27.294413,63.473824,6.818732,café
23.140497,75.748748,6.857433,algodón
20.035464,56.268084,6.761805,maíz
27.423228,43.373525,6.043333,frijol de palo
23.513087,76.726214,7.976889,algodón
19.549149,93.339812,6.215825,naranja
18.243603,17.323197,6.525510,garbanzo
24.889510,88.832223,6.356370,sandía
10.010813,90.084774,6.171054,naranja
20.961458,90.540661,6.897509,naranja
23.603016,60.396475,6.779833,café
30.837279,47.927278,5.940629,mango
26.462499,64.409913,6.512334,café
23.448231,60.307669,5.619320,maíz
24.962732,91.991765,6.501269,granada
25.905057,81.899900,6.609827,yute
27.354809,84.178967,5.853572,plátano
22.126476,39.576524,4.989001,frijol de palo
19.936365,20.692156,5.821494,frijol rojo
28.450817,47.956138,5.057440,mango
25.226316,72.108422,6.400065,yute
27.300840,54.999764,7.985022,frijol moth
28.051536,63.498022,7.604110,lenteja
18.409756,69.734572,7.680282,lenteja
25.273028,61.667652,7.287160,frijol urad
31.732070,45.765163,5.357966,mango
17.291570,23.988619,5.870206,frijol rojo
29.682139,90.435390,6.156918,melón
26.356395,83.858231,5.919679,plátano
28.894116,55.316113,6.294598,frijol de palo
12.286942,91.788834,6.175727,naranja
25.889784,83.867191,6.914627,sandía
26.507972,66.062628,6.114240,lenteja
31.128757,52.277319,6.782290,mango
29.408894,86.160635,6.365514,frijol chino
24.340801,20.962619,5.682199,frijol rojo
26.421828,80.189115,6.109629,arroz
20.307571,63.715824,6.420717,maíz
23.862001,87.763362,6.302393,yute
12.644752,91.767626,6.205748,naranja
33.923405,54.292426,6.392402,mango
27.176771,69.217069,6.699137,frijol urad
27.521856,63.132153,7.288057,lenteja
35.538450,52.946419,4.934965,mango
25.037202,76.125964,7.107233,algodón
41.431141,82.777080,6.450824,uva
31.673731,51.701304,5.536883,mango
24.360081,80.599019,7.078047,arroz
19.859890,80.187744,6.133301,uva
27.635513,99.348549,6.384884,coco
32.370710,91.246994,6.706485,papaya
18.967589,58.623815,5.737816,maíz
24.292842,89.701170,7.102218,yute
17.597784,16.434267,7.588410,garbanzo
41.042244,91.372581,6.805277,papaya
27.148653,96.663552,6.027707,coco
22.912924,75.295037,6.174998,algodón
24.309351,56.329383,6.030447,frijol moth
23.873213,84.036831,6.737972,algodón
34.817956,91.056086,6.654742,papaya
27.622307,63.750569,6.098342,lenteja
20.952206,18.743994,5.560728,frijol rojo
18.742516,82.966926,6.275889,uva
27.961588,91.599690,6.293730,melón
25.755715,79.584436,7.095505,yute
32.323622,52.589677,5.842764,mango
26.366657,84.247137,5.705412,plátano
24.399854,53.307097,6.041081,café
31.484693,35.639561,6.574210,frijol de palo
27.708555,97.018844,6.460035,coco
11.346914,80.665688,5.862656,uva
19.167328,62.318324,5.730418,maíz
23.635057,54.978061,6.020947,café
22.883309,71.597224,6.352472,maíz
26.024715,84.809508,6.068275,arroz
19.988752,20.219442,5.794996,frijol rojo
28.578288,80.956290,5.840256,uva
27.477901,77.253598,6.041874,plátano
28.469673,65.654121,6.512901,lenteja
29.082175,92.045778,5.863879,coco
18.890992,89.860452,6.665388,granada
25.130435,75.627616,6.168155,algodón
29.914544,80.034996,7.130521,frijol chino
24.695107,87.791983,6.473532,yute
33.953091,69.961000,7.423530,frijol urad
21.255751,92.270070,6.282386,manzana
25.043073,78.680909,5.736224,plátano
29.461427,64.433106,7.091837,frijol urad
26.210092,82.344295,6.313197,plátano
18.740532,87.790221,6.552116,granada
24.450082,22.872445,5.611517,frijol rojo
23.751078,74.156988,6.782807,yute
22.816264,76.908081,6.540315,algodón
24.157704,69.948073,7.051485,café
26.078161,44.491069,8.096084,frijol moth
18.393519,71.302206,5.695785,maíz
23.179750,63.383180,5.952468,lenteja
22.914920,92.117052,7.714629,naranja
30.242316,91.629768,7.146839,naranja
21.151890,82.702139,6.226490,arroz
24.202365,93.624898,6.599598,granada
24.484692,84.449320,6.187456,algodón
21.170892,90.237302,5.895319,manzana
22.228772,93.733963,6.389705,manzana
18.235675,19.685385,6.967843,garbanzo
31.028765,90.888733,7.202793,naranja
26.100184,71.574769,6.931757,maíz
26.186288,85.194621,6.515378,sandía
28.766828,91.773380,6.139622,melón
29.241469,80.156556,6.270515,plátano
25.543597,84.092298,7.175935,algodón
24.551859,82.494903,6.078865,yute
25.376323,64.001532,7.647717,frijol urad
23.179349,81.393546,6.101950,yute
27.024151,91.240955,6.399384,melón
25.355884,67.820393,6.858654,frijol urad
24.558034,59.481550,5.797073,frijol de palo
25.774236,82.218449,6.984472,arroz
25.967797,81.979043,7.272316,algodón
21.689778,80.360410,6.315006,arroz
25.760117,94.658306,5.764812,coco
25.562061,93.008840,6.948089,papaya
17.615217,19.015112,5.953678,frijol rojo
27.920049,82.932624,5.733540,uva
27.929171,86.207899,7.183933,frijol chino
24.941487,48.470244,8.595231,frijol moth
27.926602,83.591669,6.910429,frijol chino
30.789458,90.348525,6.822643,papaya
19.103428,17.261845,6.586777,garbanzo
28.723369,91.732988,6.124616,melón
23.817805,89.740651,6.128723,granada
23.555517,92.262589,5.686319,manzana
19.819966,89.200922,6.885366,granada
19.016255,19.584839,8.534318,garbanzo
35.018880,56.766565,7.334300,frijol de palo
18.994040,14.697202,7.821006,garbanzo
24.555969,84.282655,6.371731,sandía
24.294702,84.615276,6.527542,algodón
32.386975,53.232824,4.691396,mango
23.094338,73.225188,6.433378,yute
18.922628,15.274320,7.081161,garbanzo
31.262442,49.047379,6.832926,mango
24.214223,84.795994,6.777201,algodón
16.787915,24.968818,5.578410,frijol rojo
24.267095,82.733553,6.354913,arroz
29.780926,84.984765,6.799144,frijol chino
23.794260,81.855931,7.417154,algodón
24.314299,80.466845,6.326769,algodón
20.667441,65.683879,6.728876,maíz
34.534777,93.657488,6.726680,papaya
31.313198,41.660039,8.600369,frijol moth
25.134367,57.434466,6.651509,café
33.791846,69.871299,7.443702,frijol urad
27.840265,89.996156,7.063022,frijol chino
24.714175,56.734265,6.648725,maíz
30.837601,47.751968,7.018597,frijol de palo
20.757611,18.756714,6.362494,garbanzo
25.314685,77.917571,5.907931,algodón
12.637666,81.266393,6.408017,uva
8.914490,82.216202,5.785239,uva
32.147655,51.271917,6.627245,mango
18.375972,23.689257,5.672591,frijol rojo
26.095641,81.279798,6.331788,sandía
31.329956,50.222876,5.421265,mango
31.053505,94.671264,7.338035,naranja
31.783127,68.455473,6.149002,frijol de palo
30.232614,46.927812,4.734577,mango
27.343394,76.175359,6.210523,plátano
28.792110,89.101296,7.078113,frijol chino
26.807699,87.728505,6.526475,sandía
28.039014,60.273526,6.135263,lenteja
20.511524,15.542817,6.085119,garbanzo
20.769522,18.931469,5.568457,frijol rojo
24.105273,80.500672,6.177844,yute
25.565557,76.046130,6.638764,yute
32.319810,93.796605,6.122713,naranja
21.412725,66.675961,7.360459,lenteja
28.871434,86.912812,6.587932,frijol chino
24.413119,89.815740,6.039585,sandía
21.212115,55.513815,5.539465,frijol de palo
24.889212,81.979271,5.005307,arroz
20.414470,82.208026,7.592491,arroz
25.847701,40.816396,5.106137,frijol de palo
29.859691,80.034996,6.666381,frijol chino
19.935587,64.667637,6.772615,lenteja
17.339407,17.007562,6.786408,garbanzo
29.067851,90.976855,6.019372,melón
24.632287,89.015745,7.104095,granada
24.398312,82.802237,6.798850,yute
19.637362,32.315289,4.608695,frijol de palo
24.117018,76.030059,6.033403,algodón
9.095263,80.241492,5.944631,uva
22.738501,94.451852,5.696744,manzana
24.720483,83.236003,6.878012,yute
35.972805,93.373097,6.583168,papaya
29.988354,49.603848,4.931891,frijol moth
26.774637,66.413269,6.780064,café
26.118895,81.106083,7.139681,yute
11.191285,80.718304,5.938836,uva
22.397940,84.647401,7.370513,algodón
20.121934,83.422889,5.725323,arroz
30.015926,53.192124,5.074273,mango
27.255456,86.145000,6.694121,frijol chino
25.664638,76.824011,7.321214,yute
18.979356,17.111480,6.939874,garbanzo
22.941184,75.211621,6.498531,algodón
17.220345,94.787974,6.912033,naranja
34.780588,55.147696,4.877920,frijol de palo
14.502558,80.464869,6.316587,uva
18.268933,16.790793,5.991253,garbanzo
29.218053,64.413725,7.117787,frijol urad
24.926455,78.082197,6.129303,algodón
24.758073,78.699014,7.822905,algodón
20.848092,85.641844,6.133745,granada
23.035662,93.152463,5.848114,manzana
28.493613,96.722772,6.104214,coco
18.928914,20.948811,5.787841,frijol rojo
31.047731,49.151754,3.588147,frijol moth
23.541278,78.765684,6.206963,algodón
23.827530,92.699048,5.844739,granada
17.410868,15.817757,7.256702,garbanzo
27.083374,90.128377,6.734108,melón
28.102261,53.263434,6.934993,mango
22.899954,75.113826,6.422071,algodón
27.536455,55.516732,6.273742,café
24.407267,62.656926,6.410993,café
23.866452,91.378953,7.499629,naranja
24.854093,57.316735,7.158724,café
25.641972,50.968210,5.911447,frijol moth
18.876150,24.540383,5.724242,frijol rojo
27.908781,60.175154,6.157197,lenteja
25.116916,62.847879,6.670837,café
18.845484,19.786403,7.520183,garbanzo
22.936253,71.685687,6.353430,maíz
26.147441,82.425933,7.324948,arroz
25.661205,80.482653,6.964875,arroz
22.260165,91.401069,6.109463,manzana
21.854852,91.427920,6.757806,granada
29.892328,89.715033,7.165121,frijol chino
27.841077,90.776259,6.573049,papaya
16.534604,94.767600,6.475275,naranja
29.575069,69.611311,6.593118,lenteja
23.677352,93.033168,5.648532,manzana
23.666209,67.567200,6.508521,lenteja
19.917296,15.730899,8.099915,garbanzo
28.463979,96.966016,6.091859,coco
26.183363,86.800036,6.096914,sandía
29.943492,93.854991,6.259836,melón
31.760612,49.091237,6.476705,mango
26.844509,42.962980,3.613490,frijol moth
21.826493,80.122675,7.015239,arroz
19.536226,18.924602,5.744741,frijol rojo
24.531251,73.510139,6.646408,maíz
27.888151,91.617238,6.256914,melón
38.956325,82.183621,6.228977,uva
27.107108,50.708810,4.942950,mango
27.061797,52.300317,7.388007,frijol moth
12.800004,81.208764,6.417501,uva
29.349971,61.253539,8.055909,frijol moth
28.042867,51.941420,6.488226,mango
26.653523,81.247515,5.342982,arroz
24.147295,75.882986,6.021440,algodón
17.407578,15.448401,7.815514,garbanzo
12.453744,81.555406,6.148966,uva
16.969647,82.995912,6.064571,uva
25.762943,80.762382,6.427727,yute
18.004233,18.342396,8.868741,garbanzo
25.883243,82.133501,6.320199,sandía
32.888187,92.692639,6.935793,papaya
24.219399,75.224211,7.134454,yute
32.146072,51.380445,6.344458,mango
25.901131,80.471527,6.002482,plátano
25.054106,43.910736,6.047693,frijol moth
24.444716,80.728671,7.141471,arroz
29.755389,86.451933,6.637677,frijol chino
23.177657,84.876690,6.860479,algodón
27.951190,93.463261,6.440303,melón
25.859320,84.053376,6.626170,algodón
22.564831,21.494167,5.934715,frijol rojo
25.538444,81.148600,6.685624,yute
28.332782,93.324076,6.501688,papaya
24.146963,94.511066,6.424671,granada
37.462091,90.449678,6.933810,papaya
23.487321,21.887603,5.747864,frijol rojo
27.546082,86.642692,6.620772,frijol chino
33.769122,53.752915,4.831552,mango
25.235202,79.382928,5.624309,plátano
26.680487,50.800616,7.181842,café
19.551344,90.391985,6.897030,granada
27.677103,54.109012,6.967426,café
20.938929,85.429129,6.124761,granada
22.696721,80.522631,6.143169,algodón
24.203102,66.425379,7.780874,lenteja
24.792789,72.014845,7.373357,yute
33.284631,65.871776,6.818541,frijol urad
20.314923,82.039418,7.603080,arroz
28.062250,76.355985,5.847858,plátano
19.959917,59.331578,5.982855,frijol de palo
29.607188,93.156428,6.573980,papaya
28.919908,99.707238,6.200218,coco
22.546003,93.888990,5.871437,manzana
25.008724,95.976152,6.145755,coco
29.287627,77.359082,5.713139,plátano
28.576106,90.580553,6.129077,melón
19.306073,23.963628,5.591561,frijol rojo
28.836010,69.761129,6.890760,lenteja
22.920523,85.129122,6.988035,granada
28.104995,81.083870,6.849558,frijol chino
24.525736,84.436559,6.226269,sandía
10.010813,90.094593,7.388327,naranja
20.767748,63.901642,6.366356,lenteja
25.087784,85.668172,6.956509,sandía
26.820398,76.559628,6.297885,plátano
28.625594,65.428511,7.591137,frijol urad
29.211449,84.701899,6.158164,plátano
27.300086,90.800153,6.031666,melón
28.330474,95.614005,5.654910,coco
28.547695,92.255273,6.050525,melón
24.671578,88.810090,7.120544,granada
29.124711,76.529316,5.611301,plátano
22.169395,90.271856,6.229499,manzana
28.045635,61.025316,8.556305,frijol moth
24.664862,82.637573,6.184371,sandía
10.364536,93.845582,7.858415,naranja
25.963084,82.578136,5.838748,uva
22.585837,63.924807,5.789749,maíz
19.681409,19.680131,5.815903,frijol rojo
29.337105,90.817814,6.739170,papaya
23.655962,90.679749,5.750760,manzana
21.423906,92.878961,6.177389,manzana
27.829865,79.767031,6.490074,plátano
27.984511,79.488025,6.240464,plátano
22.112179,79.108415,7.366172,algodón
23.817673,51.715477,4.778894,frijol de palo
23.884305,75.255644,6.004994,yute
29.944139,65.612638,6.965703,lenteja
22.423322,21.427092,5.960940,frijol rojo
22.447910,94.731635,5.573983,manzana
26.757542,81.177340,5.960370,arroz
26.284005,66.634484,5.555010,maíz
31.852069,90.122203,6.407716,naranja
23.970814,62.355576,7.007038,lenteja
31.533564,53.060093,5.821106,mango
23.145040,83.054934,5.291627,arroz
17.701312,14.866681,8.605148,garbanzo
27.774413,88.797130,6.295841,frijol chino
24.389722,80.591611,6.162018,algodón
24.855918,85.479981,6.106448,sandía
18.810973,21.278330,5.889615,frijol rojo
26.079974,61.991622,6.544503,café
27.625013,54.934815,6.962912,café
19.012808,39.100759,4.836339,frijol de palo
20.336472,63.771565,6.654417,maíz
15.604619,18.709021,5.992454,frijol rojo
27.811328,97.484106,6.465906,coco
32.805378,69.190199,5.324250,frijol de palo
19.046516,18.297341,6.664942,garbanzo
27.207105,90.527508,6.112572,melón
29.540700,87.776348,7.199495,frijol chino
29.663816,80.362544,6.471472,frijol chino
22.514069,89.247829,6.328463,granada
29.698275,90.015064,6.068166,melón
29.061450,92.167386,6.433650,melón
19.417120,17.168925,6.563003,garbanzo
16.895789,91.431183,6.479106,naranja
24.622765,69.623639,5.762536,maíz
18.683288,19.085666,6.465797,garbanzo
29.911097,91.137196,6.369841,melón
27.130677,79.975638,6.144453,plátano
28.927531,54.664899,6.431773,mango
26.664403,56.109734,6.802260,café
23.176696,91.620968,6.860264,granada
19.711216,89.544488,6.604237,granada
23.606073,72.040356,6.625488,maíz
26.406862,67.036424,6.239350,lenteja
26.407845,80.137306,6.132699,arroz
23.567681,79.062453,7.357611,yute
26.284017,75.146402,7.251847,yute
20.627675,14.440089,6.403982,garbanzo
18.639552,90.679937,7.734089,naranja
20.465626,16.627688,6.193984,garbanzo
26.605947,70.882596,7.323784,yute
23.628049,70.882642,6.778954,yute
26.613047,81.143699,6.024717,arroz
29.944139,60.863810,7.493170,lenteja
22.144641,93.825674,6.400321,manzana
30.151992,64.237538,7.600934,frijol urad
28.344771,60.545683,7.184596,frijol urad
29.933585,94.015472,6.114091,melón
28.200188,83.717529,6.742601,frijol chino
27.982994,62.408277,7.621330,frijol urad
26.933816,74.153475,6.979800,yute
18.781441,20.383855,5.980049,frijol rojo
25.010185,78.667639,5.730649,plátano
18.131730,18.710855,5.938315,frijol rojo
34.969009,39.784513,5.611944,frijol de palo
21.013737,81.114160,6.147665,uva
27.064257,57.758025,6.505273,café
23.912627,59.981921,5.724725,maíz
23.293868,90.294705,5.797101,manzana
32.263660,50.259538,5.235486,mango
17.902730,17.745507,7.724214,garbanzo
24.372328,85.192469,5.816318,granada
29.095883,94.167484,6.159051,melón
31.951347,50.536990,6.072949,mango
41.242954,81.187276,5.582872,uva
23.502979,61.320261,5.584171,maíz
25.210934,83.229646,5.558327,plátano
26.565440,81.264206,6.956509,sandía
29.785506,90.190105,6.137272,melón
25.505738,75.769409,6.180520,algodón
22.539437,81.342528,6.758873,algodón
25.830484,93.186773,5.872502,coco
29.784167,85.169070,6.793856,frijol chino
10.045791,80.051524,6.211719,uva
22.670614,88.473197,6.802275,granada
29.425814,89.597520,7.113684,frijol chino
23.763872,83.081644,5.549015,arroz
26.567673,80.904245,6.352771,yute
25.010594,76.459917,7.018588,algodón
28.083705,77.625393,5.669983,plátano
31.673059,66.836903,7.246890,frijol urad
23.862001,92.773985,5.926324,granada
40.342193,94.367301,6.993473,papaya
26.383819,90.221569,6.856913,naranja
33.206550,62.298759,6.610751,frijol urad
27.932281,63.272217,5.966946,lenteja
23.564383,79.462831,7.321619,yute
28.243647,97.072477,6.017339,coco
29.278647,65.420705,7.567142,frijol urad
25.043518,80.684924,7.338878,algodón
31.384694,42.656332,6.462032,frijol moth
23.825767,24.754851,5.624690,frijol rojo
17.740765,18.392625,5.950587,frijol rojo
22.346502,89.918736,5.618773,granada
24.728957,54.874298,7.033137,café
30.356908,90.190309,7.044232,naranja
29.577843,62.589814,5.727285,frijol de palo
21.350934,90.949297,7.871063,naranja
18.872023,90.670806,7.865571,naranja
26.485090,77.545522,5.508253,plátano
27.024151,91.666389,6.097283,melón
26.886307,41.696179,4.750929,frijol de palo
23.469221,82.654606,6.077602,uva
24.632670,85.905393,6.384447,sandía
27.255435,91.713694,6.969883,naranja
24.923601,18.165306,5.576081,frijol rojo
30.036821,65.865086,7.028775,frijol urad
26.374624,76.549617,7.166429,yute
25.878888,50.365524,6.896730,café
22.923610,82.687385,7.637378,algodón
30.488816,61.194927,7.189183,frijol urad
23.089507,90.225073,6.096753,manzana
19.304854,15.460603,6.141561,garbanzo
22.440750,92.707851,5.685062,manzana
21.580479,20.311483,5.820261,frijol rojo
27.058265,91.105104,5.677283,coco
24.840686,81.925976,6.833912,yute
25.617688,93.055394,6.807704,papaya
19.971409,55.931065,5.699422,frijol de palo
26.859113,41.814208,5.131779,frijol moth
33.106362,94.613730,6.747063,papaya
39.707722,82.685935,5.554832,uva
24.472056,86.991750,6.439336,sandía
20.879474,90.937562,6.251587,naranja
38.049909,90.445166,6.939055,papaya
27.855469,76.313726,6.026269,plátano
25.658425,61.182358,7.224059,frijol urad
10.010813,90.328070,6.200501,naranja
21.674704,47.858205,7.292923,frijol de palo
25.939835,96.506748,6.309538,coco
24.605175,51.635500,7.261446,café
19.678321,89.089357,6.890784,granada
31.058051,40.719644,4.922887,frijol moth
40.428606,81.283166,6.379001,uva
22.017382,87.895796,7.186253,granada
28.378305,85.123269,7.177403,frijol chino
24.447439,82.286484,6.769346,yute
22.802131,84.146684,7.046607,algodón
29.407313,68.115096,7.410088,lenteja
28.739602,52.746289,7.803473,frijol moth
17.475010,16.543148,6.180427,garbanzo
20.945651,63.023770,6.394080,lenteja
21.234339,19.312754,5.730300,frijol rojo
19.794847,24.423147,5.783341,frijol rojo
28.878630,95.113203,6.203377,coco
21.770462,80.319644,7.038096,arroz
25.342222,71.716395,6.372663,yute
24.771703,89.260509,6.066760,sandía
33.151226,32.459745,4.807777,frijol de palo
29.773072,69.418561,6.832676,frijol urad
23.832708,83.377254,5.466028,arroz
20.688999,59.437534,6.864794,maíz
25.787206,82.111240,6.946636,arroz
24.561429,81.726872,7.010151,algodón
33.181842,38.231847,5.864623,frijol de palo
24.360007,90.993622,5.793030,granada
26.367314,86.731358,6.956126,sandía
24.238506,54.303296,6.734105,café
18.578234,94.380628,6.649318,naranja
23.422660,91.012008,6.075927,manzana
24.495391,83.245707,6.285464,uva
22.387220,58.526463,6.995844,maíz
21.726274,18.309433,5.872715,frijol rojo
29.299348,91.592768,6.644734,melón
29.854097,90.706709,6.660448,melón
27.613180,45.385554,4.968978,mango
23.163097,72.933108,5.824229,maíz
25.576014,79.515844,7.041051,yute
23.715146,89.562461,6.531746,granada
29.084701,82.145288,6.897757,frijol chino
27.385003,81.167797,6.490074,plátano
32.997340,48.362202,7.147909,frijol de palo
24.874255,64.002139,7.198076,lenteja
30.141992,51.162187,6.877359,mango
26.190996,78.699697,6.053052,yute
33.460594,53.378833,4.716965,mango
28.826290,94.267653,6.201798,melón
31.599182,57.492040,5.893754,frijol moth
31.733094,56.682426,6.172312,frijol moth
27.183777,93.192349,6.781050,melón
26.296449,99.658092,5.685889,coco
23.315956,93.303454,7.486211,naranja
26.511888,83.984554,7.738611,arroz
23.455483,72.053000,7.056412,yute
28.517493,89.183656,6.218924,frijol chino
29.318075,87.974646,6.528349,frijol chino
19.258256,14.280419,7.545258,garbanzo
24.976338,81.877566,5.005307,arroz
29.442505,90.928667,6.725512,papaya
23.188667,86.208997,6.491506,yute
28.398444,96.012579,5.700451,coco
23.365696,92.930270,6.770170,papaya
28.086572,80.350059,6.760694,frijol chino
24.246217,76.632069,6.421930,algodón
23.813895,74.829137,6.259704,maíz
18.147101,71.094453,5.573286,maíz
29.062894,83.928056,6.581276,frijol chino
26.038677,84.637838,6.031424,sandía
32.999347,67.027658,5.374734,frijol de palo
18.481102,64.461621,6.389114,maíz
40.834969,91.357256,6.808563,papaya
25.740132,80.026213,6.212834,sandía
18.419330,64.235803,6.474477,maíz
28.781196,90.520142,5.887248,coco
22.950697,18.487536,5.660257,frijol rojo
27.076727,90.143626,6.746695,melón
14.852505,80.543555,6.311237,uva
19.284199,80.595722,5.541259,uva
19.883940,20.315641,5.789214,frijol rojo
18.319104,38.339423,5.017487,frijol de palo
29.539275,41.212706,6.379131,frijol de palo
23.435128,82.653331,7.978351,algodón
22.839855,91.988082,6.220806,manzana
29.196011,49.192748,8.965770,frijol moth
28.877842,97.998976,5.555978,coco
21.695131,62.321479,5.823152,maíz
16.855021,19.949555,5.519411,frijol rojo
30.130198,52.447130,6.686029,mango
18.658909,16.104179,7.808883,garbanzo
28.523141,66.593575,7.341050,frijol urad
20.011260,15.050394,7.837983,garbanzo
24.875728,82.050407,7.950029,algodón
25.432894,84.412969,6.647139,yute
34.638810,61.385979,7.699507,frijol urad
26.566510,69.862545,6.852271,café
30.324680,59.181109,4.603884,frijol moth
23.842547,76.752504,7.994680,algodón
32.277987,39.352918,5.815057,frijol de palo
19.014410,87.820791,6.575043,granada
25.297320,65.937208,7.734505,lenteja
25.685835,84.388627,6.010778,plátano
26.355095,77.318132,6.855823,yute
16.259410,81.227764,5.794776,uva
35.594308,39.429288,5.526226,frijol de palo
33.657367,35.115967,4.548202,frijol de palo
28.894167,67.886999,7.153233,frijol urad
26.874839,79.787252,6.956683,yute
31.111619,44.537870,7.676517,frijol moth
27.672020,93.029197,6.220246,melón
22.182673,90.286186,6.247059,manzana
31.151006,43.536460,7.985955,frijol moth
22.525740,80.764898,6.582047,algodón
27.936724,91.526460,6.625797,papaya
20.192448,21.865917,5.959869,frijol rojo
27.094124,91.093381,5.670177,coco
29.433006,64.402476,7.521247,lenteja
29.672291,83.714990,5.891196,uva
26.796524,78.114928,7.114988,yute
33.621582,94.674363,6.783101,papaya
25.949517,93.405487,5.842318,coco
31.532438,90.873949,6.511625,papaya
24.188995,83.590127,5.662339,arroz
22.450665,92.631654,5.677226,manzana
19.738185,89.974637,5.963600,granada
28.546224,66.313941,7.368319,frijol urad
15.330426,23.708179,5.703604,frijol rojo
35.512638,92.382532,6.819489,papaya
20.395848,47.095186,6.171552,frijol de palo
21.118081,87.469749,7.037131,granada
33.936799,52.721703,6.460543,mango
27.638349,95.487634,5.859719,coco
23.304795,77.396345,7.994680,algodón
27.527898,49.090574,5.972132,mango
27.401046,56.442156,7.137609,café
25.840613,91.148732,5.853500,coco
40.026055,94.531863,6.993473,papaya
25.303608,80.444007,6.926933,sandía
32.611348,91.300003,6.529707,papaya
25.820340,82.070100,5.819331,plátano
21.836032,91.531630,6.499227,manzana
27.789840,82.601881,5.785767,plátano
26.466602,83.704803,7.439671,yute
26.762749,92.860569,6.420019,coco
28.242386,62.600637,7.615208,frijol urad
31.398973,57.821731,4.845259,frijol de palo
22.537797,91.481358,5.710820,manzana
28.834592,64.703102,6.983320,frijol urad
20.700928,60.736672,6.987625,lenteja
19.483168,17.445346,7.476801,garbanzo
24.094576,55.179305,6.783892,café
33.405380,45.909904,6.967418,mango
34.086257,38.020224,5.653637,frijol de palo
24.890250,81.909428,6.317370,yute
17.182484,16.428918,7.561108,garbanzo
28.390084,63.257166,7.556038,lenteja
29.884821,94.647761,6.359093,melón
35.787774,51.941903,5.395276,mango
37.881660,91.960171,6.964354,papaya
27.253734,52.663197,5.566704,mango
23.729603,93.110901,6.527952,naranja
27.006484,96.461689,5.627861,coco
17.322080,18.822841,5.944845,frijol rojo
19.786550,89.843653,6.988231,granada
28.017752,68.667816,7.299085,lenteja
25.271089,87.869422,6.475066,sandía
27.433294,87.805077,7.185301,frijol chino
21.318521,66.439346,7.320515,lenteja
29.030650,90.790939,5.894027,coco
21.295940,59.512983,6.658044,frijol de palo
27.317912,51.669211,6.005243,frijol moth
23.103724,84.475157,7.810742,arroz
25.427353,44.272145,9.935091,frijol moth
25.031432,74.133013,6.494152,maíz
28.894329,92.060588,5.981262,coco
28.961678,93.236561,6.340897,melón
21.130195,22.813043,5.794919,frijol rojo
27.841670,86.855574,6.356960,frijol chino
30.978103,46.229612,6.987516,frijol moth
26.052834,55.766798,7.280116,café
23.692122,93.610556,6.912300,papaya
29.875702,83.147963,6.623438,frijol chino
34.288793,93.610829,6.721131,papaya
24.359740,83.139225,6.126300,yute
30.017450,45.817806,5.680810,frijol moth
21.378820,91.893303,5.807070,manzana
25.284418,61.088865,7.111653,lenteja
26.802398,87.714949,6.531684,sandía
26.250703,67.627797,7.621495,lenteja
27.514773,48.243237,5.912603,mango
28.049147,82.331622,7.047818,frijol chino
42.744461,92.968126,6.852050,papaya
21.805055,65.497885,7.539043,lenteja
28.311933,75.773638,6.165001,plátano
30.927664,46.312871,9.485698,frijol moth
27.896584,88.805760,6.788875,frijol chino
28.371588,95.701996,6.154546,coco
24.509161,83.557857,6.633993,arroz
25.901741,82.130071,6.274794,sandía
16.737407,24.615398,5.583529,frijol rojo
24.903582,22.275127,5.708366,frijol rojo
28.472912,37.045827,4.668550,frijol de palo
26.839998,83.721990,6.114743,sandía
31.227901,94.940214,6.620730,papaya
29.408335,60.501031,7.473044,lenteja
12.087022,83.593987,5.932029,uva
25.469160,75.683077,6.188003,yute
25.408338,53.470504,4.310687,frijol moth
24.085686,94.688916,6.423812,granada
27.225727,61.981431,6.831269,lenteja
30.918707,32.836493,7.233139,frijol de palo
24.638880,84.876690,6.226824,algodón
26.287114,73.704528,6.741963,yute
17.000676,19.907905,5.520880,frijol rojo
22.468076,89.559720,6.754590,granada
20.611622,24.363141,5.792745,frijol rojo
22.223330,80.571011,6.104424,arroz
21.014891,21.306920,5.563749,frijol rojo
22.860195,94.695042,5.970425,manzana
23.283650,23.246887,5.628188,frijol rojo
25.721749,81.865880,5.795628,plátano
19.543172,56.928314,4.803564,frijol de palo
31.999286,57.934590,6.478196,frijol moth
24.313350,87.474091,6.074210,sandía
26.683865,92.958541,6.583760,papaya
31.152048,90.185819,6.425784,naranja
23.090364,21.347346,5.874072,frijol rojo
24.969297,90.173405,6.680432,papaya
24.946855,86.485013,6.209973,sandía
23.303553,73.625484,5.873242,maíz
24.597273,84.803367,6.303915,algodón
27.779778,63.129987,6.823036,frijol urad
29.689108,63.462939,7.448638,frijol urad
26.923584,86.237875,6.737705,sandía
21.874344,94.683818,6.630142,granada
25.116903,46.087461,5.012611,frijol de palo
25.231452,66.669654,6.326209,lenteja
24.701249,22.118672,5.713257,frijol rojo
23.960326,71.341586,7.150345,yute
24.110213,92.915645,5.709935,granada
26.801351,62.152668,6.882345,café
17.086072,24.843281,5.571846,frijol rojo
26.619371,84.061495,6.527882,sandía
20.104153,15.657910,8.187676,garbanzo
25.418640,81.121230,6.286388,sandía
19.570080,92.074131,7.831728,naranja
27.118998,62.755512,6.890378,lenteja
35.493334,49.479315,6.054877,mango
40.828769,81.623244,6.342857,uva
29.752662,83.396949,6.008231,plátano
38.553972,80.080602,6.499605,uva
26.346977,65.820162,6.126313,lenteja
28.453894,91.838363,6.185246,melón
26.759288,87.247851,6.864868,sandía
26.281617,86.948849,6.105244,sandía
27.439745,56.511803,7.109829,café
23.615711,77.610207,7.335757,algodón
20.864749,91.617936,6.277149,granada
20.795318,14.258040,6.488529,garbanzo
27.272205,94.153722,6.090543,melón
16.612659,81.981148,5.659533,uva
24.756572,72.121812,7.383664,yute
18.583761,35.092534,4.712951,frijol de palo
25.900296,73.886706,6.470050,maíz
19.816329,17.659702,6.703787,garbanzo
11.971832,80.653775,5.810227,uva
24.432839,88.971574,6.220513,yute
23.416052,60.494270,6.467204,café
27.263044,88.766199,7.038108,frijol chino
22.860066,93.128599,5.824152,manzana
19.659872,18.137077,7.269292,garbanzo
23.965635,76.976967,7.633437,algodón
26.833686,61.590755,6.829527,frijol urad
18.633601,81.143543,5.953738,uva
24.085266,81.816709,6.935872,sandía
31.311598,82.564070,5.972851,uva
22.805603,56.507689,5.791650,maíz
29.609307,86.818918,7.138112,frijol chino
27.499672,91.874940,6.400962,melón
25.482901,68.553337,6.539270,maíz
24.294966,77.629760,6.176619,yute
23.730801,84.596291,6.526060,algodón
24.722198,74.536684,6.570464,yute
23.094338,78.388948,7.113804,yute
24.323599,62.931275,6.399009,café
29.146807,95.243474,6.153943,coco
21.047439,90.586638,5.895800,manzana
34.165554,67.124438,6.542523,frijol urad
18.739322,81.121092,5.931538,uva
33.941807,93.600122,6.727355,papaya
23.118597,82.746834,7.683373,algodón
27.699365,58.343349,7.075205,frijol moth
28.828154,84.301601,5.632796,plátano
30.458216,52.626829,6.556676,mango
29.488830,91.075742,6.365957,melón
12.324189,81.333992,6.422107,uva
16.637405,20.864760,5.708103,frijol rojo
25.695825,40.899867,4.910916,frijol de palo
26.650693,57.566957,6.351182,café
18.539447,61.597819,6.604366,maíz
28.682196,91.287886,6.056060,melón
28.033123,65.217682,6.837721,frijol urad
18.172350,14.700860,6.358740,garbanzo
27.834871,83.514450,6.208197,uva
36.546979,31.950420,5.575213,frijol de palo
29.210412,80.389643,5.917831,plátano
25.848795,87.816617,7.333143,yute
31.023464,90.779036,6.501521,papaya
23.564276,80.977195,5.142203,arroz
17.633811,15.137879,8.520825,garbanzo
24.528429,78.915075,6.951163,yute
22.491856,91.237740,6.036955,manzana
18.367780,19.635688,7.198167,garbanzo
19.844865,20.433685,5.798194,frijol rojo
20.409805,16.744786,8.786904,garbanzo
32.476483,64.348487,7.397191,frijol urad
30.224357,52.606454,6.648845,mango
27.608874,86.133164,7.012740,frijol chino
19.173046,50.783834,5.740658,frijol de palo
24.551284,90.475372,6.801511,naranja
17.776390,15.798596,7.749915,garbanzo
28.349119,82.481501,6.414825,frijol chino
22.747806,90.577166,5.689300,manzana
31.836195,51.065446,6.397264,mango
25.212896,93.002910,6.817583,papaya
17.441867,14.404853,7.929530,garbanzo
26.757176,89.728302,6.536631,sandía
27.335683,65.911804,7.050069,frijol urad
23.803215,89.677373,6.094268,granada
31.493901,53.119925,8.775099,frijol moth
26.192620,91.353025,5.877392,coco
24.405247,58.763665,8.286360,frijol moth
27.284044,49.191307,6.022293,mango
21.697870,24.969699,5.872721,frijol rojo
30.222365,64.573149,8.489145,frijol moth
23.668054,70.890007,6.768001,yute
29.035541,78.091798,5.658560,plátano
24.694725,88.332542,6.615460,sandía
21.129920,24.872368,5.644043,frijol rojo
23.728452,57.619166,5.934638,maíz
33.863512,68.592323,6.880246,frijol urad
25.636163,83.779201,6.898293,sandía
23.749404,60.103667,6.084046,café
31.207726,54.286942,6.715308,mango
27.807077,99.490689,6.399055,coco
15.658081,80.016394,5.837250,uva
21.667330,24.399862,5.998125,frijol rojo
38.441872,93.637390,6.544030,papaya
23.194816,82.987625,7.128501,yute
19.158398,80.127408,6.117631,uva
19.049578,62.727137,6.261925,lenteja
22.406535,91.803168,6.176166,manzana
35.268248,92.382830,6.821775,papaya
29.429476,93.408104,6.356358,coco
28.127525,91.488761,6.269004,melón
29.573295,88.075055,7.199495,frijol chino
27.942323,83.759882,6.603800,frijol chino
32.474015,93.338606,6.915880,papaya
28.446265,95.267586,6.143882,coco
19.320108,14.258040,7.442451,garbanzo
21.194899,22.924421,5.759099,frijol rojo
17.483954,14.760145,6.609697,garbanzo
27.536337,85.802989,7.155697,frijol chino
28.352796,88.162840,6.476900,frijol chino
25.768911,88.484250,6.016828,yute
28.149389,81.544489,5.790768,plátano
26.138787,52.263117,7.432322,café
29.217800,87.937242,6.544502,frijol chino
25.070390,66.719192,7.423958,lenteja
29.343174,60.503209,9.072011,frijol moth
27.147935,80.006808,6.127710,plátano
31.713933,83.893152,5.899225,uva
41.323665,82.637216,5.575022,uva
29.180326,92.730412,6.025790,coco
23.443723,60.395233,6.423211,café
24.667801,82.962223,6.204201,sandía
28.120432,81.963863,7.095344,frijol chino
32.645513,68.705612,7.505953,frijol urad
12.673589,93.312536,7.640992,naranja
26.213232,61.838819,7.024543,lenteja
19.826301,14.672060,6.582613,garbanzo
19.043805,33.106951,6.121667,frijol de palo
22.749533,82.560378,7.560965,algodón
21.941025,91.125200,6.127388,manzana
22.000851,79.727800,7.414392,algodón
27.024151,91.667376,6.085445,melón
27.730173,97.419183,6.470466,coco
27.242510,96.860239,5.950654,coco
28.721487,91.658586,6.094848,melón
26.485489,77.681732,6.295228,yute
24.420635,81.423294,6.118553,sandía
30.303445,45.510862,6.398409,frijol de palo
23.885258,81.006813,7.147640,yute
33.378589,62.854458,6.606227,frijol urad
28.900943,98.286724,5.505466,coco
20.437434,59.987863,6.883921,maíz
19.134629,20.827406,5.784854,frijol rojo
27.104996,86.814130,7.087146,frijol chino
27.335809,55.277559,8.050304,frijol moth
27.888947,91.629787,6.745586,melón
25.631638,72.331289,6.002525,yute
20.091538,24.935702,5.524882,frijol rojo
28.698999,62.205173,7.841496,lenteja
23.232666,87.731254,6.673064,yute
29.437843,91.778508,6.115495,coco
22.511785,92.640795,5.733931,manzana
29.422587,65.627222,6.889614,lenteja
19.928895,21.799921,5.961934,frijol rojo
25.965342,89.770767,6.849472,sandía
23.829322,92.879408,5.550889,manzana
23.093581,35.604760,6.977327,frijol de palo
22.528574,91.607128,7.596512,naranja
29.259029,95.112947,5.542169,coco
23.927895,90.710244,6.976987,naranja
29.766631,68.688734,6.820545,frijol urad
23.558821,71.593514,6.657965,maíz
25.352379,83.695040,6.123937,algodón
24.744439,85.871738,6.102447,sandía
30.329922,65.629719,7.012855,frijol urad
24.262234,94.411420,6.475549,granada
16.064094,22.578432,5.955554,frijol rojo
21.137081,90.806804,5.630707,manzana
16.900485,94.795673,6.513480,naranja
29.783220,85.420213,6.807915,frijol chino
28.124880,90.860977,6.567761,melón
29.363450,47.149733,6.380679,frijol de palo
31.199506,90.659439,6.383572,naranja
26.573300,41.410915,5.280063,frijol de palo
28.361948,93.616983,6.072094,coco
28.571920,83.322346,6.270932,frijol chino
25.585273,68.992369,6.323014,café
22.106214,91.340396,6.769856,granada
29.047346,92.997387,6.367969,melón
22.760186,89.292960,6.304030,granada
35.386911,53.066158,4.935108,mango
27.816258,86.672363,6.382310,frijol chino
17.273541,94.376203,6.662305,naranja
24.924463,92.551775,7.128782,naranja
26.861946,88.003035,6.543058,sandía
24.832066,44.170850,5.885097,frijol moth
25.235634,80.626664,6.263857,plátano
43.675493,93.108872,6.608668,papaya
36.731266,80.589319,5.775600,uva
29.202044,82.850312,5.810669,plátano
25.010185,78.863054,5.771818,plátano
23.715349,93.793559,6.163027,manzana
26.271759,83.486417,5.905409,plátano
25.085454,83.735312,6.868646,arroz
22.951700,93.352035,5.862533,manzana
25.526329,71.964340,6.002525,yute
29.688122,52.245149,5.178547,mango
22.650224,90.498391,5.661725,manzana
28.959693,53.397685,7.642158,frijol moth
19.991569,89.393755,6.070690,granada
19.446150,24.307069,5.668071,frijol rojo
27.620573,63.371908,6.791137,frijol urad
19.737279,89.447534,6.839114,granada
20.140352,60.569010,6.768252,frijol de palo
29.050988,91.479707,6.781050,melón
25.951333,53.914156,6.804009,café
32.445961,66.813571,7.179219,frijol urad
24.457093,83.748381,6.678230,arroz
23.928879,88.071123,6.880205,yute
18.093002,72.610242,6.376651,maíz
17.310828,14.389280,6.283770,garbanzo
42.977783,90.336688,6.953730,papaya
12.307289,93.886067,6.358597,naranja
24.913830,67.291569,6.531311,maíz
26.483162,66.541445,6.269193,lenteja
24.284231,87.810374,6.507634,sandía
27.697563,62.114316,7.581811,frijol urad
27.229898,47.710776,5.600036,mango
23.316891,73.454154,5.852607,maíz
26.745280,88.254437,6.467981,sandía
37.907932,91.693412,6.698822,papaya
24.910796,60.713674,7.142611,lenteja
27.345543,90.535226,6.137664,melón
23.770481,74.653490,6.256700,maíz
29.834043,86.800686,6.640597,frijol chino
27.996279,68.642859,7.327110,lenteja
18.980273,74.526008,6.092726,maíz
22.014644,63.418895,6.759609,lenteja
30.650555,92.532812,6.375340,naranja
26.509379,76.759612,7.194620,yute
11.598751,94.964199,6.925272,naranja
23.004208,93.965386,5.948416,manzana
26.088679,80.379799,5.706943,arroz
35.474783,47.972305,6.279134,mango
28.970560,78.018615,5.663754,plátano
23.489579,91.436335,5.664279,manzana
18.562069,83.485350,6.178937,uva
19.557508,64.452683,6.818681,lenteja
30.559924,35.290065,6.979540,frijol de palo
23.723677,61.462060,5.591954,maíz
18.518168,55.531281,6.641906,maíz
29.195159,85.182021,6.218924,frijol chino
29.840708,93.763129,6.126020,melón
25.436695,60.946329,7.220561,frijol urad
23.361197,60.198268,6.714759,café
22.117059,94.888554,6.089672,manzana
25.413808,81.519175,6.956509,sandía
28.218925,83.740727,6.656148,frijol chino
27.104711,93.669585,5.557015,coco
27.863965,65.700403,6.912507,café
27.718107,92.776187,6.202102,melón
30.483530,47.065530,7.695456,frijol moth
23.758126,94.652428,6.499227,manzana
23.094338,86.239205,6.433480,yute
29.696792,88.407213,6.559593,frijol chino
27.673640,47.799395,5.874170,mango
29.236629,80.064498,6.717809,frijol chino
23.500099,83.634890,6.219469,algodón
23.094338,75.805737,6.537022,yute
38.031712,93.162125,6.979751,papaya
22.642369,21.593961,5.947000,frijol rojo
29.429334,51.706615,5.032388,mango
34.946616,65.289500,7.129187,frijol urad
26.633393,48.714638,5.804497,frijol moth
21.637540,65.384530,5.956400,lenteja
26.183377,85.022617,6.544720,sandía
29.490967,67.106044,6.471862,frijol de palo
26.139584,96.385808,6.338721,coco
23.423990,71.775220,6.617893,maíz
31.716889,50.574254,6.023451,mango
22.433245,92.486677,5.800449,manzana
19.547251,18.361736,7.316807,garbanzo
24.043558,81.444294,6.949223,sandía
26.608979,82.454428,6.819513,sandía
24.380419,61.184582,6.868882,lenteja
20.524575,82.010826,7.295732,arroz
29.380267,92.000755,6.696976,melón
23.821360,22.783740,5.939784,frijol rojo
42.920078,90.038631,6.934321,papaya
28.225850,91.860544,6.995446,naranja
17.524745,16.425218,7.375916,garbanzo
24.900460,89.735242,6.770278,sandía
17.779787,17.439727,7.754115,garbanzo
25.441413,81.031414,6.614947,sandía
35.583448,49.136506,6.938380,mango
20.820961,19.707828,7.778860,garbanzo
24.633960,46.407142,4.952381,frijol de palo
21.037885,80.565905,6.464636,arroz
26.235308,83.256310,7.488014,yute
26.329438,63.601270,7.045973,frijol urad
24.656502,56.824178,7.267507,café
26.885547,80.212502,7.013318,yute
17.261203,18.731009,7.640269,garbanzo
27.654722,58.599863,6.974978,frijol moth
24.427709,87.014960,6.104362,granada
19.386690,18.150657,8.501308,garbanzo
21.450028,59.700094,6.824989,maíz
32.528566,61.639189,7.273106,frijol urad
34.638537,90.468376,6.809042,papaya
19.773648,18.104851,5.730178,frijol rojo
41.271681,81.599328,6.367627,uva
24.394595,89.891065,6.551130,yute
28.352462,87.847307,6.303604,frijol chino
33.773424,37.002489,6.049451,frijol de palo
29.015541,88.298075,7.065112,frijol chino
24.917062,87.107922,6.263080,sandía
23.350897,76.312714,7.521756,algodón
26.339088,40.009334,5.545219,frijol moth
28.435882,98.077205,5.804103,coco
20.645833,21.380115,5.545979,frijol rojo
30.000603,49.929068,5.610899,mango
27.422561,56.731678,6.072062,café
24.723155,82.370078,6.345447,yute
18.596040,18.065098,8.868741,garbanzo
29.239649,82.274006,6.870006,frijol chino
15.336803,80.372879,6.309675,uva
25.881795,75.189743,7.678775,algodón
27.658597,81.844610,6.456421,plátano
17.422497,92.997173,7.207510,naranja
29.987340,69.222025,6.699425,frijol urad
38.419163,91.142204,6.751453,papaya
28.092690,44.933220,4.895927,frijol de palo
37.110977,91.674074,6.556009,papaya
18.611935,80.911531,6.251123,uva
27.726727,97.955398,6.453789,coco
19.426331,65.787457,6.834205,maíz
31.158053,45.734417,7.336119,frijol moth
28.262049,91.983174,6.929216,naranja
22.175227,93.538569,6.441180,manzana
27.697626,88.556035,6.346954,frijol chino
24.596300,85.317800,5.768233,granada
13.580599,80.301604,5.775747,uva
26.491096,80.158363,6.980401,arroz
24.235367,76.579189,6.470024,algodón
18.677299,17.463766,8.005440,garbanzo
23.364580,81.392764,5.174727,arroz
20.061686,64.002963,6.612240,maíz
26.825082,69.948073,6.810520,café
28.547414,88.957045,6.272588,frijol chino
22.828578,90.551391,6.432609,naranja
23.575177,52.375093,6.859447,café
28.075632,54.964053,5.932645,mango
27.567409,91.893908,6.355750,melón
29.705478,91.312548,5.813325,coco
28.052968,80.197727,6.774949,frijol chino
23.441911,66.207861,7.362726,café
27.613953,61.157064,6.793696,café
22.445813,89.901470,6.738016,granada
18.902927,16.486437,8.249628,garbanzo
23.764072,92.735813,6.043947,manzana
21.099517,93.639129,6.039316,manzana
25.032983,93.315518,6.224656,coco
28.804528,44.295382,8.964581,frijol moth
25.627691,81.493681,6.640887,algodón
25.732982,83.751054,6.240996,arroz
24.754627,88.490551,6.545938,sandía
17.540351,90.083311,7.061642,naranja
10.006400,80.149320,5.969861,uva
18.782263,20.247683,5.630665,frijol rojo
28.545584,60.924434,7.145805,frijol urad
29.298546,81.801194,6.912542,frijol chino
26.044573,78.899411,5.922491,plátano
34.898149,63.599486,6.972977,frijol urad
22.696223,23.910641,5.863388,frijol rojo
25.539600,73.182800,6.620011,maíz
17.228245,18.589299,7.777651,garbanzo
17.024985,18.192116,7.744375,garbanzo
24.962732,85.597890,6.707238,granada
22.750888,90.694892,5.521467,manzana
26.912804,80.776638,5.156672,arroz
23.763528,92.737746,6.015557,manzana
28.566487,49.303028,5.700245,frijol de palo
22.528385,85.199575,6.929314,granada
26.343880,73.496403,7.100437,yute
31.892075,50.738308,5.334454,mango
24.386308,82.016718,7.098316,algodón
15.781442,92.510777,6.354007,naranja
33.860486,65.423076,7.743750,frijol urad
19.069055,17.193115,6.937370,garbanzo
24.337394,85.825351,6.348345,granada
27.585489,90.725265,6.585346,papaya
26.051817,96.445941,6.350046,coco
28.334043,80.772760,7.034214,frijol chino
27.326363,78.539418,5.896336,plátano
28.907358,82.159682,5.920226,plátano
19.993476,85.381757,7.148683,granada
28.773892,81.347944,6.681410,frijol chino
27.178286,93.167317,6.781050,melón
29.914544,87.536750,6.907324,frijol chino
31.960447,49.742379,5.338388,mango
20.367204,16.895743,8.766129,garbanzo
24.957438,65.603416,6.632843,maíz
24.564600,82.262524,6.975489,algodón
26.590716,67.016996,6.822228,café
22.241368,90.025751,6.138404,manzana
26.639525,70.957060,7.311077,yute
28.305655,64.121888,6.708638,frijol urad
27.490000,87.714389,7.180186,frijol chino
34.390840,92.759443,7.425400,naranja
25.328447,84.950733,5.740613,plátano
27.693339,54.914041,6.059738,mango
21.650572,62.452691,5.931839,lenteja
17.444839,18.214028,5.629440,frijol rojo
28.224713,82.359162,6.428054,frijol chino
18.658416,19.095702,6.446757,garbanzo
22.758150,90.649018,5.524025,manzana
27.902947,93.471337,6.454154,melón
25.495020,76.760647,7.226389,yute
28.127878,64.209777,6.706506,frijol urad
23.896379,76.586825,7.994680,algodón
24.926414,85.421117,6.725756,sandía
29.869083,91.147234,6.305741,coco
42.907075,93.334353,6.944618,papaya
20.661208,19.969789,7.680027,garbanzo
20.228363,83.181643,5.779508,arroz
40.216445,91.104597,6.937773,papaya
18.032981,14.258040,7.526487,garbanzo
19.414606,47.008645,5.311209,frijol de palo
26.202345,80.382665,6.876067,sandía
28.117823,82.681367,6.248351,frijol chino
28.433287,62.218008,7.014132,lenteja
23.050206,93.312906,5.874990,manzana
22.114674,83.400819,6.308818,arroz
27.476038,52.199582,4.831476,mango
20.892733,91.077770,6.269664,granada
23.782413,87.291948,6.729493,yute
19.953924,89.699240,6.887736,granada
13.217714,91.233564,7.385472,naranja
24.592203,57.889412,6.423868,frijol de palo
29.109683,92.435110,6.144109,melón
12.590940,91.816688,6.206053,naranja
16.115550,22.504167,5.972450,frijol rojo
23.393315,50.298936,6.970088,café
27.553440,94.854936,5.685420,coco
25.660749,84.723903,6.087467,plátano
23.620678,91.486367,5.615154,manzana
27.309018,55.196224,6.348316,café
18.409343,88.232689,5.673283,granada
27.299698,66.859735,6.636459,frijol urad
18.071330,91.054379,6.918621,granada
19.209379,61.926065,6.126343,maíz
25.967934,87.456914,7.282801,yute
22.870591,92.823116,5.632661,manzana
29.226275,84.698733,6.131782,plátano
21.163535,92.321449,7.151447,granada
30.359066,67.703999,6.688535,frijol urad
33.464116,83.867430,5.562791,uva
25.149420,91.437258,7.625153,naranja
27.802391,51.546008,4.754559,mango
24.731770,60.443034,7.187097,lenteja
23.405177,93.821082,6.816868,papaya
19.777189,66.429184,6.077142,frijol de palo
29.311175,62.961723,5.612149,frijol de palo
24.615105,62.442990,6.356283,café
38.680845,94.944821,6.578337,papaya
28.973187,98.098610,5.501580,coco
25.351862,72.394549,6.572632,maíz
22.101359,94.714245,6.250657,manzana
26.444141,53.838762,6.993236,café
25.438293,72.957460,6.603661,maíz
17.469758,16.260516,7.554446,garbanzo
26.237731,67.885214,7.504608,frijol urad
25.878585,94.899721,6.363535,coco
28.109007,90.103151,6.636146,papaya
23.963612,61.990059,6.710949,lenteja
25.550370,77.850556,6.732109,algodón
9.949929,82.551390,5.841138,uva
25.736687,82.171139,6.899946,arroz
19.436910,90.689881,7.738387,naranja
21.109580,63.250713,6.416593,lenteja
25.787543,89.115873,6.755043,sandía
29.420179,83.967545,6.088064,plátano
26.429663,99.794313,5.655698,coco
20.530527,18.092240,5.824091,frijol rojo
24.121887,90.723516,6.945563,naranja
17.408592,80.812524,6.363081,uva
26.523480,81.174447,6.929051,sandía
25.718417,80.574412,6.900549,arroz
26.968329,69.268213,7.076958,lenteja
28.880789,86.942068,6.594739,frijol chino
18.755936,24.667051,5.728464,frijol rojo
19.848253,24.186549,5.787572,frijol rojo
26.425498,77.475441,6.332008,yute
28.395333,91.393752,5.521660,coco
23.280099,20.298418,5.920630,frijol rojo
30.343074,47.882882,7.679289,frijol moth
24.023490,66.200944,7.841496,lenteja
27.202850,51.562961,7.492696,café
29.470602,90.677811,6.701799,melón
29.617263,80.086750,6.496794,frijol chino
29.914544,86.540974,6.382224,frijol chino
27.037390,84.947118,7.142061,frijol chino
24.418623,83.560054,5.571806,arroz
13.720694,94.349677,7.946189,naranja
19.802171,90.644138,6.385369,granada
21.136839,91.200147,7.755626,naranja
33.834577,50.682959,6.105838,mango
18.838758,74.008127,6.030811,maíz
25.390384,60.498966,7.437374,lenteja
24.563938,85.903215,6.675312,granada
22.819510,62.647565,5.697660,maíz
29.130489,65.242459,7.535034,frijol urad
28.778334,44.225260,7.991902,frijol moth
26.071991,69.348332,7.320598,lenteja
22.701809,93.171348,7.496427,naranja
23.094338,80.953569,6.174764,yute
33.615917,61.693409,6.610123,frijol urad
24.264734,76.291360,6.390481,algodón
14.443606,92.423004,6.374998,naranja
26.676603,88.541929,6.256531,sandía
29.258895,88.005851,6.566949,frijol chino
25.136725,62.689582,6.600857,café
25.430894,80.812623,6.286994,sandía
24.235129,93.324490,5.619425,granada
25.645589,83.311787,6.915378,sandía
23.413468,93.558708,6.400951,granada
18.902788,16.124347,8.223426,garbanzo
27.747474,89.990577,7.067170,frijol chino
19.668209,89.671086,6.096006,granada
28.929526,53.570147,9.679241,frijol moth
29.943492,93.907412,6.251420,melón
29.046104,94.303861,6.781050,melón
25.039427,83.733538,6.893013,arroz
20.908688,17.826347,7.516150,garbanzo
24.859034,94.390005,6.559237,naranja
25.745141,67.143762,6.359202,lenteja
24.967675,87.899124,7.236677,yute
18.064861,65.482281,6.261071,lenteja
24.828147,67.226521,5.889867,maíz
26.399848,80.817243,6.265049,sandía
27.056754,93.940150,5.573420,coco
34.351536,69.831941,7.461443,frijol urad
28.989598,83.670006,6.794252,frijol chino
28.997680,94.095228,6.475429,melón
21.916583,94.548983,6.607576,granada
26.095597,94.413736,6.256808,naranja
27.311557,99.969060,5.832608,coco
26.520306,82.867920,6.052774,yute
29.256493,81.979522,6.864839,frijol chino
28.835800,80.034996,6.733816,frijol chino
28.069032,92.914873,6.079998,naranja
28.694446,86.201414,6.853457,frijol chino
18.564768,17.387491,8.868741,garbanzo
23.514579,63.673062,6.862213,café
34.892418,47.624506,5.996771,frijol de palo
25.757349,88.366685,6.025029,yute
26.633312,84.317568,6.560444,sandía
24.150575,51.770151,4.751246,frijol de palo
29.554173,92.141812,6.115583,coco
23.773255,92.380003,6.587041,naranja
25.123555,83.788314,6.875376,arroz
31.481874,59.206941,4.907710,frijol de palo
24.135259,60.091166,5.995524,lenteja
20.450239,62.388871,5.873127,maíz
23.405262,83.051443,6.363070,arroz
26.911918,79.008875,7.145853,yute
25.082435,80.208216,6.212678,sandía
35.725438,48.992445,6.899321,mango
28.084818,82.141673,6.391137,frijol chino
29.012497,77.924481,5.709149,plátano
21.010472,45.313676,6.166690,frijol de palo
27.380772,53.761570,7.493192,café
29.910350,93.006886,6.598706,papaya
23.711292,77.268265,7.234530,algodón
25.852423,52.584243,7.215997,café
27.263350,63.976763,5.916770,frijol moth
25.870646,60.744976,7.459895,lenteja
21.113055,92.820985,5.566453,granada
31.553269,51.808019,8.893301,frijol moth
29.578127,66.175877,7.497469,frijol urad
29.373932,92.902531,6.146893,melón
36.037612,55.419552,4.751696,frijol de palo
22.756857,93.186051,7.031150,granada
28.127254,83.594200,6.626265,frijol chino
26.111215,45.415089,7.770843,frijol moth
28.753732,92.516771,6.192979,melón
25.202708,47.175547,9.142616,frijol moth
30.083763,50.212730,5.725894,mango
25.864755,86.674680,6.662245,sandía
18.199529,83.014275,6.311450,uva
25.491789,94.228135,5.785712,coco
28.068976,90.017345,6.383334,coco
18.839143,21.326569,5.903551,frijol rojo
27.676115,48.400006,6.725726,mango
20.037282,56.356068,6.727303,maíz
28.270426,91.857565,6.987864,naranja
28.756064,62.292885,7.841496,lenteja
18.721841,62.121158,6.666447,maíz
20.347381,83.006106,5.575863,arroz
25.828926,83.907377,6.068119,arroz
27.537956,93.344649,5.798716,coco
23.033327,83.341868,7.102171,arroz
26.493065,88.591431,6.313513,sandía
25.973503,83.488252,6.928250,sandía
20.766228,19.229588,6.422593,garbanzo
21.040018,90.182232,5.541007,manzana
28.470877,66.106760,6.636693,frijol urad
24.415927,89.396555,6.623167,sandía
18.947577,34.400544,4.736446,frijol de palo
23.483813,81.332651,7.375483,arroz
10.660457,90.032793,6.277898,naranja
21.243990,80.481578,6.417226,arroz
40.440138,91.521289,6.798310,papaya
27.836527,48.512714,6.402236,mango
19.326661,68.034493,6.192360,maíz
28.644267,87.448696,6.778062,frijol chino
27.651895,69.664800,6.498379,café
21.869274,61.910449,5.850440,maíz
22.661402,83.608843,7.457465,arroz
22.914300,90.704756,5.603413,manzana
28.804677,69.110637,7.222713,lenteja
32.680674,92.617156,6.800321,papaya
22.839980,77.028371,5.956031,algodón
30.243372,67.825430,4.778525,frijol de palo
23.806995,82.597371,6.431013,uva
28.472780,87.679200,6.324494,frijol chino
27.707392,54.416212,7.871869,frijol moth
25.030792,68.696939,6.464606,lenteja
15.899241,21.180457,5.597834,frijol rojo
18.896433,14.689691,7.882615,garbanzo
24.799695,50.144020,6.010816,frijol de palo
27.925069,90.898644,6.630911,melón
19.597029,90.337366,7.718705,naranja
23.643286,22.981447,5.628487,frijol rojo
19.486493,16.062401,6.489389,garbanzo
23.248420,51.685018,6.787849,café
28.467198,75.898833,6.129605,plátano
28.697431,68.290025,7.362695,frijol urad
26.915150,73.198975,6.998787,yute
18.894171,58.153192,5.699973,maíz
25.549633,96.927868,6.156259,coco
24.059564,84.393647,6.407427,sandía
29.760035,84.023007,6.399663,frijol chino
38.003155,90.360227,6.944233,papaya
18.402058,33.166960,6.199531,frijol de palo
22.177597,91.160605,6.387721,manzana
15.959390,18.567960,5.993174,frijol rojo
28.156143,82.487446,7.069382,frijol chino
26.283987,67.880507,6.355582,lenteja
28.840926,91.980517,6.939046,naranja
28.203554,79.103419,5.706537,plátano
19.867118,86.355902,5.782436,granada
24.371902,81.251482,6.125324,sandía
31.941167,91.533383,7.103695,naranja
25.368701,83.995962,6.914744,sandía
26.560565,82.787590,6.035364,yute
22.031113,23.236133,5.940355,frijol rojo
19.981021,14.851913,7.790660,garbanzo
28.111525,92.818008,6.445538,melón
25.033705,60.832816,7.186931,lenteja
29.685428,91.873751,6.140526,coco
29.943492,93.673598,6.167835,melón
27.946886,92.242700,6.026322,melón
22.475481,94.724931,5.569211,manzana
22.681982,55.566178,5.789515,maíz
25.569482,47.413568,9.306857,frijol moth
22.217382,72.854628,6.801639,maíz
28.534455,67.303590,7.348917,frijol urad
27.898528,83.947600,6.557977,frijol chino
27.317359,54.310958,6.507680,mango
15.880576,91.497499,7.995849,naranja
28.576687,83.568650,6.695623,frijol chino
27.840536,64.781565,6.695348,frijol urad
34.585615,50.340353,5.497947,mango
27.156462,78.118306,6.243025,plátano
24.285096,88.887302,6.151445,yute
29.477417,91.578029,7.129137,naranja
34.346620,50.722331,6.072723,mango
32.844838,68.018160,7.221819,frijol urad
27.283896,84.409547,6.451701,plátano
25.668186,41.241863,5.661288,frijol de palo
22.423996,94.920481,5.590461,manzana
20.038345,15.651278,8.061386,garbanzo
18.726578,68.601005,5.771287,maíz
28.054841,78.046029,6.458715,plátano
23.059519,69.079572,6.696120,café
19.799744,56.808312,4.684085,frijol de palo
24.718855,88.945683,6.095690,sandía
23.902517,80.624245,6.987397,arroz
16.148203,91.444803,7.995849,naranja
30.037038,52.468774,6.647665,mango
17.627689,16.305862,6.200688,garbanzo
19.206209,17.225554,6.464225,garbanzo
23.397634,91.663024,5.600054,manzana
22.583759,93.357935,7.433934,naranja
17.271231,18.839574,7.848612,garbanzo
25.417838,71.608328,6.024063,yute
25.088937,80.680784,7.806515,arroz
18.416700,23.428299,5.689858,frijol rojo
33.175910,91.232308,6.730302,papaya
29.730130,82.891664,6.442336,frijol chino
26.143840,66.205699,6.655426,maíz
28.685508,86.352839,6.869600,frijol chino
27.416904,51.189087,7.006770,café
31.537746,35.693509,6.582467,frijol de palo
28.749378,81.803450,6.660715,frijol chino
20.231577,14.258040,6.766963,garbanzo
28.054921,83.748214,6.777628,frijol chino
25.690729,94.414141,6.023809,coco
19.618913,59.244219,6.365613,maíz
29.083487,91.909873,6.369306,melón
26.158135,87.829619,6.275393,sandía
24.022402,60.880855,6.949208,café
24.999483,80.181743,7.184601,algodón
28.970500,94.681128,6.286187,melón
42.940310,92.744452,6.637302,papaya
29.771494,92.007200,7.207991,naranja
25.932486,59.181235,6.215430,maíz
19.881084,20.825532,5.833820,frijol rojo
25.587356,63.402312,6.606788,lenteja
36.046959,35.417807,6.413941,frijol de palo
32.593208,67.967836,7.479420,frijol urad
25.077376,56.218532,5.772148,maíz
33.771020,91.993571,6.762255,naranja
23.629571,74.484512,6.264465,maíz
26.002055,91.472258,7.445322,naranja
22.188053,90.879424,5.728192,manzana
26.863976,66.197178,6.681980,café
29.193544,90.770713,5.913016,coco
14.203552,91.177509,6.136059,naranja
38.632294,93.191813,6.961870,papaya
33.668554,66.604169,7.534812,frijol urad
25.943120,79.632854,5.524472,plátano
8.908545,82.666946,5.559153,uva
31.868473,66.742175,7.191523,frijol urad
26.333861,75.514111,7.217277,yute
32.969976,68.765329,7.521791,frijol urad
21.131608,91.957699,5.814435,manzana
29.415731,67.658810,6.927797,frijol de palo
28.118194,91.740940,6.528650,melón
28.960179,91.695322,6.585873,melón
32.685270,68.038878,7.245524,frijol urad
24.156781,80.792470,6.182217,yute
23.059519,52.487648,6.937432,café
19.942432,65.663602,7.139857,lenteja
25.502222,69.681235,6.394340,café
29.880147,89.328372,6.333029,frijol chino
23.519528,76.366512,7.994680,algodón
25.697766,80.733773,6.985106,arroz
26.529207,86.366170,6.093729,yute
29.660820,63.215629,6.642531,frijol urad
32.441486,94.590886,6.703618,papaya
29.710644,90.979984,6.311736,melón
26.522844,55.138333,7.262951,café
28.501494,91.252940,6.141810,melón
35.995264,58.484952,5.979978,frijol de palo
25.277362,66.717953,5.819337,maíz
22.084583,82.829041,6.691690,algodón
18.064861,67.908801,6.981658,lenteja
22.953571,78.715558,6.044557,algodón
18.313575,24.329916,5.698371,frijol rojo
32.178049,52.576891,5.887007,mango
28.290589,92.146034,5.576927,coco
17.848517,19.091729,8.621663,garbanzo
23.658680,59.043501,5.748752,maíz
18.562487,19.318944,5.694045,frijol rojo
28.465896,61.668370,7.127785,frijol urad
20.728800,18.017157,7.493206,garbanzo
25.130162,66.069001,6.574675,maíz
17.338178,16.450066,6.121396,garbanzo
25.849973,84.168552,6.614486,algodón
28.650039,82.687525,5.843163,plátano
33.844512,54.192683,4.998482,mango
24.353700,89.984052,6.032692,sandía
29.652293,90.945908,6.372139,melón
23.668487,83.695054,5.874345,arroz
32.487882,94.571787,7.355772,naranja
27.837110,91.368729,6.735547,melón
27.043482,85.013004,7.083784,frijol chino
30.332140,82.437540,5.953391,uva
21.298417,93.189625,5.815258,manzana
25.098607,72.348218,7.277986,yute
28.058354,98.378765,5.865342,coco
27.329614,49.303472,6.052026,mango
27.204281,53.027313,6.076658,café
11.021054,80.555572,5.870601,uva
23.174422,84.876690,6.859440,algodón
20.706523,83.911034,6.491856,arroz
27.239250,86.404241,6.713411,frijol chino
23.704671,74.637454,6.742688,yute
33.456173,68.217830,6.906807,frijol urad
24.852626,90.576876,6.001671,granada
27.797977,99.645730,6.381975,coco
24.038936,58.354560,7.283495,café
23.502014,92.210840,5.669991,manzana
26.294332,98.546837,6.015963,coco
29.807443,91.380485,6.742749,papaya
24.020379,61.623133,7.397546,lenteja
25.628962,63.149098,6.585020,lenteja
20.653758,23.105386,5.967533,frijol rojo
34.673174,63.414850,7.362321,frijol urad
29.258242,49.452788,6.783872,mango
29.331449,49.603852,9.003532,frijol moth
26.366382,84.433934,6.507356,sandía
30.035912,50.100462,5.713897,mango
19.376789,62.558220,5.057089,frijol de palo
27.733291,81.139030,6.248901,frijol chino
22.480763,91.755243,5.817630,manzana
26.245321,72.971984,7.124050,yute
19.124034,68.305277,6.136758,maíz
29.676126,91.276727,6.334633,coco
38.026992,94.184283,6.579167,papaya
28.160930,92.998176,6.449945,melón
24.470185,84.163902,6.417012,sandía
25.646737,99.327910,5.854382,coco
27.095629,42.262062,8.340398,frijol moth
25.559138,94.436342,5.783526,coco
23.019689,83.891312,7.254747,algodón
23.451190,73.431632,5.875613,maíz
22.134506,94.676957,6.062356,manzana
25.269312,87.550551,6.612848,sandía
24.010778,66.235422,7.823593,lenteja
23.641424,93.744615,6.155939,manzana
25.612944,94.313884,5.740055,coco
21.587118,82.788371,6.249051,arroz
28.509784,66.779128,7.332495,frijol urad
22.504622,94.789095,5.565738,manzana
31.013282,32.784516,7.145856,frijol de palo
24.677187,87.004491,6.037770,granada
29.121209,54.610786,6.463906,mango
19.920949,24.548393,5.786481,frijol rojo
27.029554,52.612423,7.489803,frijol moth
18.292964,17.401028,6.578638,garbanzo
24.291050,88.045413,6.498896,sandía
23.643284,78.125867,6.105398,algodón
27.122317,52.807665,6.083104,café
24.371211,78.375235,6.136352,yute
27.555741,52.776683,5.546888,mango
32.834978,36.369334,4.548202,frijol de palo
30.061426,45.900677,5.498341,frijol moth
26.514857,83.146379,7.429516,yute
20.513435,92.516759,5.700089,granada
25.920302,83.472026,6.921848,sandía
31.530065,45.710978,5.606138,mango
24.402545,90.642427,6.717350,papaya
24.089079,61.744035,6.570259,lenteja
32.842130,68.684015,7.543804,frijol urad
27.280084,90.610907,6.134817,melón
30.444867,68.051808,7.371788,frijol urad
22.275267,58.840159,6.967058,maíz
24.537127,75.700896,6.251981,algodón
20.654320,16.608208,6.231049,garbanzo
25.432069,83.597812,6.156046,algodón
22.379178,88.234541,7.199504,granada
22.145937,82.859755,7.091992,algodón
24.047585,81.650857,7.416185,arroz
26.313555,82.366990,7.224286,arroz
19.096431,47.165569,5.465402,frijol de palo
19.400691,81.163386,5.815298,uva
20.330022,15.403465,6.062353,garbanzo
30.728040,82.426141,6.092242,uva
15.330426,21.431155,5.830480,frijol rojo
17.471317,91.158016,6.581509,naranja
24.947731,89.501540,6.805866,sandía
23.842674,94.920481,5.789565,manzana
25.577822,81.703020,6.956509,sandía
27.907996,68.417292,7.263687,lenteja
29.134660,75.778323,6.141513,plátano
23.182981,91.574084,7.375922,naranja
22.524077,93.533383,5.914772,manzana
25.732624,88.528127,6.225999,yute
28.868936,48.401989,5.019285,mango
28.147209,83.800151,6.647966,frijol chino
21.853671,90.408249,6.441426,naranja
29.084719,94.207541,6.735488,melón
32.287557,91.485712,6.542427,papaya
25.730444,70.747393,6.877869,maíz
26.475495,73.961646,6.732826,yute
27.875900,92.967445,6.496418,melón
35.234317,47.889892,6.363975,mango
25.779266,83.651454,7.351228,yute
28.053807,91.817588,6.706053,melón
28.760883,90.688321,6.430437,melón
25.142297,69.427568,7.023657,café
24.166248,63.591810,6.393400,café
29.059412,62.106524,7.042475,lenteja
17.329470,15.217607,6.605269,garbanzo
24.172988,83.728757,5.583370,arroz
19.417414,55.886816,4.768728,frijol de palo
26.843488,87.481711,6.868607,sandía
27.754298,95.946438,5.562224,coco
23.729477,93.511340,5.515388,manzana
16.081130,92.497596,6.251779,naranja
20.995022,19.860130,7.966605,garbanzo
35.663451,48.713511,6.907064,mango
26.185374,63.590687,6.715891,café
25.204910,81.245012,6.100118,plátano
28.470387,97.860848,5.812642,coco
23.831859,87.840346,6.306606,granada
22.255947,83.997070,7.318313,algodón
24.444706,77.543071,6.225482,yute
31.080125,47.860416,4.712904,mango
41.656030,82.221182,5.609256,uva
18.861148,21.361837,5.893259,frijol rojo
19.727025,18.281730,5.748190,frijol rojo
25.589970,80.186623,7.050500,yute
25.224991,82.432368,6.409246,yute
26.313249,76.693064,7.199437,yute
19.156408,18.095624,6.665736,garbanzo
23.114348,75.710160,6.435558,algodón
29.313646,93.964519,6.828785,papaya
28.752731,69.156401,7.286050,lenteja
20.681852,90.915105,7.829507,naranja
18.481789,62.135574,5.947865,maíz
19.290136,88.598670,5.719529,granada
24.831477,89.266626,6.383900,sandía
27.053374,95.552589,6.196225,coco
30.005339,46.464838,5.480799,frijol moth
42.615671,90.375246,6.623973,papaya
25.709487,72.195038,6.002525,yute
21.072734,93.565860,6.041054,manzana
23.400185,90.422163,5.815395,manzana
25.512119,69.765744,6.417870,café
22.834925,92.683909,5.605628,manzana
28.590837,66.166575,7.410002,frijol urad
25.592636,79.773050,6.208966,plátano
27.956397,83.527060,6.921994,frijol chino
18.119059,14.603952,6.287248,garbanzo
26.274185,76.405980,7.167970,yute
27.103959,63.384630,5.780370,frijol moth
12.746783,80.757382,6.447137,uva
23.831809,91.147160,6.396477,manzana
28.287036,91.456580,6.702912,papaya
27.531008,86.924643,7.186906,frijol chino
34.946616,63.972862,6.956930,frijol urad
19.267711,91.949320,6.297759,naranja
23.780461,88.228430,6.375962,yute
25.031883,66.985227,6.252504,lenteja
21.789563,92.675648,5.527356,manzana
18.930022,88.675813,6.863411,granada
29.167819,81.907808,6.845789,frijol chino
29.342901,89.176057,6.682258,frijol chino
26.059684,52.310985,6.136287,café
19.563765,24.673851,5.690066,frijol rojo
25.542169,83.318834,6.936998,sandía
23.530815,68.683688,6.760425,café
27.130645,99.436179,6.333171,coco
18.661162,61.553272,6.121294,maíz
22.784981,81.854057,6.500676,arroz
18.405603,19.214429,5.733547,frijol rojo
28.672089,82.207936,5.725419,plátano
26.412231,54.079100,6.895051,café
17.485041,16.960706,6.896552,garbanzo
23.484868,92.276318,5.652441,manzana
25.009676,78.494097,5.933535,algodón
24.066794,82.663967,6.053663,uva
33.468737,92.127462,6.834808,papaya
19.649177,80.152158,6.107742,uva
29.773315,93.697399,6.141661,melón
23.414754,63.629031,5.916454,lenteja
27.916877,50.834359,6.379069,café
25.070056,80.429923,6.047669,arroz
27.468530,87.176490,7.184399,frijol chino
24.493456,51.481021,7.032662,café
22.842792,92.971310,6.733219,granada
22.346354,72.882766,6.748824,maíz
27.082825,97.001555,5.948343,coco
24.962732,85.520869,6.678318,granada
23.714544,93.001678,5.580496,manzana
17.084985,16.145658,7.528600,garbanzo
19.516274,17.154622,6.445857,garbanzo
29.217313,84.244428,6.146469,plátano
16.665032,24.969699,5.589471,frijol rojo
27.732455,80.830146,5.922111,uva
19.495232,19.913711,5.834636,frijol rojo
25.773440,80.593343,6.964460,arroz
29.937663,50.196699,5.087960,frijol moth
30.664707,94.021064,6.010392,naranja
13.978805,94.360065,7.970229,naranja
23.442685,79.312739,6.129422,algodón
15.615182,24.122413,5.702573,frijol rojo
25.557700,47.230243,9.390493,frijol moth
30.132452,47.217704,5.439002,frijol moth
28.963734,45.136624,6.795737,frijol de palo
24.271753,61.144605,6.888361,lenteja
22.131630,64.055205,6.286221,lenteja
23.805462,59.245380,5.715209,maíz
27.989611,54.850764,6.091799,mango
27.394896,83.311720,5.719015,plátano
21.547572,94.998975,5.980358,granada
22.706101,76.591219,6.620892,algodón
29.386385,90.733304,6.668170,melón
24.711274,87.320212,6.472491,yute
27.461306,55.362273,6.319474,café
32.639187,61.300905,7.326980,frijol urad
28.148188,83.793483,5.666649,plátano
25.425385,75.402902,6.664914,yute
39.291118,91.530121,6.840586,papaya
29.029272,78.676300,6.406746,plátano
19.583823,49.578168,4.548202,frijol de palo
24.923601,23.047240,5.610126,frijol rojo
19.716959,18.940526,5.747903,frijol rojo
25.407068,77.233721,6.113828,plátano
26.806643,66.201103,6.784279,café
34.373291,69.693664,6.596719,frijol urad
26.269826,80.827907,6.342105,sandía
27.297321,50.444129,7.251831,frijol moth
23.514932,21.722265,5.756113,frijol rojo
27.966867,51.571041,4.670060,mango
17.440742,18.770604,8.818743,garbanzo
22.856952,93.699990,5.912399,manzana
33.560856,93.012788,6.993473,papaya
27.777995,54.821308,9.459493,frijol moth
26.419622,82.680220,7.259829,arroz
36.518413,91.773239,6.566237,papaya
22.169569,93.447145,6.466265,manzana
35.000022,52.322252,5.046369,mango
21.146900,90.951474,6.143021,naranja
27.003155,47.651911,5.824263,mango
22.490951,91.702927,5.795986,manzana
32.661606,90.789317,6.927804,papaya
26.759292,66.387343,6.066871,lenteja
25.501388,57.926885,7.124386,café
15.703109,20.704266,5.505296,frijol rojo
23.542347,75.982033,7.947011,algodón
28.932702,47.940540,5.664587,mango
34.383002,93.784855,6.697428,papaya
26.870376,91.725463,6.100429,coco
22.641167,88.532511,6.876387,granada
32.672835,67.830715,7.449892,frijol urad
23.985988,93.342366,5.684995,granada
24.488545,86.396096,6.341164,granada
21.321730,92.687661,5.570427,manzana
35.316770,45.474703,6.534918,mango
22.678461,83.728744,7.524080,arroz
17.576714,14.483617,6.629722,garbanzo
25.568513,57.407785,7.086314,café
29.383138,79.884454,5.892056,plátano
22.931602,94.920481,6.268206,manzana
19.791395,86.392316,5.726524,granada
20.838937,15.735774,7.962095,garbanzo
22.648938,90.586086,6.079899,granada
24.863935,89.793357,7.064943,granada
29.315908,80.115857,5.926825,plátano
31.110473,83.340110,5.653776,uva
32.352575,47.709592,5.435333,mango
29.686134,76.774037,6.273243,plátano
23.108694,60.457056,7.039066,lenteja
33.372063,93.312883,7.403483,naranja
22.040654,84.663420,6.141103,algodón
23.874845,86.792613,6.718725,yute
36.718245,93.706193,6.868057,papaya
27.519330,58.022911,6.771268,café
29.395998,91.195893,6.355896,melón
9.178601,82.346012,5.842193,uva
27.701973,86.686443,6.611316,frijol chino
17.194362,20.104694,5.858646,frijol rojo
18.952516,17.109152,7.095423,garbanzo
24.668431,57.268087,7.214984,café
31.449180,52.399057,6.781951,mango
33.525551,69.815074,7.440441,frijol urad
25.568391,80.244943,5.801048,algodón
23.738680,75.775038,7.556064,algodón
32.177921,94.813544,6.689209,papaya
29.219831,90.198322,6.649047,melón
28.489479,68.284182,7.389139,frijol urad
24.635403,93.967615,6.997565,granada
26.581082,74.013234,6.703653,yute
23.188644,22.310455,5.902033,frijol rojo
25.587757,59.897698,7.450692,café
22.118107,93.875557,6.384830,manzana
23.259922,67.818357,6.714093,café
10.984533,80.016394,6.234335,uva
27.950536,85.713646,6.458076,frijol chino
22.085766,83.470383,6.372576,arroz
27.374217,83.315643,5.700563,plátano
29.044539,93.053576,6.354761,melón
9.944613,82.930177,5.536328,uva
22.552976,91.266634,5.993852,manzana
24.029946,60.823539,6.968287,café
16.916724,94.852886,6.576373,naranja
19.208596,14.969235,6.256101,garbanzo
28.792671,60.698595,7.192757,frijol urad
25.073142,94.399389,6.582284,naranja
27.471272,90.823026,6.153338,melón
25.950000,83.323174,6.210643,plátano
18.928519,72.800861,6.158860,maíz
10.621319,83.487380,6.135186,uva
23.793715,68.032092,6.516318,lenteja
26.033538,94.546610,6.306116,coco
13.113642,81.528646,6.132572,uva
17.927806,15.856229,7.728998,garbanzo
18.099320,90.170552,6.976025,granada
22.597435,94.612529,6.213798,manzana
26.114404,87.640811,6.295425,sandía
26.528728,80.122675,6.158377,arroz
22.530553,80.808735,6.006109,arroz
23.580045,84.439783,6.569046,algodón
25.190087,60.200169,5.919046,maíz
29.357342,82.599608,6.105504,uva
23.636180,62.549759,6.993131,lenteja
21.248624,92.063598,6.289066,manzana
25.621717,66.504155,6.047907,maíz
39.731491,91.122206,6.919342,papaya
26.272744,62.288149,7.418651,frijol urad
26.086039,63.747477,7.008897,frijol urad
23.508578,83.270995,6.177296,algodón
25.401500,68.870796,6.575727,lenteja
24.722355,88.876513,5.744362,granada
19.319975,69.503993,5.785418,maíz
23.120334,21.933036,5.526179,frijol rojo
26.627935,52.796410,7.427077,café
23.525218,77.929078,6.168693,algodón
23.381486,82.309067,7.817255,algodón
14.446400,80.466913,6.281317,uva
34.177198,50.621616,6.113935,mango
33.412686,35.429100,4.548202,frijol de palo
35.317392,83.298323,5.883313,uva
27.582589,48.569162,6.720042,mango
25.884477,81.982921,6.388173,sandía
24.462479,77.145641,6.181451,yute
15.330426,24.969699,5.541028,frijol rojo
26.482519,60.814124,7.841496,lenteja
20.247317,19.969789,7.276336,garbanzo
27.084271,85.101134,7.154258,frijol chino
19.359840,89.409177,6.547223,granada
24.593022,76.096069,6.350832,algodón
28.821092,42.538136,9.009438,frijol moth
25.662580,63.228369,6.331619,maíz
29.569964,88.527612,7.014038,frijol chino
32.646289,67.942216,7.486412,frijol urad
22.702114,83.793236,7.101663,algodón
28.206673,68.270852,7.350870,frijol urad
27.458536,62.900210,6.513621,frijol urad
31.999286,56.766543,6.253004,frijol moth
22.739097,90.002148,6.595930,granada
16.788962,19.044593,5.640964,frijol rojo
21.338871,80.329281,5.536693,arroz
25.670680,64.262429,4.432910,frijol moth
27.672875,54.764980,6.975019,café
17.244589,18.894133,7.717726,garbanzo
27.017622,96.394957,5.616463,coco
29.818757,66.385959,4.752973,frijol de palo
25.631252,64.536011,7.702913,lenteja
26.452885,55.322227,7.235070,café
24.478765,58.516639,8.202706,frijol moth
29.211422,87.114978,6.418743,frijol chino
24.923864,66.028012,5.710180,maíz
37.807878,91.765305,6.549792,papaya
33.510478,83.849712,5.531185,uva
27.522450,48.349511,6.457234,mango
29.009374,93.279767,6.333679,melón
25.703387,77.993504,6.442447,algodón
27.414350,63.417860,7.336117,lenteja
27.463396,81.008021,6.929644,frijol chino
11.023219,93.150624,7.616463,naranja
21.433550,63.383248,6.794626,lenteja
19.851732,81.272557,5.792937,uva
27.056447,52.074279,7.477560,frijol moth
21.716652,21.314231,5.868480,frijol rojo
15.895809,91.741317,7.669774,naranja
25.979346,69.603424,7.380532,lenteja
22.215070,76.178519,6.127940,algodón
29.605727,80.630899,6.483726,frijol chino
29.243118,87.287964,6.375335,frijol chino
16.134486,91.312548,7.990127,naranja
21.535779,65.472277,7.505284,lenteja
28.074269,57.281117,6.437929,frijol de palo
25.025432,85.880139,6.956509,sandía
29.765677,68.028318,6.946424,frijol urad
26.185156,75.297832,7.193547,yute
20.083696,83.291147,5.739175,arroz
17.343843,23.685500,5.857952,frijol rojo
20.114690,61.964858,4.955624,frijol de palo
25.528032,67.138389,6.055905,maíz
29.394988,90.209473,6.612782,melón
28.052099,92.217218,6.003361,melón
23.333759,64.505158,7.240988,lenteja
26.290261,64.955854,4.003585,frijol moth
29.218692,94.454092,6.419852,melón
30.793757,46.695368,6.273398,mango
30.919050,49.765220,6.809707,mango
26.777624,63.906565,5.996135,frijol moth
28.055523,76.029001,5.870936,plátano
26.421539,80.332426,6.863923,sandía
26.938670,86.770887,6.771774,sandía
26.162996,79.248026,6.083942,yute
30.184169,64.115766,7.592192,frijol urad
24.247796,85.560333,6.710143,granada
21.062048,80.206735,5.616774,arroz
25.464974,84.151430,6.807137,sandía
23.110804,74.827051,7.391158,yute
10.581964,91.230114,6.861244,naranja
20.003481,90.062872,6.434099,granada
22.446295,24.969699,5.847622,frijol rojo
27.152483,54.599770,6.479909,mango
28.978560,91.730595,6.589908,melón
27.560616,80.631371,6.125278,plátano
25.555982,60.608342,6.569785,frijol urad
31.526760,90.506218,6.395258,naranja
26.986037,89.231027,6.263822,sandía
22.337308,91.020207,5.730388,manzana
30.026766,45.571824,5.671588,frijol moth
30.726292,50.499723,8.125560,frijol moth
20.466578,80.975980,6.456080,uva
18.018585,19.054609,8.612323,garbanzo
23.142650,74.997398,7.380396,yute
21.891729,80.344376,6.070014,arroz
25.047408,66.419333,5.724793,maíz
21.284258,83.228158,6.011616,arroz
25.068720,93.314104,6.205932,coco
29.549142,87.882195,7.191114,frijol chino
28.456195,51.484017,6.388954,mango
27.125133,81.331709,5.913561,plátano
26.838936,48.844832,3.504752,frijol moth
29.321353,80.569696,5.922828,plátano
29.345946,85.604726,6.232837,frijol chino
22.277290,90.053755,5.723256,manzana
28.200922,82.130379,6.448836,frijol chino
20.813161,16.844101,6.209865,garbanzo
29.377856,91.158936,6.332011,melón
25.634078,62.114204,7.033507,lenteja
34.729886,37.596199,5.477905,frijol de palo
21.474885,92.472935,6.163071,manzana
31.235122,42.847587,7.981854,frijol moth
30.291906,82.882630,5.586317,uva
25.668914,81.381033,6.652144,algodón
27.708602,54.930972,9.469522,frijol moth
22.421670,91.510626,5.790597,manzana
18.050337,62.893670,6.288868,maíz
28.774084,59.478152,8.553402,frijol moth
25.133558,65.351000,6.003702,maíz
23.154505,74.941640,7.358251,yute
29.239095,93.090640,7.357499,naranja
26.277968,72.455799,7.053843,yute
25.700683,99.519200,5.840882,coco
8.825675,82.804484,5.547459,uva
24.602975,91.284087,7.601190,naranja
23.789759,82.275176,7.408919,arroz
16.881752,91.108163,6.664725,naranja
23.538329,72.123187,7.067993,yute
32.859893,52.850009,4.640827,mango
20.451071,81.368389,5.801540,uva
41.207336,81.610510,6.389783,uva
24.949765,79.174921,6.888946,yute
26.340433,55.591604,8.016211,frijol moth
35.960546,48.696778,4.555689,mango
25.502780,90.265913,6.886320,naranja
21.827493,92.385328,6.363044,naranja
34.495388,90.537816,6.829802,papaya
42.319991,90.777094,6.580685,papaya
28.300415,86.206816,6.863086,frijol chino
21.797926,63.730861,6.250994,lenteja
40.193371,94.344905,6.980501,papaya
30.257544,52.802249,6.619163,mango
26.406856,99.555683,5.658892,coco
22.812276,92.129921,6.212303,manzana
25.165649,73.916575,6.555167,yute
23.656804,93.588359,5.647753,manzana
33.599740,62.968474,6.816225,frijol urad
24.254745,55.647099,6.995844,maíz
29.914544,83.134953,6.666199,frijol chino
27.369316,89.228762,6.736467,frijol chino
23.289282,82.344638,7.180496,yute
25.574938,83.368828,5.578696,arroz
18.692254,16.367764,7.710301,garbanzo
19.078147,69.022986,6.740001,maíz
23.329485,53.124069,6.782900,café
24.879567,86.717323,6.017291,granada
31.196357,35.105363,5.426433,frijol de palo
33.287446,62.888390,6.632439,frijol urad
21.176341,91.085489,6.355471,manzana
25.282722,80.543728,5.453592,arroz
27.704968,63.209150,7.746724,lenteja
18.693907,22.993724,5.520058,frijol rojo
19.696684,19.498657,8.868741,garbanzo
19.408634,20.846256,5.654182,frijol rojo
29.803113,91.672811,7.044348,naranja
23.876526,83.053426,6.061514,yute
21.899235,91.538505,6.499227,manzana
23.827235,67.898153,6.766607,lenteja
22.322833,76.291070,7.393795,algodón
24.704409,82.866815,6.202925,sandía
28.106253,92.622169,6.438675,melón
28.298054,80.746358,7.054919,frijol chino
25.830629,64.026125,7.630566,lenteja
22.705660,89.691106,6.707543,granada
27.390500,94.828009,6.424148,melón
30.483971,61.239936,9.719854,frijol moth
21.519925,81.193792,6.111411,uva
25.658618,61.163246,6.215055,café
18.199413,24.684972,5.936133,frijol rojo
26.578070,98.084443,5.979714,coco
29.943492,94.004954,6.164130,melón
24.099474,76.554663,6.335257,algodón
29.434638,64.943294,7.517097,frijol urad
25.732243,81.963454,6.385034,sandía
25.643242,88.697829,6.126744,sandía
28.141886,46.394262,5.848998,frijol moth
29.714928,43.356197,6.822322,frijol de palo
29.434578,94.837428,6.201415,melón
24.868040,48.275320,8.621514,frijol moth
28.570061,65.717658,6.593962,frijol urad
28.396619,87.292876,6.322034,frijol chino
27.834508,92.845062,6.514888,melón
32.414495,83.847774,5.880125,uva
26.614235,96.973008,6.142011,coco
28.347161,53.539031,6.967418,mango
23.928374,24.795586,5.639836,frijol rojo
26.679425,89.984052,6.884442,sandía
17.815645,17.607566,7.714153,garbanzo
18.388702,34.529691,6.052180,frijol de palo
28.371132,90.381170,6.193970,melón
21.811676,23.205912,5.794159,frijol rojo
22.870260,82.417076,7.779691,arroz
21.602711,94.277450,7.101566,granada
23.488136,91.380803,5.672044,manzana
22.963885,93.580660,5.856481,manzana
18.999057,19.757477,7.423577,garbanzo
28.942830,45.180596,6.477300,frijol de palo
23.374005,91.058096,6.607886,papaya
26.804744,48.239914,3.525366,frijol moth
18.439660,68.053950,7.732195,lenteja
18.152333,24.319044,5.709337,frijol rojo
25.499237,57.625682,8.038115,frijol moth
27.623468,64.340276,6.946314,café
26.205408,80.867204,5.831717,plátano
25.750620,40.580591,5.147713,frijol de palo
19.864406,81.129626,5.759981,uva
20.273385,14.372050,6.735522,garbanzo
22.496185,75.296717,7.392362,algodón
27.883761,91.525842,6.695444,melón
28.127951,77.482471,6.323934,plátano
26.240922,65.643814,7.487267,café
23.052764,60.424786,7.011121,lenteja
24.765801,70.418296,5.723803,maíz
35.214628,91.497251,6.793245,papaya
33.941912,68.763645,6.848014,frijol urad
29.687459,92.704266,6.562424,melón
33.678014,69.946044,7.394016,frijol urad
29.683617,87.935981,6.990095,frijol chino
24.485734,85.664733,6.695604,granada
26.595808,82.995567,5.727470,plátano
19.849394,61.245001,5.730617,maíz
22.165994,91.752657,6.710297,granada
24.677416,82.754114,6.206247,sandía
27.230085,52.766278,6.020947,café
38.849707,82.673929,5.527597,uva
26.107594,68.560013,7.067632,lenteja
25.237309,65.869032,6.466405,maíz
23.794372,84.610698,6.480294,algodón
25.509199,87.829323,6.445738,sandía
28.949594,63.012160,7.321652,lenteja
22.320454,73.684009,6.842510,maíz
26.659587,83.726834,6.017660,yute
27.237083,82.945733,6.224543,uva
26.657035,83.079900,6.870114,sandía
19.090494,17.343944,6.700645,garbanzo
24.974756,60.974333,6.843785,lenteja
26.501759,81.409642,5.584402,plátano
27.014704,84.510178,6.641238,frijol chino
29.697247,63.461457,5.704586,frijol moth
21.786151,92.848489,5.559617,manzana
23.799857,83.266755,5.566822,arroz
32.875202,64.737950,7.738075,frijol urad
25.624092,64.262693,7.721034,frijol urad
15.330426,24.915067,5.565035,frijol rojo
29.692387,92.588625,6.606033,melón
28.259410,82.229311,6.422808,frijol chino
20.647290,65.476584,6.653156,maíz
27.612270,83.390431,5.757414,plátano
28.614091,57.142188,8.292876,frijol moth
30.906078,52.799130,7.051816,frijol de palo
21.070052,83.178966,7.415559,arroz
25.033029,78.623455,5.751978,plátano
23.059519,50.920942,6.967048,café
21.890975,24.852330,5.844317,frijol rojo
26.782001,89.725756,6.487275,sandía
24.081907,84.908455,6.686111,sandía
27.049275,91.382173,6.448062,melón
22.770055,90.672771,5.514253,manzana
28.618232,88.466690,6.266550,frijol chino
25.755812,91.143179,5.873863,coco
15.833887,91.682939,7.651225,naranja
21.036527,90.752034,5.638978,manzana
27.106068,89.895933,6.698574,frijol chino
33.944315,67.030585,6.504990,frijol urad
25.930784,71.481564,6.223891,maíz
24.477578,58.724129,7.921878,frijol moth
26.521729,81.248650,6.388413,yute
28.581274,91.999926,6.083927,melón
26.663461,89.984052,6.881426,sandía
24.834579,66.366836,5.707959,maíz
23.787371,61.029710,6.945665,café
29.046211,91.722089,6.237356,melón
12.540328,80.515884,5.851442,uva
20.966977,21.195248,5.557392,frijol rojo
33.705555,81.354635,5.668195,uva
23.810749,80.663198,7.208661,yute
22.778190,82.772598,5.691579,arroz
28.445563,89.057893,6.257115,frijol chino
20.671600,14.394012,6.439622,garbanzo
22.662589,82.614007,6.620947,algodón
30.756975,36.694042,6.963751,frijol de palo
17.572121,14.999275,8.519976,garbanzo
27.819966,83.308111,6.115392,plátano
29.064492,90.563463,5.922828,coco
26.627772,95.856328,6.265594,coco
34.313238,92.914179,6.993436,papaya
25.502884,83.871832,7.190699,algodón
24.721080,93.396395,6.272345,granada
25.879903,67.551090,6.347379,lenteja
29.760607,90.360698,6.114909,melón
30.655182,50.405929,5.659569,mango
32.893002,52.613240,4.650536,mango
21.782156,24.291759,5.998125,frijol rojo
25.983499,83.478367,5.816501,arroz
18.491823,56.155133,6.630821,maíz
29.620663,88.294386,6.531508,frijol chino
16.460286,91.314482,6.132125,naranja
22.327315,94.404218,6.042863,manzana
22.363387,76.575299,7.455415,algodón
28.896974,44.104607,6.776928,frijol de palo
18.058738,17.432022,6.591726,garbanzo
24.848825,85.811157,6.121066,sandía
27.460354,80.476994,6.137088,plátano
19.062927,67.744936,6.142581,maíz
26.508387,86.842640,6.065898,yute
24.883712,77.896743,5.993046,algodón
29.908885,77.300271,6.242335,plátano
24.944676,94.257027,7.009180,granada
18.135277,80.848067,6.330244,uva
18.525108,69.027623,5.773455,maíz
22.409320,90.025751,5.743370,manzana
26.207077,82.267828,6.107278,plátano
25.109288,87.574858,7.162638,yute
23.022329,82.887715,7.536161,algodón
24.101866,89.535987,6.575606,granada
20.124727,19.752479,7.128822,garbanzo
21.617482,62.723886,5.916454,lenteja
23.877581,91.332071,7.631831,naranja
31.982087,50.670756,5.345926,mango
29.667192,58.216629,6.843893,frijol moth
20.146752,80.217709,6.762266,arroz
24.693689,85.569676,6.353107,sandía
27.824245,90.566987,6.266209,melón
25.939223,76.867365,7.269042,algodón
22.696578,82.810889,6.028322,arroz
26.123537,81.822672,6.249609,uva
23.245511,53.260283,6.720413,café
24.110648,66.954581,6.352776,café
22.521612,92.611849,6.369760,manzana
29.065237,91.951493,6.363016,melón
30.482936,63.491778,6.843724,frijol urad
29.468743,83.230103,5.772309,plátano
25.287846,89.636679,6.765095,sandía
23.417990,85.086405,6.661958,yute
26.040638,59.735393,6.199605,maíz
27.024151,91.554525,6.114973,melón
19.729485,89.326794,6.364162,granada
32.084691,49.074031,6.594604,mango
21.631491,21.179197,5.887263,frijol rojo
26.234543,54.207139,6.896244,café
26.904548,96.504428,5.581494,coco
17.566935,18.092240,5.622668,frijol rojo
28.680302,61.698960,7.367086,frijol urad
25.897427,58.698103,6.187288,maíz
23.181661,91.174848,6.829833,granada
34.566561,61.443867,7.643500,frijol urad
29.064870,69.818953,6.870890,lenteja
27.749351,90.770634,6.699705,melón
30.321792,51.095074,6.721992,mango
12.678311,81.661993,6.116564,uva
18.768990,19.147037,8.079651,garbanzo
30.043976,67.186039,7.267816,frijol urad
23.414893,79.395942,6.564450,yute
32.712503,64.470197,7.393501,frijol urad
28.061605,94.865467,6.315006,melón
32.899847,47.536538,4.762798,mango
23.895238,94.140143,6.129695,manzana
26.591125,57.409460,6.788279,café
19.487327,89.882848,6.916483,granada
27.510647,84.403636,6.373479,plátano
40.102077,94.351102,6.979102,papaya
21.015266,80.122675,5.550838,arroz
28.885153,63.725443,8.231013,frijol moth
28.097488,90.089221,6.538503,naranja
28.009485,82.774083,6.448965,frijol chino
27.627170,68.877381,6.664831,frijol urad
30.235980,63.523017,8.589839,frijol moth
32.767959,94.573774,6.764213,papaya
25.521658,76.010722,5.579642,plátano
22.026034,90.157549,5.669992,granada
29.450591,84.149814,6.397457,frijol chino
25.376013,80.993135,6.653987,sandía
24.292885,81.785326,6.743241,sandía
21.607842,80.288732,6.475704,arroz
27.216075,90.767715,6.859488,papaya
29.168546,58.728951,6.829220,frijol moth
23.129615,81.645054,6.119249,yute
28.537145,92.589634,6.158296,melón
20.434182,81.657283,5.916349,uva
28.557918,43.899084,7.929906,frijol moth
42.072138,92.922031,6.840802,papaya
22.956985,94.557916,5.931764,manzana
30.796818,40.009334,8.898432,frijol moth
34.878966,67.554445,5.191003,frijol de palo
26.000947,90.878757,6.672176,papaya
23.697893,81.344683,7.475807,arroz
27.888346,88.720361,6.757609,frijol chino
12.000737,91.864489,6.269612,naranja
29.191382,90.875240,6.728109,papaya
13.058097,80.282980,5.757010,uva
17.140650,15.849683,6.148740,garbanzo
33.394388,62.936929,6.602888,frijol urad
29.161746,80.280381,6.715277,frijol chino
26.631610,78.789325,5.692190,plátano
32.611261,47.749165,5.418475,mango
29.212901,63.172066,5.470279,frijol de palo
32.942385,45.022364,6.224293,mango
17.220687,16.510734,7.520450,garbanzo
27.061367,78.963969,5.927606,plátano
26.517489,98.376556,5.602236,coco
28.299032,90.615033,6.254850,melón
25.161254,55.254358,9.254089,frijol moth
26.843661,83.850400,6.106501,sandía
26.391890,97.141554,6.146822,coco
23.970488,56.141251,6.442520,café
22.598330,82.614376,5.612768,arroz
22.319660,90.241875,6.535795,granada
22.207578,90.085346,6.156583,manzana
31.999858,50.708154,5.315431,mango
22.485431,91.550794,5.799710,manzana
25.196402,83.558299,5.703382,plátano
24.456875,21.253394,5.827609,frijol rojo
27.838371,94.458301,7.212946,naranja
29.109408,91.848758,6.246429,melón
28.688001,56.329533,8.271454,frijol moth
18.259088,60.545280,5.513698,maíz
23.517413,78.280704,6.125347,algodón
33.956044,93.412854,7.371762,naranja
22.341519,94.739559,5.608019,manzana
25.290859,75.105080,6.031142,plátano
27.396997,69.541810,7.021856,lenteja
26.030683,46.190635,6.142363,frijol moth
25.087188,79.787220,6.285570,plátano
23.343864,91.476847,6.281884,manzana
19.157568,18.015544,8.087922,garbanzo
26.222302,98.333995,5.979893,coco
19.844149,20.311764,5.782646,frijol rojo
25.036686,61.777936,6.691205,café
29.173837,92.257843,6.327287,melón
26.986037,89.396805,6.276404,sandía
23.384514,73.414120,7.041398,yute
26.156539,82.082870,6.315192,plátano
25.483852,59.920400,7.459013,café
28.105128,83.441551,6.806698,frijol chino
42.936054,90.094481,6.612430,papaya
24.846410,66.703576,6.399140,lenteja
30.078725,90.126062,6.824757,papaya
27.292602,83.138369,5.741129,plátano
18.569451,15.988514,7.932497,garbanzo
21.170355,90.246944,5.514253,manzana
27.913168,51.542529,6.557340,mango
19.118588,17.887473,8.158399,garbanzo
26.320318,67.659139,7.618886,lenteja
16.346332,20.537888,5.613411,frijol rojo
18.923912,20.860741,5.671023,frijol rojo
26.575975,60.978766,7.836720,lenteja
28.970481,91.534424,6.568782,melón
26.490041,67.404377,6.736213,café
24.080110,67.318103,6.366744,café
23.594507,84.363864,6.438640,algodón
26.974496,86.631049,6.751871,sandía
26.912264,51.047687,7.548543,frijol moth
20.075229,19.788852,7.348551,garbanzo
21.900401,81.872312,5.520135,arroz
16.644484,19.176374,5.638983,frijol rojo
24.373195,47.694345,7.372526,frijol de palo
27.047288,57.374262,6.484008,café
23.270354,87.962899,6.729083,yute
28.633960,84.710989,6.792121,frijol chino
24.912158,55.458637,9.437730,frijol moth
25.628543,83.245272,6.956509,sandía
28.684434,55.750973,7.135513,frijol moth
17.237232,17.409700,6.370875,garbanzo
25.089819,51.825752,6.062858,frijol de palo
29.692111,51.196629,6.143738,mango
26.321372,86.372020,6.939726,sandía
24.276366,67.570297,6.379521,café
27.151902,50.806511,4.973364,mango
29.444687,92.054989,6.742753,melón
33.796016,93.007543,6.991041,papaya
23.288263,83.682669,5.843789,arroz
29.507046,78.205856,5.507642,plátano
30.702403,30.775768,7.128817,frijol de palo
23.427937,92.064598,5.620832,manzana
26.003740,62.144510,6.559817,café
25.162528,92.091955,6.063039,coco
37.986855,82.096160,5.971106,uva
29.677139,93.952520,6.063101,naranja
26.195049,81.425724,6.325721,sandía
21.745317,19.627577,5.787266,frijol rojo
21.030688,62.679327,5.916454,lenteja
25.008724,95.819067,6.003431,coco
23.267827,91.579937,6.529421,papaya
24.806038,66.176713,6.482273,maíz
26.415341,80.851824,6.525998,sandía
27.509125,80.856660,6.111502,plátano
25.146473,84.646916,5.159651,arroz
29.916906,94.556956,6.117530,melón
25.048638,88.336539,7.079713,yute
23.782095,93.296395,5.514253,manzana
23.627966,68.118460,6.765314,café
23.897364,66.321020,7.802212,lenteja
20.420948,81.541850,5.931102,uva
25.117110,68.480304,7.007332,café
21.364470,90.043898,5.514253,manzana
43.107093,90.061379,6.610621,papaya
27.716783,63.291034,6.781842,frijol urad
26.379785,91.498830,5.547595,coco
26.024011,86.886469,6.000976,sandía
28.141847,97.045313,5.964956,coco
28.799292,49.842134,3.558823,frijol moth
22.997744,60.242186,4.603563,frijol de palo
17.306012,82.973206,6.481728,uva
23.059519,50.406094,6.973840,café
31.025241,57.882940,7.215243,frijol de palo
19.788149,82.779189,5.866935,uva
28.282133,61.789087,7.768704,lenteja
25.167109,61.471148,7.272798,frijol urad
28.375074,84.506092,5.651691,plátano
23.988780,19.117355,5.822013,frijol rojo
20.869645,14.537552,6.471156,garbanzo
29.067128,93.848096,6.104142,melón
23.120789,90.334588,6.112642,manzana
20.995022,17.691643,7.630793,garbanzo
27.876432,88.766947,6.797425,frijol chino
41.354720,82.274676,6.257109,uva
27.050967,81.425639,5.902071,plátano
20.281119,90.798482,6.410460,granada
26.766536,67.897118,7.043604,frijol urad
26.549963,81.776368,7.868475,arroz
24.459025,89.444645,6.207757,yute
27.845564,94.853682,5.709051,coco
29.666092,92.847491,6.160267,melón
25.561229,77.816206,6.487825,algodón
24.208417,82.977301,6.635983,sandía
33.797622,48.821669,7.121043,frijol de palo
26.303423,80.930887,6.130983,sandía
25.341198,84.473213,6.435917,plátano
17.178268,18.413043,7.807220,garbanzo
27.401178,85.289049,7.199495,frijol chino
23.012402,91.073555,6.598860,papaya
22.380862,91.163940,6.108656,manzana
28.708769,47.565836,4.751738,mango
20.599192,62.585104,5.859190,maíz
25.074749,69.079757,7.051965,café
25.242894,93.078444,6.775411,papaya
19.630959,20.207564,5.786091,frijol rojo
24.988841,84.932938,6.157971,sandía
23.495545,93.614629,6.499473,granada
30.337239,48.887048,5.755050,mango
26.204097,87.510702,6.408771,sandía
23.086593,83.555461,7.227746,algodón
27.811382,92.308198,6.166864,melón
27.883529,86.451476,6.364967,frijol chino
23.632459,86.200324,7.024899,yute
20.357507,16.442820,8.188502,garbanzo
29.801991,90.818268,6.403568,melón
28.867783,93.914642,6.419242,melón
19.325096,23.333479,5.581022,frijol rojo
23.665182,80.379892,6.999661,arroz
18.681376,17.601454,8.868741,garbanzo
23.804316,87.372178,6.329700,granada
27.117418,97.134820,5.952149,coco
27.758500,89.996156,7.072335,frijol chino
31.226065,46.061086,6.613720,frijol moth
17.179215,15.978429,7.558345,garbanzo
21.623247,71.159170,5.915463,maíz
27.692410,68.427656,7.058799,frijol urad
22.743273,77.331066,7.248625,algodón
26.717174,50.501485,7.131436,café
29.384716,45.887447,5.727423,mango
24.935205,55.421517,9.105117,frijol moth
25.243185,53.756810,4.757034,frijol moth
21.981419,91.127193,6.142803,manzana
29.104764,55.763980,6.339463,frijol de palo
25.815147,86.750913,6.671944,sandía
17.491769,16.734954,6.288908,garbanzo
27.774532,52.745012,4.235689,frijol moth
30.019932,91.494969,6.746576,papaya
19.506325,18.714243,7.102252,garbanzo
24.127035,62.543838,6.791166,lenteja
31.127412,68.156964,7.080241,frijol urad
21.452787,90.745319,6.110219,manzana
25.990072,78.121806,6.202771,plátano
26.644909,91.065812,5.560248,coco
28.259791,90.460392,6.227957,melón
26.211719,62.443727,6.956278,lenteja
24.914045,80.474396,6.301312,sandía
24.254003,78.573029,7.058848,yute
28.228464,82.141857,7.066159,frijol chino
11.827774,91.396795,7.325233,naranja
27.429274,62.689582,6.512767,frijol urad
27.123371,85.991550,6.544965,frijol chino
23.687378,90.853194,5.615271,manzana
32.512474,94.659041,6.704204,papaya
25.970971,94.736096,6.470466,coco
28.125872,91.305812,6.242680,melón
35.046454,48.773050,6.395823,mango
28.991327,81.883848,6.475119,frijol chino
23.368786,23.063140,5.936462,frijol rojo
18.079088,85.793155,5.939211,granada
22.147119,94.832061,6.192325,manzana
22.468428,81.676515,6.749575,algodón
24.878710,75.488847,6.775614,algodón
31.083395,44.802154,6.643699,frijol moth
29.599772,84.154431,6.346660,frijol chino
22.338514,19.614543,5.783821,frijol rojo
20.034624,92.019008,7.788814,naranja
26.207442,74.806735,7.194065,yute
29.914544,86.022762,6.395164,frijol chino
22.655028,60.899080,6.866966,lenteja
23.319904,84.649674,6.659642,yute
22.082624,93.603931,6.385967,manzana
28.295871,86.064812,6.902700,frijol chino
28.397437,93.454141,6.501521,papaya
29.282224,58.036268,5.981169,frijol de palo
29.975598,55.996174,8.254941,frijol moth
26.652541,57.056780,6.778263,café
30.741950,83.368931,5.619361,uva
25.408810,64.082647,6.633193,maíz
26.331526,84.313141,6.510033,sandía
28.134092,44.207991,6.137969,frijol moth
21.705619,92.848178,6.061628,manzana
36.891637,62.731782,5.269085,frijol de palo
42.426521,93.218513,6.658671,papaya
28.179724,82.564597,6.292576,frijol chino
18.183899,91.101841,7.004136,granada
26.916427,87.964834,6.402805,sandía
31.661509,51.963962,5.395878,mango
17.679092,17.652765,7.663978,garbanzo
24.014229,85.273759,5.802852,granada
23.788629,72.998703,6.646703,maíz
29.095498,83.607675,6.819282,frijol chino
26.039672,83.986244,6.277484,sandía
18.071330,91.182230,6.967565,granada
26.803814,80.820559,5.956392,arroz
30.315393,59.955473,7.444184,frijol moth
17.024985,17.169049,7.475813,garbanzo
23.899972,78.024073,6.424189,algodón
19.706125,14.650867,6.537425,garbanzo
31.468462,35.394540,5.661826,frijol de palo
28.593515,61.852514,7.403390,frijol urad
28.700121,44.359648,3.828031,frijol moth
16.507490,20.400400,5.607254,frijol rojo
29.213597,81.746933,6.898710,frijol chino
24.815301,91.908430,5.972715,granada
20.186371,32.008001,4.548202,frijol de palo
28.672296,67.511452,7.148048,frijol urad
26.682448,67.690655,7.770841,frijol urad
23.280123,94.943305,6.368561,granada
22.829053,93.107705,5.819347,manzana
24.905732,87.516452,6.701415,sandía
28.096468,60.713701,3.587541,frijol moth
20.984954,19.019428,6.516209,garbanzo
25.535098,98.227765,5.552649,coco
27.048635,91.346851,6.375923,melón
19.731369,24.894874,5.819404,frijol rojo
40.345041,80.256207,6.469302,uva
26.141842,63.679135,6.711536,café
21.300098,53.907329,5.663346,frijol de palo
21.454613,82.862669,6.250959,arroz
28.621198,49.236570,3.669229,frijol moth
26.128697,78.121217,6.821194,yute
28.678456,91.913688,5.973553,coco
25.247091,67.400519,6.349667,lenteja
29.589434,91.281278,5.805435,coco
25.365861,66.637972,7.538631,frijol urad
26.402023,84.410076,5.720727,plátano
25.955104,78.195616,6.470844,algodón
25.131636,66.926424,7.399749,lenteja
27.864024,55.392379,9.410950,frijol moth
21.912367,80.360577,5.972067,arroz
25.404744,65.856754,7.722336,lenteja
21.441683,92.622594,6.173288,manzana
21.497188,82.891611,7.263619,arroz
24.116413,74.242254,7.193687,yute
27.916459,63.219161,7.240068,lenteja
24.602407,80.558376,6.086358,arroz
20.459737,82.818842,5.778455,arroz
29.031673,93.126032,6.355443,melón
28.078027,54.964053,6.128168,mango
22.121903,58.784704,5.780011,maíz
35.990097,52.227805,5.978634,mango
25.020533,53.787639,7.053181,café
32.276520,50.193688,5.316876,mango
28.280622,68.510737,7.381582,frijol urad
24.941489,57.122988,7.259566,café
31.603699,46.970942,4.788810,mango
13.483246,83.476457,5.698676,uva
27.365415,88.345430,6.686436,frijol chino
24.258329,83.589578,6.653807,sandía
29.603151,62.879984,5.772854,frijol moth
26.101446,74.672634,6.525535,maíz
23.574712,22.860299,5.928455,frijol rojo
27.675713,89.693989,6.623907,frijol chino
18.096911,90.421774,6.924491,granada
28.576383,92.187332,6.066942,melón
36.147957,93.111243,6.993473,papaya
24.480746,85.129122,6.718866,granada
23.860662,61.568324,7.017266,café
28.843337,94.586065,6.294686,melón
19.023861,17.266142,6.915328,garbanzo
28.719745,81.679209,6.700152,frijol chino
24.994865,60.532754,7.111433,lenteja
32.352910,44.205974,5.594572,frijol de palo
28.469514,82.814717,6.289420,frijol chino
19.634743,18.907056,5.759237,frijol rojo
25.777691,45.885693,7.797109,frijol moth
25.083224,81.290949,6.893432,algodón
28.047602,47.513266,5.060139,mango
36.209705,31.945506,5.617123,frijol de palo
19.740023,88.775251,5.755938,granada
12.436078,83.497508,5.932832,uva
40.027672,94.320456,6.985423,papaya
26.111937,79.168396,6.086622,yute
26.001751,94.799984,6.331052,coco
18.414822,80.016394,6.066469,uva
18.278401,19.822912,7.066904,garbanzo
22.791968,90.609019,6.420457,naranja
17.368086,14.258040,7.808284,garbanzo
22.960650,90.698724,5.619210,manzana
25.656656,97.122526,6.170433,coco
31.487977,94.933221,6.620745,papaya
13.275600,94.194071,6.376169,naranja
35.695984,83.319924,5.793808,uva
30.992569,43.021514,8.034413,frijol moth
28.612225,88.929040,6.232560,frijol chino
18.024713,18.278141,8.746011,garbanzo
21.982682,80.130921,7.124105,arroz
29.874428,89.616250,7.161249,frijol chino
19.666291,86.179627,5.771020,granada
21.599347,24.969699,5.854345,frijol rojo
26.929951,81.910421,7.197741,arroz
28.504164,93.468065,6.565313,melón
20.687204,84.396111,6.223484,arroz
25.400844,78.709847,5.600310,plátano
25.630821,82.811655,6.956509,sandía
26.288460,83.390039,5.891458,plátano
24.291449,81.024534,7.810866,algodón
24.983175,80.647007,7.193095,algodón
26.659731,84.665907,7.069056,arroz
21.193393,82.330983,6.399434,uva
43.074953,93.342650,6.951284,papaya
29.387361,94.499412,6.430153,melón
25.615774,62.375235,7.275296,café
19.143819,90.710375,7.854624,naranja
36.328622,43.454917,4.654084,frijol de palo
25.055094,79.257965,5.604876,plátano
26.916248,80.768389,5.953966,uva
25.950586,40.582273,5.165165,frijol de palo
31.863265,68.362727,7.295215,frijol urad
24.772440,22.335490,5.697890,frijol rojo
28.954512,89.078661,6.421271,frijol chino
26.181597,81.038863,6.315586,uva
24.254657,63.340059,6.425309,café
26.353280,73.935878,6.802132,yute
27.636420,68.781209,6.305414,lenteja
19.729061,62.562753,5.728388,maíz
29.134455,47.867471,4.617662,mango
25.376646,73.310241,6.101759,yute
25.010185,84.583252,6.200744,plátano
27.304727,81.503966,6.881172,frijol chino
20.790118,20.990157,5.559020,frijol rojo
21.691375,92.640043,5.540213,manzana
28.436835,87.913327,6.583382,frijol chino
26.698258,81.067296,5.943551,arroz
29.908885,76.987408,6.257370,plátano
31.260044,36.156933,5.597884,frijol de palo
22.207644,92.547763,5.804162,manzana
24.786394,58.564413,6.351758,frijol de palo
32.015715,51.007385,5.314432,mango
24.876637,76.300504,7.041066,algodón
29.738364,93.070585,6.564821,papaya
27.321989,34.137371,4.697751,frijol de palo
26.003722,83.274408,6.355181,uva
29.128239,84.758078,6.165557,plátano
25.391466,62.805196,9.082341,frijol moth
23.718792,66.692648,7.411504,café
25.751229,57.395025,7.922520,frijol moth
31.793032,53.522466,5.321902,frijol moth
26.372021,84.503872,5.723375,plátano
24.669002,51.602552,7.075593,café
23.168049,86.454169,6.453521,yute
25.991418,77.005141,7.344958,algodón
24.899086,89.698522,7.035739,granada
35.185868,83.350372,5.771145,uva
22.307889,91.563440,6.187674,manzana
29.257673,76.234252,5.795422,plátano
23.524239,81.119868,7.464109,arroz
31.049757,45.520143,6.749898,frijol moth
20.995022,19.186074,8.760780,garbanzo
27.247872,85.129429,6.516926,frijol chino
28.112802,61.498450,7.525164,frijol urad
28.587199,85.907313,6.853316,frijol chino
24.893263,77.012226,7.207457,yute
26.408568,54.039023,6.988688,café
25.169392,64.136455,7.158964,lenteja
23.465054,50.964509,6.916361,café
27.445889,89.129955,6.721359,frijol chino
23.202426,91.194427,6.859841,granada
25.681951,77.897875,6.496774,algodón
24.820187,74.215177,6.570435,yute
24.062694,67.933943,6.802354,lenteja
9.961883,80.651841,5.905188,uva
22.443077,91.592340,6.160267,manzana
23.321594,63.278610,5.721057,frijol de palo
31.597810,45.022364,5.555505,mango
27.561888,63.612703,7.380929,lenteja
20.714227,87.333515,7.042331,granada
29.074938,91.791176,6.220978,melón
31.205903,46.820352,4.880004,mango
20.249914,82.231546,7.574221,arroz
27.599067,51.970665,4.783387,mango
24.698717,47.286803,8.561508,frijol moth
28.332012,90.464834,6.208521,melón
19.663298,87.951581,5.561852,granada
23.012402,94.029183,6.760569,papaya
23.863313,83.213562,5.582409,arroz
17.024985,16.943323,7.481643,garbanzo
25.238755,83.189753,5.692621,plátano
23.871787,92.828066,5.590783,manzana
18.920764,62.731356,5.077609,frijol de palo
28.433883,93.491248,6.533263,melón
11.920344,92.153035,6.525886,naranja
18.041855,55.338543,6.136947,maíz
24.697912,86.089533,6.330357,granada
20.517168,59.212355,5.561511,maíz
26.824892,78.203928,7.093329,yute
24.439041,89.984052,6.015521,sandía
23.727093,75.649415,7.544125,algodón
17.046863,17.572568,6.295647,garbanzo
26.005743,84.054361,6.281879,sandía
12.001038,94.097103,7.891096,naranja
40.660123,81.249960,6.372960,uva
19.131820,92.143424,6.457301,naranja
37.534351,91.915104,6.981304,papaya
24.383138,20.608351,5.844687,frijol rojo
26.819387,87.827460,6.551750,sandía
31.774763,51.865063,8.977739,frijol moth
25.826998,82.174785,5.786795,plátano
26.185524,96.966379,5.612123,coco
24.371182,87.126913,6.451500,sandía
22.478779,93.816130,5.881905,manzana
29.030575,91.275895,6.759309,melón
28.188685,52.095334,4.613953,frijol moth
27.139702,77.362109,6.194666,plátano
28.963183,95.163337,6.165085,coco
25.172866,63.203394,9.078695,frijol moth
26.922344,87.267953,6.859487,sandía
27.173526,92.573170,6.131831,coco
26.790136,81.120159,6.956509,sandía
25.042029,77.601726,7.160958,yute
19.331626,24.139950,5.655727,frijol rojo
28.240914,88.726475,7.135745,frijol chino
27.287288,81.396294,6.442291,plátano
23.101598,65.960308,6.792288,maíz
27.855991,63.927527,6.907279,café
23.416803,93.285234,6.814113,granada
24.913705,54.153192,7.042089,café
23.901870,90.823013,5.823344,manzana
20.073451,15.129029,7.690814,garbanzo
25.755286,83.518271,5.875346,arroz
26.234467,64.434974,7.341395,frijol urad
30.851852,46.038716,6.941234,frijol de palo
13.332945,91.027461,7.574212,naranja
24.893270,18.199871,5.585251,frijol rojo
20.379997,63.738500,6.644205,maíz
24.081328,84.827164,6.664794,sandía
17.170126,17.304577,8.081095,garbanzo
30.940171,46.136483,3.711367,frijol moth
24.713727,64.074245,7.148965,lenteja
21.132169,91.998404,5.824863,manzana
19.918531,20.700998,5.833011,frijol rojo
28.401410,97.571030,5.839708,coco
24.451029,79.036744,7.208034,algodón
21.959594,91.636892,6.470861,manzana
26.402700,81.036971,6.289953,sandía
22.392294,91.870138,6.236132,manzana
27.844928,91.606666,6.732049,melón
27.289220,66.922281,6.228272,lenteja
29.843947,94.645568,6.129281,melón
22.859951,91.149294,6.369882,granada
28.300206,91.509837,5.555657,coco
21.481841,90.611059,6.120968,manzana
19.205224,24.132187,5.586114,frijol rojo
31.837767,94.944821,6.613634,papaya
33.535971,92.670381,6.981871,papaya
31.212394,40.926049,8.532079,frijol moth
28.975636,90.856280,6.554661,melón
17.905338,15.902808,7.822903,garbanzo
17.399002,20.165255,5.846028,frijol rojo
27.054389,63.145691,6.735540,café
27.413848,52.576988,5.510424,mango
20.059772,81.691957,7.527458,arroz
23.707068,91.253335,6.683817,naranja
29.652969,88.485874,6.530471,frijol chino
26.389054,83.312403,7.433313,yute
26.273212,60.855457,7.841496,lenteja
27.105080,63.567914,5.794290,frijol moth
36.165513,30.727818,6.332744,frijol de palo
24.001735,62.002881,7.360434,lenteja
25.775054,75.288598,7.615333,algodón
34.457162,92.324420,6.723154,naranja
26.589725,66.140077,6.139216,lenteja
23.094338,78.328987,7.155767,yute
32.795521,83.818731,5.562445,uva
23.688901,83.686037,5.905562,arroz
27.053129,91.346321,6.483527,melón
30.214983,35.443491,5.306140,frijol de palo
22.890550,82.294267,7.868475,arroz
25.407859,76.440486,7.319952,yute
18.331248,38.409755,4.946370,frijol de palo
26.578599,82.534537,6.854803,sandía
28.629112,89.114806,6.218924,frijol chino
20.045414,83.252804,5.770349,arroz
27.996117,90.846603,6.630301,melón
37.588997,91.997404,6.967760,papaya
22.128934,94.275670,6.654590,granada
25.847059,80.580668,5.724237,arroz
25.060628,58.519241,7.182873,café
27.525967,94.533153,6.378660,coco
24.746793,88.775894,6.122619,sandía
29.181271,60.678775,9.030204,frijol moth
33.087061,92.251975,6.770385,papaya
33.469624,81.215361,5.664325,uva
22.155965,82.758872,6.696412,algodón
28.120522,83.706062,6.653937,frijol chino
29.102846,76.828613,5.608809,plátano
26.270835,72.077734,6.249782,maíz
23.616375,90.236372,7.512842,naranja
18.395978,64.490165,6.531008,maíz
25.384380,60.959874,7.260413,lenteja
29.279237,90.109159,6.051807,melón
21.339778,92.854387,5.888514,manzana
29.748976,82.928366,6.452819,frijol chino
22.986764,76.495356,6.949703,algodón
23.453790,46.487148,7.109598,frijol de palo
20.205663,89.057363,6.060289,granada
23.428674,76.529991,7.446611,algodón
23.501600,77.291669,7.973919,algodón
23.730001,71.198825,6.695847,yute
28.771148,44.628571,5.067736,frijol de palo
24.416004,91.590449,7.507147,naranja
25.241674,75.220890,6.062879,algodón
24.882283,75.392583,6.819563,algodón
19.275976,86.978059,7.015724,granada
18.576659,19.220082,8.104396,garbanzo
39.981173,91.904087,6.749816,papaya
27.436461,87.261054,7.149782,frijol chino
23.737284,84.278684,6.599616,algodón
26.302107,67.351880,6.326402,lenteja
28.045738,90.820490,6.564389,melón
29.486461,76.228702,6.165270,plátano
22.008171,81.838961,7.762648,algodón
28.003134,87.273803,6.403912,frijol chino
26.758465,87.895978,6.443433,sandía
25.010185,78.847212,5.727219,plátano
10.723025,80.021306,6.425420,uva
27.477210,92.842533,5.802356,coco
29.775491,68.516146,6.887843,frijol urad
25.746794,40.719259,4.820788,frijol de palo
25.187800,83.446217,6.818261,sandía
18.457172,80.985345,6.385585,uva
16.885455,80.534918,6.272832,uva
23.566111,83.961373,6.189061,algodón
24.781998,85.129122,5.820390,granada
8.825675,82.939370,5.577149,uva
21.140114,22.718235,5.606620,frijol rojo
28.310412,86.447383,6.872874,frijol chino
29.527531,94.574594,6.700338,melón
22.500503,92.458783,6.126437,manzana
17.481897,18.825197,5.954665,frijol rojo
20.210491,63.305363,6.416054,maíz
24.589499,92.224617,6.577654,papaya
12.580667,80.016394,6.116784,uva
34.040182,66.274594,7.541979,frijol urad
26.679614,84.312661,6.532650,sandía
26.737161,88.596125,6.413255,sandía
29.197394,49.473721,6.964429,mango
18.849542,89.242163,6.067344,granada
28.373664,90.152814,6.355655,coco
23.903146,93.480563,6.548688,granada
26.415396,91.370587,5.544486,coco
25.000717,83.746934,6.923358,arroz
29.323796,45.932484,6.421748,frijol de palo
29.179790,90.272143,6.006785,coco
28.802199,86.065305,6.467333,frijol chino
30.990576,65.280817,6.287136,frijol de palo
23.300392,90.465327,5.843230,manzana
28.121809,46.168886,5.630620,mango
32.680642,66.163009,6.862346,frijol urad
27.570890,63.356686,5.916454,lenteja
28.400863,84.608370,5.683997,plátano
17.455023,20.081257,5.864964,frijol rojo
27.515728,48.853466,6.809754,mango
28.362914,88.009893,6.487124,frijol chino
22.863564,21.565538,5.946167,frijol rojo
20.951193,17.652703,7.605869,garbanzo
28.317029,46.177788,5.595643,mango
27.987140,94.962187,6.367831,melón
16.517835,20.455560,5.609435,frijol rojo
24.360855,89.948692,6.032863,sandía
22.120240,93.761663,6.416001,manzana
25.016333,69.953623,5.786615,maíz
26.681508,89.984052,6.850478,sandía
33.955281,69.958262,7.438061,frijol urad
10.010813,90.223992,6.220943,naranja
25.622760,71.165903,6.839080,maíz
20.334778,82.845803,5.689982,arroz
23.702860,93.717100,5.659178,granada
24.221636,55.906372,6.428145,café
33.250438,35.489566,4.548202,frijol de palo
28.026002,93.617638,6.387682,melón
30.589613,94.606398,7.529404,naranja
18.954162,66.164410,6.766901,maíz
16.389774,92.507816,6.335883,naranja
26.800796,80.886848,5.108682,arroz
18.963884,68.742760,6.058865,maíz
28.750821,86.693238,6.977303,frijol chino
21.640936,24.652007,5.996476,frijol rojo
27.035148,42.380349,8.462517,frijol moth
28.334775,56.366204,8.550516,frijol moth
31.339863,57.479290,4.916140,frijol de palo
26.929951,81.972283,7.175426,arroz
23.673433,47.287969,7.342410,frijol de palo
32.797668,68.779941,7.163044,frijol urad
28.645556,93.226426,6.751748,papaya
43.140302,94.839842,6.669939,papaya
26.736940,81.911140,7.820309,arroz
29.370478,92.546851,6.462688,coco
19.089221,20.467927,5.978747,frijol rojo
22.456169,91.527818,7.571254,naranja
27.313661,88.728856,7.056651,frijol chino
29.065511,91.850752,6.353185,melón
30.131894,67.834961,7.263622,frijol urad
25.457027,81.621852,6.942730,sandía
24.335077,84.876690,7.000013,algodón
27.649838,51.535393,4.826068,mango
31.159507,53.367770,7.133410,frijol de palo
25.878314,81.980712,6.367511,sandía
25.088436,93.099219,6.825779,papaya
27.020342,63.746805,5.688908,frijol moth
23.058978,90.281510,5.754912,manzana
18.972048,82.938051,6.424041,uva
10.852794,93.838376,7.829525,naranja
23.843328,92.658228,5.561427,manzana
33.439960,53.057648,5.421573,mango
17.341502,18.756263,8.861480,garbanzo
23.798816,76.792076,7.994680,algodón
23.804363,92.804416,6.024249,manzana
24.874934,86.934965,6.224795,sandía
29.272869,81.520848,6.868573,frijol chino
26.265595,90.796681,6.651491,papaya
23.830537,90.844222,6.406819,manzana
26.464191,49.248060,5.887491,frijol de palo
28.894017,61.575651,8.915760,frijol moth
22.361564,81.965209,6.781546,algodón
25.514160,81.446416,6.932903,sandía
27.108306,81.653286,5.860263,plátano
28.095690,60.983538,4.611364,frijol moth
23.533545,83.485458,5.850999,arroz
41.572495,90.582074,6.929476,papaya
23.455269,66.534025,7.836939,lenteja
26.223279,64.446422,7.325048,frijol urad
29.581473,91.645133,7.159063,naranja
28.945939,95.009195,6.207391,coco
23.740995,80.363505,7.041462,arroz
27.398723,81.105234,6.469371,plátano
26.715925,88.012665,6.529008,sandía
19.329031,68.598216,6.730261,maíz
29.224442,91.524788,6.770800,melón
31.486991,66.714800,7.569962,frijol urad
18.302788,91.142536,6.098740,granada
26.042119,60.383067,5.983516,lenteja
24.485498,81.752558,6.781316,yute
32.468140,64.669875,7.405165,frijol urad
24.711303,70.760693,6.568791,maíz
22.405863,91.440233,5.987978,manzana
27.793679,99.911091,5.671580,coco
34.073533,52.668931,6.500653,mango
22.626511,65.774729,6.780736,maíz
19.750445,14.821425,6.595601,garbanzo
33.024361,66.194402,6.782417,frijol urad
27.945242,55.055912,9.310291,frijol moth
27.883348,88.765075,6.774254,frijol chino
26.929951,81.914112,7.069172,arroz
23.706525,67.174185,7.323723,café
26.805301,77.946049,7.143577,yute
19.998554,60.279916,6.698247,frijol de palo
19.893639,82.733664,5.856575,uva
26.260287,86.145859,6.769894,sandía
31.464237,49.476660,7.051077,frijol de palo
28.471620,93.368163,6.554947,melón
26.670665,84.087090,6.295634,arroz
22.015377,84.591149,6.200066,algodón
27.798588,53.486930,5.628094,mango
23.664846,83.370726,5.547676,arroz
25.031994,48.439275,8.624743,frijol moth
32.638714,68.685014,7.559233,frijol urad
25.661972,56.945856,7.453747,café
41.804110,91.672989,6.747469,papaya
24.543046,79.188404,5.948336,algodón
25.523106,82.138654,6.202521,plátano
28.749580,93.445934,5.584470,coco
24.388717,62.504531,6.711341,lenteja
26.591917,81.619556,7.656752,arroz
36.318726,31.052734,5.611890,frijol de palo
33.105698,93.484475,7.434119,naranja
28.678510,87.116142,7.171077,frijol chino
19.636535,19.687511,5.821650,frijol rojo
26.686624,95.552409,6.234720,coco
21.318628,38.627433,4.981129,frijol de palo
23.223815,82.431920,7.868475,arroz
20.559126,60.548807,6.655918,frijol de palo
22.301245,60.562590,6.711369,maíz
25.562389,73.244873,6.590675,maíz
16.012173,81.534714,6.475022,uva
19.329166,90.445413,7.733265,naranja
23.848136,81.731206,6.049799,yute
29.168438,91.254637,5.771869,coco
27.176968,60.379521,6.479809,lenteja
27.471809,82.507492,6.274121,plátano
24.937884,57.245713,7.194635,café
26.543481,84.673536,7.072656,arroz
25.612522,93.720988,6.744703,papaya
22.778565,92.701240,5.624203,manzana
28.223734,47.405191,5.024125,mango
22.575693,77.398074,7.250169,algodón
25.555508,62.636817,7.322630,café
31.561878,68.845653,7.319359,frijol urad
23.845634,73.179237,6.286852,maíz
30.575304,34.755912,5.384763,frijol de palo
20.525980,62.218127,5.837302,maíz
28.468101,82.432724,6.700798,frijol chino
34.538239,39.044689,5.617008,frijol de palo
19.147290,45.373376,5.517208,frijol de palo
27.351407,82.918903,5.738804,uva
27.735754,52.049582,4.776792,mango
18.865409,91.825636,6.491628,naranja
28.227767,80.643038,5.758054,plátano
30.452290,58.110068,6.138804,frijol moth
30.185730,65.918874,7.020979,frijol urad
29.050916,80.444744,6.756962,frijol chino
23.225940,94.429714,6.844402,granada
32.134097,50.525591,6.097870,mango
28.895888,62.184198,6.995096,lenteja
23.692871,66.760901,7.393826,café
27.571263,69.465693,6.692790,frijol urad
18.726494,17.584064,7.978997,garbanzo
30.356854,33.056371,5.748956,frijol de palo
20.771766,92.998538,7.640404,naranja
27.934828,66.454571,4.722222,frijol de palo
34.052969,92.058117,6.725601,naranja
29.052480,93.922178,6.105910,melón
25.414647,81.522666,6.250663,uva
25.263004,98.286405,5.567755,coco
24.210853,58.573863,7.265649,café
29.184319,91.510921,6.664040,melón
20.464044,45.477541,6.230003,frijol de palo
20.934099,21.189301,5.562202,frijol rojo
27.781477,67.791906,6.546888,café
29.304806,93.056647,6.573299,papaya
23.386814,65.415337,6.407734,café
29.067853,83.930031,6.634493,frijol chino
23.342183,90.986233,6.090386,manzana
11.033679,92.227068,6.562595,naranja
23.391524,90.377577,5.788153,manzana
17.274479,15.029139,6.611212,garbanzo
23.543509,92.266400,5.670301,manzana
30.094752,60.215398,6.558230,frijol urad
20.300019,16.411641,8.724677,garbanzo
34.036792,67.211138,6.501869,frijol urad
27.764619,91.080287,6.726176,melón
31.425073,62.396813,7.298001,frijol urad
28.487546,92.242403,6.029560,melón
24.553306,81.639552,6.656344,algodón
25.056530,78.840640,6.869738,yute
33.687690,33.276953,4.605968,frijol de palo
30.585940,59.073133,5.757944,frijol moth
25.739926,80.746103,6.388699,yute
24.725558,90.851827,5.961146,granada
22.781378,82.804966,5.662053,arroz
26.588370,79.509312,6.206460,plátano
27.139382,67.741502,7.357831,frijol urad
31.393941,47.196008,4.572432,mango
29.864585,80.505499,6.651842,frijol chino
21.323763,83.003205,7.283737,arroz
25.177877,62.262446,6.647766,café
28.914329,91.343714,6.462065,melón
29.237750,90.015064,6.088195,melón
20.074609,23.251363,5.890856,frijol rojo
25.700432,70.814916,6.852304,maíz
29.980805,49.486133,6.442393,mango
21.674212,63.032674,6.732142,lenteja
15.821291,19.490600,5.998125,frijol rojo
24.675387,92.372655,5.975162,granada
17.340837,93.048972,7.191727,naranja
43.362522,90.167838,6.600126,papaya
20.956285,63.681288,7.239455,lenteja
23.815125,92.999730,5.737524,granada
25.747684,89.095358,6.030788,sandía
39.132885,91.384357,6.993473,papaya
25.932069,62.940612,6.575793,maíz
27.549811,42.185719,8.431779,frijol moth
43.181844,93.375919,6.941008,papaya
27.486130,76.112398,6.212369,plátano
20.326189,58.754511,5.587596,maíz
29.496694,64.388515,5.615117,frijol de palo
23.466810,78.031280,6.136018,algodón
28.320539,56.301440,7.348121,frijol moth
22.033868,79.380199,7.434056,algodón
23.174096,36.678471,6.962386,frijol de palo
20.730530,59.349524,5.562868,maíz
18.805337,89.854378,6.609937,granada
18.344338,85.645232,5.868544,granada
21.360066,92.780601,5.577597,manzana
29.827294,90.790073,6.400772,melón
28.401813,98.938056,5.545403,coco
22.623188,92.355198,6.441724,manzana
18.531932,14.915977,7.240732,garbanzo
20.583140,69.001286,6.499936,maíz
28.595513,60.188278,7.178202,frijol urad
23.095909,92.936921,6.411457,manzana
33.948436,50.413245,6.113228,mango
22.054318,82.817364,6.663312,algodón
25.672141,95.099522,5.750335,coco
18.877514,65.768161,6.082974,maíz
19.347944,55.968055,4.681576,frijol de palo
18.833445,58.750820,5.716223,maíz
23.973611,93.180116,5.553225,manzana
28.951937,92.156559,6.431279,melón
30.977587,32.249142,7.161798,frijol de palo
25.167514,80.268935,6.915304,sandía
31.963757,66.784201,7.174521,frijol urad
28.010732,78.023014,6.448569,plátano
20.947789,63.022549,6.180963,maíz
24.421701,73.460976,6.157142,maíz
24.921622,66.786274,5.750255,maíz
34.860593,90.539160,7.795969,naranja
23.080811,92.951738,6.587580,granada
27.831510,63.667202,7.805252,lenteja
23.458391,37.446413,6.890880,frijol de palo
30.475906,43.917592,6.883866,frijol de palo
28.374406,94.633548,6.686240,papaya
25.204068,57.883705,6.652643,café
22.832255,94.210795,6.076356,manzana
23.701715,90.966491,5.581402,manzana
26.137083,66.772921,6.261938,lenteja
24.962732,94.717673,6.996544,granada
23.569808,65.538842,7.382276,café
25.771086,87.680540,6.733444,sandía
17.698761,18.177187,6.807990,garbanzo
23.223339,77.990376,6.205642,algodón
18.156966,24.140824,5.698321,frijol rojo
41.948657,81.689472,6.421996,uva
21.290215,93.097646,7.681118,naranja
28.833368,53.537691,9.749483,frijol moth
28.196264,61.518628,7.159123,frijol urad
23.344674,90.379815,5.811975,manzana
25.104748,87.526762,6.587791,sandía
27.539114,77.256299,6.049802,plátano
23.094338,87.110573,6.624313,yute
28.174894,43.667230,4.524172,frijol moth
23.761112,90.985943,5.571060,manzana
24.029525,58.848806,7.303033,café
19.733409,59.332106,6.352790,maíz
28.333145,56.400943,8.970726,frijol moth
24.837857,75.832801,6.885004,algodón
16.290950,24.274465,5.921485,frijol rojo
20.267685,23.132502,5.964807,frijol rojo
25.190613,67.113124,5.909515,maíz
26.619791,83.103020,5.723088,plátano
22.530337,90.022219,6.584593,granada
25.539194,80.692564,7.846373,arroz
24.483366,53.437148,6.072802,café
29.290378,85.682398,6.240443,frijol chino
26.189883,85.997683,6.794050,sandía
32.070916,50.212467,5.285432,mango
29.410689,54.650168,9.721848,frijol moth
17.668484,15.092794,8.519205,garbanzo
29.534515,91.667287,5.913343,coco
17.223852,15.820693,6.129534,garbanzo
19.787923,89.521670,6.979690,granada
32.917957,94.608599,6.715895,papaya
28.444875,75.425821,6.093651,plátano
29.191069,87.203790,6.426088,frijol chino
27.825783,69.040264,6.710096,frijol urad
25.305678,80.960688,7.833425,algodón
28.300558,63.773614,6.500145,frijol urad
26.558930,83.034910,6.026333,yute
28.872340,79.833877,5.932978,plátano
35.519783,33.513441,5.595133,frijol de palo
39.801233,90.087869,6.545481,papaya
21.326521,90.194488,5.559685,manzana
27.592010,54.767023,7.174471,café
19.250652,88.916517,6.901463,granada
29.712646,44.473199,6.896559,frijol de palo
27.859058,51.460089,4.773116,mango
27.962357,83.975868,6.581351,frijol chino
13.912729,91.146415,6.088912,naranja
24.694571,81.735888,6.628723,algodón
19.462340,15.225390,7.976608,garbanzo
23.037684,82.331329,6.368964,algodón
22.552606,89.325949,6.327674,granada
23.543825,64.984877,7.202014,lenteja
19.441329,17.972643,8.455069,garbanzo
17.598933,16.870900,6.908272,garbanzo
25.156231,80.275251,6.862157,sandía
24.155178,89.776974,7.145565,yute
26.510720,93.575598,6.720386,papaya
31.113303,92.990518,6.377767,naranja
42.547440,94.944821,6.662876,papaya
26.037077,80.350419,5.950356,plátano
38.732189,94.736135,6.579441,papaya
25.008724,96.181982,6.168064,coco
18.763251,17.510981,8.027527,garbanzo
25.761076,67.737338,6.510914,café
23.398756,83.671872,5.374745,arroz
15.738229,92.133794,6.639827,naranja
31.175807,45.324077,7.157313,frijol moth
23.129792,94.649411,5.879714,manzana
27.923744,67.969109,7.079851,café
20.993297,80.769799,6.472372,uva
24.849184,68.980884,7.272428,lenteja
28.222946,82.499289,6.393335,frijol chino
23.536896,93.409781,6.056842,naranja
20.822107,87.228157,6.999014,granada
26.838146,82.044707,6.965895,arroz
20.582329,81.188618,6.088900,uva
17.154330,19.870707,5.566523,frijol rojo
28.047995,90.006217,6.550814,naranja
22.343757,89.787035,5.648244,granada
29.995290,53.201345,5.131446,mango
32.511049,91.464613,6.875971,papaya
26.310518,61.187491,6.294130,frijol moth
27.154594,67.675323,7.415136,frijol urad
23.823823,90.620332,6.900614,naranja
22.046129,84.629783,6.144632,algodón
31.947075,57.329005,4.934442,frijol de palo
21.206872,90.726619,5.664501,manzana
28.394307,61.433759,7.420827,frijol urad
26.205062,63.217163,6.740952,café
17.001736,91.569224,6.611806,naranja
23.113111,90.395347,5.700741,manzana
28.282709,95.764765,6.140980,coco
9.467960,82.293355,5.800243,uva
26.929393,49.594808,5.661052,frijol moth
30.228819,90.802272,6.722436,papaya
28.343681,76.987373,5.848158,plátano
19.312897,18.698920,7.238376,garbanzo
31.166108,44.857766,6.781633,frijol moth
27.032507,91.204555,6.442325,melón
29.988228,45.436431,5.383488,frijol moth
26.593684,67.570390,7.060191,frijol urad
18.825488,19.349224,8.505427,garbanzo
24.494576,88.659385,6.124464,yute
25.399288,76.781224,7.363933,yute
29.267423,43.757565,8.968064,frijol moth
16.770318,80.706680,6.373939,uva
23.290743,90.473472,5.818079,manzana
37.730051,94.644952,6.707853,papaya
28.415227,95.970494,6.424387,coco
24.665256,56.896234,7.345292,café
26.103292,70.825880,6.925386,maíz
23.675678,93.564857,5.680666,manzana
26.464746,67.517605,6.811761,café
35.300810,91.272188,6.790781,papaya
27.414931,63.031239,5.916454,lenteja
28.769483,79.184074,5.979802,plátano
29.399529,91.076595,6.368103,melón
24.560588,91.784262,6.049286,granada
27.200835,42.758618,8.284437,frijol moth
25.629801,83.528423,5.534878,arroz
26.109510,86.600118,6.000976,sandía
27.770763,87.099795,6.402926,frijol chino
23.715914,67.393216,6.756124,lenteja
25.240597,83.880444,6.082145,algodón
26.729160,51.331270,6.268511,café
23.023523,83.713083,5.757112,uva
20.378466,88.925087,6.193574,granada
22.954552,93.053228,6.588459,granada
25.519397,83.983517,6.228645,uva
18.397591,36.826393,6.624966,frijol de palo
27.488377,55.170496,6.276355,café
36.504403,93.905705,6.862011,papaya
29.846033,82.868140,5.700292,uva
29.751508,46.737233,4.981817,mango
23.197843,87.528719,6.645897,yute
17.464536,17.735597,6.741014,garbanzo
19.122761,17.128670,6.926540,garbanzo
24.883115,85.875718,6.107667,sandía
23.714753,91.533312,5.631333,manzana
16.775573,82.752419,6.106191,uva
25.759967,77.905205,6.456052,algodón
23.964360,78.027631,6.419537,algodón
24.864782,76.156435,7.044374,algodón
34.731657,50.507922,5.504309,mango
27.068317,63.295104,7.323337,lenteja
22.511021,77.459789,7.271211,algodón
18.731040,16.189008,8.195091,garbanzo
10.996360,80.664637,5.882071,uva
28.107572,62.545070,3.721582,frijol moth
19.328812,15.880229,6.178863,garbanzo
29.065501,93.344758,6.341995,melón
22.438869,92.554782,7.171847,granada
28.048463,51.507373,4.732435,mango
22.499243,90.064854,6.514696,granada
29.344434,80.324729,5.925980,plátano
23.063509,85.796473,6.936681,granada
24.971787,79.475579,6.842966,yute
28.335674,62.592098,7.754858,lenteja
23.908303,71.226972,6.568420,yute
18.755618,45.216249,5.442407,frijol de palo
23.360002,82.635766,7.135186,yute
26.680382,94.561078,6.354720,naranja
23.750331,92.881605,5.570021,manzana
23.089749,63.104596,5.588651,maíz
12.993776,80.399039,5.786678,uva
29.144502,90.683583,6.686816,melón
28.033806,95.016306,5.955743,coco
21.972706,18.425246,5.936495,frijol rojo
30.520911,67.787381,6.767885,frijol urad
30.590907,49.985138,5.741573,mango
33.897596,48.303313,6.770573,mango
23.978982,81.450616,7.502834,arroz
20.289452,91.180339,6.874167,granada
27.224030,66.253695,7.007996,frijol urad
28.583976,87.527163,6.753174,frijol chino
24.503976,59.022225,8.615396,frijol moth
23.672172,83.747223,6.219971,algodón
25.131748,94.079659,6.682962,papaya
27.712345,34.220105,4.676287,frijol de palo
20.995022,19.482016,8.721808,garbanzo
18.994244,15.936294,7.114405,garbanzo
22.269929,90.404776,6.215328,manzana
23.738739,94.363917,6.108367,manzana
25.654923,92.745016,6.813383,papaya
25.208598,65.417264,6.045398,maíz
28.075651,90.297167,6.358129,coco
29.675253,83.561791,5.978633,plátano
28.054640,76.354488,6.014424,plátano
23.177018,73.825240,6.486791,yute
17.332493,23.789747,5.868612,frijol rojo
29.798488,95.182735,6.041515,coco
27.338164,90.833451,6.849964,papaya
37.600108,93.150316,6.974795,papaya
21.778530,92.859257,5.596603,manzana
24.635449,80.413630,7.730368,arroz
19.657517,18.866071,5.825535,frijol rojo
31.484458,91.205075,6.504711,naranja
37.777993,93.624442,6.548592,papaya
25.299043,94.964199,7.260416,naranja
19.945232,91.549337,6.907860,granada
23.863305,83.152508,5.561399,arroz
22.314622,83.716838,5.713286,uva
23.396057,72.605129,7.097586,yute
21.036494,90.846446,7.832097,naranja
26.746199,68.118643,7.008502,frijol urad
26.286639,68.519667,7.324863,lenteja
20.893427,46.248565,6.208843,frijol de palo
24.618494,91.681709,5.872979,granada
11.363009,80.031000,6.116983,uva
19.288899,65.470508,6.807488,maíz
22.244083,88.649943,6.454228,granada
24.005454,76.627703,7.918317,algodón
24.994862,88.337495,7.247895,yute
20.815822,82.294131,7.604393,arroz
28.189108,51.392972,6.418955,mango
29.305651,76.945200,6.137762,plátano
29.372383,78.344573,5.508992,plátano
22.017529,94.749770,7.040354,granada
29.043928,83.538515,6.636426,frijol chino
21.421772,92.626653,6.184923,manzana
27.645036,76.619839,6.037639,plátano
18.602142,19.321058,5.699781,frijol rojo
32.187790,94.309268,6.675465,naranja
26.141621,93.284153,6.071897,coco
28.832149,92.171704,6.000249,coco
27.245972,67.732470,7.771887,frijol urad
18.759277,89.934576,6.648687,granada
21.224559,94.346168,7.131099,granada
25.449262,79.492220,6.201912,plátano
19.929888,18.125744,5.753121,frijol rojo
32.299177,94.703454,6.702159,papaya
38.723828,91.725149,6.702425,papaya
23.909101,20.746193,5.706199,frijol rojo
24.523510,90.567126,6.711826,papaya
16.244692,21.357939,5.591704,frijol rojo
24.168075,80.142977,7.067570,arroz
25.047645,74.223372,6.583415,yute
19.185728,20.833983,5.669236,frijol rojo
30.095834,60.192681,7.116367,frijol urad
35.146456,48.854296,6.467874,mango
29.580815,93.927096,6.827547,papaya
23.827596,74.695375,6.002525,yute
24.912868,78.001272,7.159436,yute
26.134596,93.614735,6.089841,coco
30.421262,41.027076,7.255354,frijol moth
25.721851,63.847654,7.670865,lenteja
29.765974,90.846184,6.335856,melón
33.835086,92.854702,6.991626,papaya
23.133731,63.160955,7.150143,café
18.099032,85.707863,5.892914,granada
19.433844,89.305118,6.891509,granada
25.036502,79.323165,7.337255,algodón
27.849548,84.269947,5.635679,plátano
27.274332,47.168081,6.422711,mango
27.326926,88.520997,7.014466,frijol chino
26.323307,51.902165,6.764770,café
12.951709,80.035333,6.143101,uva
27.262968,49.407838,6.066882,mango
22.426733,81.534808,6.745104,algodón
24.986958,86.165880,6.189662,sandía
33.508764,45.709761,7.322098,frijol de palo
18.509385,20.320578,5.635080,frijol rojo
26.394582,68.693595,7.032038,lenteja
33.603820,52.826815,5.363103,mango
27.096720,63.182053,6.892359,lenteja
34.319864,92.260568,6.688050,naranja
18.656564,61.049218,5.079392,frijol de palo
29.776938,95.448185,6.335422,coco
29.830404,89.304283,6.324005,frijol chino
26.990979,57.969127,6.569872,café
21.170821,94.230287,7.126060,granada
23.330358,22.303632,5.903244,frijol rojo
23.318627,52.726873,6.752520,café
27.504866,86.233949,7.043800,frijol chino
24.327651,82.896118,6.643082,sandía
23.089409,86.440539,6.218433,granada
31.095945,49.166343,6.767881,mango
26.711994,62.417549,7.394898,frijol urad
29.125337,91.522911,6.776988,melón
27.339894,84.478378,6.379283,plátano
24.701218,74.408466,6.539584,yute
23.866909,92.429126,5.886014,manzana
26.903341,94.117944,6.696013,papaya
27.006323,53.195100,6.090845,café
25.109111,83.353736,6.811691,sandía
22.917839,82.737673,7.652396,algodón
28.273306,85.528493,7.160626,frijol chino
23.237658,83.573828,5.347064,arroz
20.580827,15.820519,8.009967,garbanzo
27.517721,50.881827,6.980098,café
35.596650,52.661436,5.001637,mango
28.004263,91.593951,6.514564,melón
23.283931,52.916058,6.778402,café
16.986001,24.498509,5.588499,frijol rojo
25.115083,80.423565,7.830188,algodón
28.051245,62.076064,7.841496,lenteja
28.036441,65.066017,6.814411,frijol urad
21.036527,90.355958,5.886284,manzana
29.253453,76.360688,6.132838,plátano
33.957104,92.915911,6.993473,papaya
19.454605,23.697658,5.590313,frijol rojo
23.828198,93.312653,5.702576,granada
19.287014,94.305738,6.969046,granada
23.036202,92.404397,6.236702,manzana
20.568445,23.231133,5.881859,frijol rojo
34.389225,83.183928,5.863997,uva
28.364283,91.506858,6.713005,papaya
18.751328,19.258387,6.348643,garbanzo
39.300500,94.161934,6.574678,papaya
27.177619,77.259469,6.193189,plátano
25.794905,93.841506,5.779033,coco
23.069416,62.149535,7.609312,lenteja
20.680505,18.154877,5.817175,frijol rojo
25.847312,84.175683,6.787633,sandía
24.708785,82.947199,6.180377,sandía
21.776893,57.808406,6.158831,maíz
29.231231,93.239497,6.572158,papaya
31.857793,51.835068,5.454748,mango
25.974682,72.403507,6.214615,maíz
23.686186,59.560329,5.714778,maíz
31.656921,36.266241,5.643589,frijol de palo
10.790980,80.237427,6.095901,uva
23.756269,93.337635,5.695178,manzana
20.800467,19.729859,7.933624,garbanzo
19.916826,21.515242,5.736181,frijol rojo
26.396539,40.094553,5.764181,frijol moth
22.420475,84.557947,7.318802,algodón
29.643708,91.215578,5.810571,coco
21.836341,91.607207,6.497821,manzana
29.792304,86.376535,6.633183,frijol chino
22.360628,59.310480,5.877658,maíz
19.840716,67.816062,6.638240,lenteja
20.139709,20.539763,5.846223,frijol rojo
25.691828,77.404486,6.139703,plátano
25.693094,68.900970,7.649550,lenteja
21.546012,80.668371,6.331147,uva
25.307414,79.766702,6.258333,plátano
29.203009,93.968340,6.839444,papaya
31.135042,47.735357,6.561491,mango
23.094338,75.177595,6.327082,yute
26.491953,80.046782,6.057697,sandía
42.485191,91.123119,6.504553,papaya
17.254976,83.108346,6.485616,uva
17.524291,14.821412,6.625309,garbanzo
22.781338,82.067191,6.430010,arroz
27.983928,53.330189,5.548585,mango
43.628448,93.325983,6.954638,papaya
30.444585,34.763863,6.204200,frijol de palo
22.546436,76.171146,7.440536,algodón
26.051981,84.534205,6.031652,sandía
17.706237,17.676064,7.676432,garbanzo
18.477527,69.745137,7.633429,lenteja
22.848562,75.568400,6.086285,algodón
30.510519,61.583221,9.222884,frijol moth
24.575584,80.706958,5.971813,uva
24.326305,80.134564,6.363406,algodón
26.977214,89.698816,6.248193,sandía
28.386865,61.888711,7.405176,frijol urad
43.360515,93.351916,6.941497,papaya
34.946616,63.375468,6.942664,frijol urad
35.973849,48.726525,4.633526,mango
28.060781,53.540311,5.545749,mango
23.097274,54.662650,6.059603,café
21.998983,56.310068,6.985720,frijol de palo
17.285769,23.701210,5.879584,frijol rojo
23.497090,82.926483,5.258531,arroz
29.540972,92.917783,6.163921,melón
29.181382,35.279169,6.270455,frijol de palo
17.024985,16.990769,7.519428,garbanzo
22.796709,93.002166,5.630078,manzana
18.403683,33.548036,4.730391,frijol de palo
19.407517,18.980305,7.806748,garbanzo
24.425241,56.279139,5.861538,frijol moth
23.633153,94.620491,6.499227,manzana
27.860220,46.000553,6.082420,frijol moth
26.255675,78.349829,6.858662,yute
26.412452,81.116912,5.866302,plátano
27.671115,51.811616,6.501043,mango
24.650247,82.584140,6.204225,sandía
15.605343,18.622946,5.622088,frijol rojo
23.531802,64.456316,7.212202,lenteja
28.047657,77.656165,6.443379,plátano
28.661309,57.146469,8.763478,frijol moth
27.247665,66.101231,7.041741,frijol urad
12.036464,81.167838,6.418612,uva
23.466960,91.597365,5.607014,manzana
28.407126,84.646151,5.638647,plátano
27.709725,69.430643,7.057009,lenteja
19.703181,93.647325,7.136648,naranja
36.573820,93.859947,6.877669,papaya
20.160805,24.842076,5.514927,frijol rojo
28.834529,79.498437,6.028018,plátano
23.032586,22.131691,5.886903,frijol rojo
29.881703,69.574869,6.668885,lenteja
20.132192,82.722726,5.884725,uva
29.869083,91.599836,6.290738,coco
36.496131,58.628152,6.073826,frijol de palo
22.052701,92.233063,6.445180,naranja
19.569492,64.345225,6.861078,lenteja
25.299278,61.607411,7.260824,frijol urad
16.515734,82.143873,5.662964,uva
24.973222,72.089618,7.289551,yute
25.902670,89.005527,6.048739,sandía
34.785456,90.664674,7.801355,naranja
22.314946,83.509091,7.339943,algodón
34.914782,83.982375,5.570196,uva
27.612050,69.297862,7.043160,lenteja
25.192324,92.860819,6.807696,papaya
25.109889,53.785325,7.035821,café
26.555173,68.755877,7.294447,lenteja
22.380073,92.581453,5.831808,manzana
34.485455,48.415752,6.368977,mango
30.714278,54.541823,7.096498,frijol de palo
21.735178,60.599619,6.452458,maíz
27.258401,54.559402,6.414417,mango
23.360771,93.473702,7.447067,naranja
18.297836,69.689762,7.629910,lenteja
25.112551,64.823295,6.001168,maíz
27.311458,67.724451,6.906816,frijol urad
23.719100,20.735122,5.693447,frijol rojo
12.141907,83.568125,5.647202,uva
28.830576,86.555417,6.989829,frijol chino
31.844642,62.317427,7.322615,frijol urad
20.062427,15.668836,8.123769,garbanzo
28.837191,96.411118,6.074852,coco
23.249256,73.653468,6.434611,yute
25.991995,62.261662,6.935411,café
27.485638,91.825988,6.382019,melón
24.829629,92.606389,6.627563,naranja
29.498495,91.324849,6.744932,papaya
26.615215,80.951126,5.205707,arroz
33.881759,66.576715,7.530250,frijol urad
27.646221,54.312704,7.190762,café
23.063982,84.833114,7.868475,arroz
26.346221,61.902537,7.006319,café
25.448102,61.618148,6.221348,café
29.228583,82.113396,6.914010,frijol chino
23.574373,76.281611,7.838793,algodón
25.849882,86.348097,6.650955,sandía
24.179716,77.092298,6.417256,algodón
28.661647,44.102359,3.827303,frijol moth
28.639105,92.632652,6.161206,melón
33.115596,31.935806,4.798762,frijol de palo
25.583414,57.026665,7.135430,café
20.126449,87.596296,6.965157,granada
23.094338,74.336991,6.337213,yute
27.774439,92.971644,6.210801,melón
26.470625,56.818808,6.085677,frijol moth
31.857449,45.531063,5.417341,mango
28.575514,91.249684,6.116039,melón
26.382550,84.690153,6.959834,arroz
26.450604,80.907883,6.286767,sandía
17.478094,17.932540,6.761600,garbanzo
26.898681,91.856670,6.079778,coco
27.448571,58.516776,6.726413,café
29.105974,94.008607,6.075717,melón
26.476492,56.385522,5.840313,frijol moth
21.704170,93.440063,5.751707,manzana
24.640882,68.890828,7.320020,lenteja
32.911096,93.425047,6.898952,papaya
26.603519,73.654134,7.243154,yute
27.906868,84.341457,6.576422,frijol chino
27.479411,89.730954,6.456742,frijol chino
23.537903,64.021757,7.208111,lenteja
29.393960,78.385689,5.513410,plátano
21.014696,69.331337,5.151207,frijol de palo
18.572145,89.729780,6.628698,granada
20.045414,80.347756,6.766240,arroz
27.825928,67.586188,6.919244,frijol urad
33.575751,35.669429,4.548202,frijol de palo
29.650212,80.298683,6.489259,frijol chino
26.386803,87.128260,6.109953,yute
18.291343,19.667251,7.024306,garbanzo
28.377962,96.775135,5.980890,coco
22.512023,92.768770,6.356335,manzana
27.572835,94.904857,5.708410,coco
29.944139,67.313231,7.521780,lenteja
17.160609,18.431433,7.801900,garbanzo
29.691215,69.348651,6.552915,lenteja
22.937810,94.917662,6.284119,manzana
29.923353,63.798492,8.763816,frijol moth
10.270888,90.191477,7.401122,naranja
23.094338,74.399605,6.397018,yute
21.197784,82.431344,6.442299,uva
19.131335,18.881989,7.716406,garbanzo
27.158898,51.702010,6.061615,café
15.668849,21.383054,5.502999,frijol rojo
24.612912,70.416244,6.600827,maíz
29.441240,63.159263,5.912970,frijol moth
25.511952,81.476145,6.954562,sandía
32.108022,49.314707,7.028658,frijol de palo
27.964978,76.906972,5.916907,plátano
22.360695,94.664645,6.117087,manzana
29.904159,90.752844,6.646962,melón
27.613408,94.961930,5.696928,coco
28.071147,83.409447,6.916862,frijol chino
27.693720,51.237976,6.368429,café
26.289209,74.939757,7.204645,yute
23.857637,68.036863,6.770663,lenteja
27.559065,58.457429,6.784461,café
28.272335,84.569685,7.159709,frijol chino
32.848928,67.638465,7.436861,frijol urad
25.552646,80.126611,6.919052,arroz
10.981746,80.935005,6.390947,uva
22.822189,82.483579,6.420299,uva
22.116823,39.948577,4.968331,frijol de palo
27.017050,95.511663,6.200833,coco
27.592936,45.152132,4.950956,frijol de palo
27.975404,83.431791,6.925713,frijol chino
22.442764,94.695615,5.628340,manzana
29.112941,92.353333,6.112326,melón
25.252580,75.031933,6.016506,plátano
42.394134,90.790281,6.576261,papaya
25.932659,90.946066,6.639995,papaya
16.925613,24.819954,5.601170,frijol rojo
22.000851,79.472710,7.388266,algodón
20.150825,24.754402,5.521175,frijol rojo
25.111085,83.254476,6.325480,uva
24.892978,94.209658,6.306367,granada
18.358923,19.377034,5.717143,frijol rojo
30.360347,90.759432,7.151096,naranja
25.385526,98.263278,5.547722,coco
24.664293,90.175512,6.885400,naranja
26.626277,91.150928,5.594381,coco
23.021945,75.764730,6.029342,algodón
24.202304,62.350501,6.922632,lenteja
26.008274,72.207363,6.326947,maíz
20.778923,91.817291,6.298286,granada
25.411574,76.507331,7.524451,algodón
18.015770,18.299603,8.735598,garbanzo
23.310255,90.103413,6.164021,granada
26.193261,71.586991,6.379248,yute
23.254812,54.741652,6.047699,café
19.874531,14.918448,6.525722,garbanzo
12.228162,90.264574,7.106650,naranja
19.270408,89.571508,6.895409,granada
23.353147,74.624965,6.596325,yute
30.197202,69.624066,6.672856,frijol urad
24.592457,56.468296,7.288212,café
27.115350,94.869079,6.442810,melón
28.281268,77.982237,5.620777,plátano
29.663794,63.373897,7.480904,frijol urad
32.269353,53.560928,5.870116,mango
18.700907,16.138781,7.657319,garbanzo
33.158242,47.438467,4.715058,mango
25.787498,84.511942,6.020445,plátano
26.748894,83.048281,6.198389,uva
22.942767,75.371706,6.114526,algodón
26.805150,78.184184,7.086473,yute
29.384003,64.149285,7.358975,frijol urad
22.329476,90.565030,5.717403,manzana
22.459850,59.583668,5.834442,maíz
26.532593,82.390540,6.835268,sandía
23.881246,93.450676,5.514253,manzana
27.864013,80.451314,6.852885,frijol chino
26.810678,91.020139,5.686366,coco
29.914544,85.853844,6.415460,frijol chino
17.167111,20.002514,5.575776,frijol rojo
9.510972,83.729252,6.134430,uva
19.119400,17.845399,8.223611,garbanzo
24.038708,93.028225,5.714661,granada
25.970652,82.131755,6.285115,sandía
26.270467,66.791908,6.272417,lenteja
27.785823,83.109821,5.720094,uva
29.366013,83.543607,5.740207,plátano
32.045204,53.326287,5.811455,mango
21.188601,92.070251,5.835190,manzana
15.830415,21.446754,5.517341,frijol rojo
25.751483,80.176107,6.882038,arroz
25.713564,84.480838,7.348296,yute
27.647901,78.380929,6.287993,plátano
35.487351,52.640798,5.064186,mango
34.523713,47.516350,5.960572,frijol de palo
23.255149,63.258626,5.931487,lenteja
28.911056,90.784138,6.425931,melón
31.688619,67.394695,7.133546,frijol urad
20.785100,82.163411,7.572318,arroz
19.420233,89.081132,5.650508,granada
35.855674,54.550981,6.380878,mango
9.863304,82.587574,5.875135,uva
22.639464,90.184516,5.697946,manzana
26.101395,71.630673,6.213538,maíz
18.946870,18.307392,5.765800,frijol rojo
23.402106,91.460905,5.581098,manzana
30.279929,60.952227,7.939508,frijol moth
23.114077,94.319948,6.758480,papaya
30.895746,31.259145,7.150514,frijol de palo
24.923601,22.665193,5.606634,frijol rojo
20.008945,23.301724,5.875452,frijol rojo
28.145665,78.501413,6.490074,plátano
20.118745,14.442283,6.817124,garbanzo
30.573999,58.226868,5.818219,frijol moth
27.338980,90.552491,6.110050,melón
24.867024,85.823063,6.112450,sandía
24.397146,80.325076,6.362086,algodón
25.172774,92.752120,6.058132,coco
25.545591,64.409654,7.686491,lenteja
17.916523,24.908147,5.932323,frijol rojo
24.805696,80.816489,5.988993,uva
32.512781,83.981118,5.912490,uva
23.288445,84.505235,7.819851,arroz
25.081365,57.641661,7.197022,café
22.579308,21.386598,5.857361,frijol rojo
26.264728,57.612883,7.252201,café
27.213584,61.745785,6.787344,frijol urad
26.576379,81.329546,6.303030,sandía
26.332281,60.758503,6.289578,frijol moth
33.556956,53.729798,4.757115,mango
27.658845,86.893105,6.598393,frijol chino
20.166319,81.536974,7.652444,arroz
35.853348,52.247872,6.029722,mango
18.411962,90.822938,7.799105,naranja
39.150174,91.635465,6.993473,papaya
24.935606,90.098845,7.542435,naranja
29.287250,91.956149,5.868285,coco
31.801303,45.031862,5.623490,frijol de palo
32.788150,94.427613,6.632412,naranja
17.634083,15.050072,8.614024,garbanzo
29.083761,91.674054,5.736314,coco
22.216847,90.025751,5.710878,manzana
33.328011,92.884157,6.920917,papaya
25.993350,67.945566,7.494620,frijol urad
26.515093,81.156690,6.328469,sandía
20.283702,81.322357,5.817178,uva
24.650320,93.201636,6.771820,papaya
26.585804,90.986176,5.558807,coco
33.062121,32.173456,4.751540,frijol de palo
36.804413,82.658270,6.350427,uva
29.253754,80.346432,5.964252,plátano
19.213975,87.429217,6.963560,granada
34.906653,92.739128,7.439581,naranja
29.537177,91.518254,5.800094,coco
27.101045,95.161408,6.226027,coco
29.003115,64.535149,7.514869,lenteja
26.813836,87.219869,6.873284,sandía
23.232351,66.760543,7.694392,lenteja
19.146063,48.153645,5.465742,frijol de palo
27.881963,92.786264,6.470834,melón
25.549606,63.954255,7.707332,frijol urad
26.070108,96.703622,5.981170,coco
29.617792,94.247764,6.366671,melón
33.511364,62.748900,6.645779,frijol urad
19.462293,17.446225,7.430594,garbanzo
31.665247,51.985946,5.435841,mango
24.347776,80.571821,6.351673,algodón
19.835428,82.983314,6.499605,uva
30.904251,44.408388,7.601810,frijol moth
24.749089,56.620578,7.321315,café
29.084063,76.229046,5.794694,plátano
27.372730,94.463924,6.073887,melón
24.296668,81.557673,6.753563,sandía
24.059452,92.998766,6.768589,papaya
28.033150,68.649431,7.342522,lenteja
25.504242,61.668524,9.392695,frijol moth
27.923744,67.840459,7.126227,café
22.940800,24.124543,5.868704,frijol rojo
22.083632,82.876059,6.665127,algodón
27.514698,94.885130,6.659862,melón
28.918425,94.636768,6.678696,papaya
19.086559,21.384133,5.868709,frijol rojo
29.295603,84.630066,6.172508,plátano
24.434101,93.062709,6.502820,naranja
27.533518,90.165275,6.401948,melón
41.154922,92.821062,6.553012,papaya
29.337210,65.514517,7.368521,frijol urad
25.194096,56.117829,9.110579,frijol moth
28.491864,91.140506,6.159210,melón
27.199745,86.997202,6.970765,frijol chino
22.800144,90.293210,6.564467,granada
28.363194,84.859361,7.140438,frijol chino
28.271482,81.085241,6.821044,frijol chino
18.951757,82.834042,6.499605,uva
28.577419,83.309958,6.691548,frijol chino
19.428821,23.466992,5.573173,frijol rojo
24.284688,82.330467,6.558798,yute
22.847925,92.305078,6.182749,manzana
19.174959,87.068728,7.002696,granada
29.723508,89.986243,6.866128,frijol chino
21.944881,80.300861,5.997851,arroz
29.447954,78.349715,5.505394,plátano
29.702145,80.148400,6.502565,frijol chino
16.481171,94.913496,6.465505,naranja
23.775317,87.620256,6.389394,granada
29.099347,93.360798,6.360055,melón
24.610289,83.300065,6.174726,yute
26.859708,92.751914,6.420763,coco
27.923058,91.288955,6.605090,papaya
27.773198,65.597946,6.513741,lenteja
23.151438,75.634744,6.066005,algodón
16.576008,24.969699,5.560840,frijol rojo
22.954582,24.035531,5.858618,frijol rojo
27.864584,86.672151,6.375429,frijol chino
17.367963,14.492245,7.818647,garbanzo
24.429989,86.339048,6.678805,sandía
18.141452,14.887629,6.224834,garbanzo
31.728855,66.875174,7.553120,frijol urad
27.445957,53.053770,7.493192,café
19.712833,90.533668,7.780209,naranja
24.840640,60.091166,6.750205,lenteja
30.117188,65.990623,6.339417,frijol de palo
27.329588,76.056692,6.183463,plátano
24.570201,65.419116,7.182644,café
23.586033,93.424739,6.760420,granada
31.075090,47.198477,7.077170,frijol de palo
28.297476,95.411228,6.141502,coco
28.694708,67.051187,7.298870,frijol urad
25.216227,70.882596,7.299305,yute
25.936993,83.561619,5.521649,arroz
35.457905,68.758105,5.269504,frijol de palo
25.274483,77.940880,5.900448,algodón
29.848598,89.202972,6.300798,frijol chino
27.381353,81.144290,6.478514,plátano
29.531613,86.866251,7.159453,frijol chino
25.562022,77.382290,6.119216,plátano
23.373086,76.076009,7.962916,algodón
30.107734,90.345464,6.827813,papaya
32.633786,90.288510,6.335752,naranja
19.374991,18.862039,5.803885,frijol rojo
26.823404,81.916911,7.838874,arroz
23.038879,76.470398,6.983396,algodón
27.211569,94.296351,6.823574,papaya
26.638386,84.695469,6.189214,sandía
25.297513,87.596482,6.633784,sandía
15.731993,92.397360,6.357127,naranja
41.419684,90.038631,6.665025,papaya
25.376738,81.863652,6.367647,sandía
29.588152,57.828778,6.906471,frijol moth
28.940997,93.001090,5.764615,coco
28.907936,49.202550,6.880629,mango
24.344577,91.486117,7.403699,naranja
25.727323,65.642365,7.790923,lenteja
27.714955,81.135762,6.265812,frijol chino
29.620625,90.279607,6.068901,melón
27.372485,94.278859,5.556592,coco
25.441436,94.964199,7.185608,naranja
43.549495,91.083034,6.501521,papaya
21.778198,80.402703,7.043919,arroz
25.053372,54.626066,7.094554,café
22.419511,81.991656,6.939914,arroz
18.905801,21.451362,5.888391,frijol rojo
18.216442,14.905055,6.560377,garbanzo
26.727220,59.193384,7.457974,frijol moth
25.398291,84.396629,6.453505,plátano
28.842247,59.033504,8.191480,frijol moth
22.527191,91.273257,6.026892,manzana
27.108181,87.451267,6.981758,frijol chino
29.884173,85.989567,6.438274,frijol chino
21.735987,92.837398,5.566290,manzana
20.458954,15.378836,5.988993,garbanzo
27.915110,91.695894,6.595682,melón
32.310403,53.242758,4.677210,mango
20.936742,55.372592,5.771890,frijol de palo
28.255064,92.698986,6.461371,melón
27.338977,90.697590,6.150091,melón
28.493218,64.131504,6.660305,frijol urad
35.778464,51.532862,5.238920,mango
40.484138,90.050157,6.529338,papaya
26.580150,82.601793,6.103125,yute
27.197116,77.397063,6.200111,plátano
28.839859,93.856276,6.842452,papaya
26.533094,84.499299,7.086637,arroz
10.143724,80.016394,6.143094,uva
30.118121,34.133078,5.719890,frijol de palo
24.794708,70.045567,5.722580,maíz
29.070240,90.722840,5.875318,coco
18.748267,62.498785,6.417820,maíz
24.559816,91.635362,5.922936,granada
19.121524,18.290714,6.648082,garbanzo
20.113700,80.366671,6.708019,arroz
25.840516,94.675281,5.734431,coco
27.571489,86.751755,6.619130,frijol chino
26.136749,87.587906,6.314291,sandía
26.141884,80.141859,6.896442,sandía
25.009334,67.816568,6.528631,maíz
25.280137,83.153937,6.224066,sandía
34.906653,92.878201,7.418762,naranja
23.594459,86.406090,7.011504,yute
27.783010,92.028705,6.307641,melón
22.087038,93.523851,6.011546,naranja
18.732200,63.782549,6.491507,maíz
25.854836,89.131640,6.049610,sandía
26.535432,67.096081,6.809594,café
21.692633,93.307011,6.420351,naranja
21.310991,55.991780,5.708742,frijol de palo
24.301800,84.876690,6.932215,algodón
28.842711,86.929048,6.568712,frijol chino
27.812515,82.692854,5.807664,plátano
14.911559,80.528243,6.289010,uva
28.513779,61.784238,7.805903,lenteja
28.400852,66.598179,7.319107,frijol urad
22.516768,82.710317,5.746825,arroz
25.360592,75.031933,6.012697,plátano
21.702923,80.671797,6.333804,uva
23.640830,90.952579,5.560521,manzana
28.906786,58.901438,6.111252,frijol de palo
25.987190,80.586647,6.022264,plátano
25.774191,83.429661,7.153330,arroz
25.104078,57.206417,5.992037,maíz
27.454582,94.690733,5.728718,coco
16.278528,82.942701,5.620746,uva
25.704974,83.923719,6.654233,sandía
20.576441,14.258040,6.639370,garbanzo
26.272418,52.127394,6.758793,café
25.084749,57.728410,7.156846,café
19.068874,18.532716,6.633947,garbanzo
23.335652,67.404607,7.065264,lenteja
29.051379,90.787117,5.718286,coco
19.127718,62.749611,6.649829,lenteja
28.804735,44.526966,8.008990,frijol moth
27.787966,88.803774,6.286826,frijol chino
29.587484,80.919344,5.570291,uva
39.862069,80.253262,6.487097,uva
25.627355,57.041511,7.428524,café
22.758057,76.757684,6.558903,algodón
27.625324,68.295365,7.168438,frijol urad
38.325999,94.074677,6.764715,papaya
23.012402,91.027341,6.596596,papaya
43.419154,90.996166,6.501521,papaya
29.382879,64.704668,7.558815,frijol urad
27.350630,94.291195,6.067665,melón
19.440843,63.277715,7.728832,lenteja
30.241148,60.151538,6.603998,frijol urad
21.042969,91.175497,6.323746,manzana
23.639709,76.234256,7.889121,algodón
25.310798,84.750790,6.455737,plátano
25.113243,80.395183,6.299801,plátano
25.320598,67.067271,5.957277,maíz
27.204786,54.636689,6.378960,mango
21.971994,81.899182,5.658169,arroz
23.256016,74.633767,6.649591,yute
11.547122,93.930051,7.954702,naranja
35.558632,93.108990,6.991662,papaya
22.258149,94.282300,6.045063,manzana
29.063778,78.947310,6.332928,plátano
21.225034,90.098778,5.520783,manzana
22.664076,89.319965,6.257436,granada
22.834365,71.436422,6.385636,maíz
26.560278,57.162181,6.759212,café
24.939547,79.892658,6.817068,yute
24.159763,56.372654,6.458273,café
21.246073,60.674060,6.435786,maíz
30.802638,40.827557,8.240376,frijol moth
26.985822,89.272873,7.452586,yute
32.417330,42.630086,5.629179,frijol de palo
24.441650,85.971039,6.267013,granada
28.570047,55.458258,7.487069,frijol moth
24.380817,80.703817,5.946982,uva
35.506754,32.696279,5.581420,frijol de palo
18.888278,20.242759,5.633583,frijol rojo
26.112442,94.658900,6.343367,coco
17.159968,16.352027,7.569349,garbanzo
19.736570,18.141967,7.327552,garbanzo
24.841867,89.281702,6.383241,sandía
25.069291,65.164276,5.719423,maíz
20.532390,24.391724,5.795947,frijol rojo
15.543733,23.783328,5.702882,frijol rojo
25.684836,63.263237,6.550844,lenteja
24.720047,85.771913,6.778692,granada
23.017109,59.694256,6.001374,maíz
25.468674,81.408235,6.956509,sandía
24.717516,81.345778,6.345664,yute
23.629453,60.845601,6.789532,café
25.229910,89.152912,6.481068,sandía
28.053451,91.559948,6.256919,melón
23.322932,53.003663,7.167093,café
23.510113,62.525328,5.567729,maíz
25.498498,92.828355,6.988687,papaya
28.039919,83.879871,6.623189,frijol chino
27.558218,99.981876,5.735364,coco
24.954590,76.848381,7.093271,algodón
28.874838,94.803194,6.213907,coco
28.559810,84.516023,5.653438,plátano
29.914544,87.590159,6.848064,frijol chino
29.260928,92.923677,6.088886,melón
24.382746,62.291394,6.749687,lenteja
24.043558,81.732557,6.921817,sandía
22.550201,76.128500,7.507184,algodón
27.408342,90.608281,6.158570,melón
33.330248,45.611436,6.953247,mango
26.853633,80.920620,5.104062,arroz
18.744172,16.406223,7.912848,garbanzo
27.873174,91.148496,6.484800,melón
23.579436,83.587603,5.853932,arroz
24.297902,81.985943,6.532525,yute
20.829696,90.666149,7.074158,naranja
31.627170,48.903298,6.813811,mango
20.280194,82.123542,7.236705,arroz
27.890753,82.504146,7.086160,frijol chino
29.791462,93.329458,7.353534,naranja
24.835536,77.876691,5.947025,algodón
30.342783,40.424955,7.387594,frijol moth
19.821034,88.677176,7.009503,granada
26.672804,81.384718,6.046011,arroz
13.355660,91.908605,6.211258,naranja
19.128294,14.922415,6.289614,garbanzo
23.636512,80.351953,7.035088,arroz
30.875888,50.048643,6.793665,mango
27.813420,99.879219,5.755285,coco
23.142954,79.299051,7.057356,yute
21.684028,81.367002,5.815791,uva
33.717453,90.969966,7.826140,naranja
23.412371,52.269947,6.869720,café
27.138093,91.738236,6.889425,naranja
26.444529,81.529282,6.271604,uva
22.637142,65.445449,6.233269,lenteja
21.300382,63.622895,6.139204,maíz
24.571147,55.212346,6.031453,frijol moth
28.037773,98.329058,5.866172,coco
28.923489,62.914126,7.965141,frijol moth
29.645702,80.679757,6.510691,frijol chino
21.303285,90.738032,6.082214,manzana
10.246213,83.471706,6.141951,uva
30.394647,90.038631,6.717951,papaya
31.316426,90.150794,7.008349,naranja
28.368794,80.486903,7.024738,frijol chino
23.137775,91.073402,6.593322,papaya
21.962870,91.058890,6.141947,manzana
25.503094,57.979871,7.474473,café
26.637910,61.018659,7.792565,lenteja
26.208114,52.509880,6.910824,café
28.036719,63.156166,5.917940,lenteja
19.543141,47.191883,6.413544,frijol de palo
26.269547,90.695631,6.865746,papaya
40.819945,81.297855,6.146886,uva
24.383190,91.194316,7.079973,granada
30.908049,54.420999,6.791593,mango
27.780315,54.650300,8.153023,frijol moth
21.410195,20.496470,5.905684,frijol rojo
27.989581,84.178785,5.605638,plátano
26.229517,80.245821,7.026530,arroz
25.114787,80.316676,6.888646,sandía
17.489117,16.390554,7.489545,garbanzo
23.230262,20.576307,5.926644,frijol rojo
25.462288,81.566419,6.175492,algodón
37.839643,91.688864,6.804796,papaya
35.746407,68.381305,5.241570,frijol de palo
22.603616,80.350905,6.135025,algodón
22.342018,94.365572,6.025820,manzana
28.437990,45.387622,3.906024,frijol moth
23.615296,58.493978,6.453793,maíz
21.620447,94.668128,5.908070,granada
25.768899,75.028737,7.664436,algodón
23.701948,93.429187,5.670037,manzana
28.903978,86.977339,6.653081,frijol chino
23.062842,21.689681,5.877640,frijol rojo
27.399628,93.986274,5.519648,coco
28.909692,94.191098,6.178598,melón
28.682760,92.509693,6.150686,melón
24.525148,65.647017,7.205513,café
25.460401,84.065590,6.710765,yute
35.152578,31.225999,4.969379,frijol de palo
21.049764,90.804490,6.267251,granada
27.069100,86.899341,7.128511,frijol chino
24.646036,75.526927,6.353561,algodón
22.501166,92.610061,5.684873,manzana
28.435729,95.884041,5.665785,coco
36.848770,64.554303,5.357731,frijol de palo
25.429951,60.513673,6.038043,lenteja
26.897502,83.892415,6.463271,sandía
33.697734,82.587106,5.679179,uva
21.370295,92.780879,5.577666,manzana
30.123074,41.000122,6.518204,frijol de palo
26.540546,47.914412,5.337317,frijol moth
22.193183,93.868124,6.370423,manzana
23.228066,83.076754,7.157827,yute
27.181824,55.285488,6.956438,café
23.981433,61.109351,6.971963,café
28.296336,60.791766,7.247940,frijol urad
27.241061,78.800656,6.259723,plátano
15.330426,23.627248,5.714523,frijol rojo
21.299058,63.513858,5.719601,frijol de palo
20.203320,80.352561,6.752722,arroz
18.225386,18.798762,7.061459,garbanzo
25.868434,80.603658,5.978998,plátano
24.585654,91.546579,5.978927,granada
35.739922,52.453486,5.014427,mango
23.494469,59.308337,5.682309,maíz
26.982128,86.700683,6.770434,sandía
26.942276,66.967385,6.105036,lenteja
27.467904,47.890797,5.949531,mango
32.201729,52.431547,5.032435,mango
26.593864,81.407403,6.242528,plátano
37.131650,94.607618,6.692156,papaya
23.168203,18.879852,5.664157,frijol rojo
25.366128,89.718961,6.807876,sandía
33.490771,62.733172,6.847383,frijol urad
30.271984,47.653623,5.950838,mango
29.944139,67.546295,7.432699,lenteja
21.212801,91.088411,6.324739,manzana
25.696884,84.162253,6.706363,sandía
18.738218,64.371827,6.536476,maíz
28.657010,53.067764,9.636833,frijol moth
28.628787,58.185596,6.317130,frijol de palo
24.361961,81.873117,6.742600,sandía
23.672877,90.493557,5.708419,manzana
25.115924,90.265007,6.816680,naranja
24.324215,78.510179,6.219016,yute
25.174381,93.122619,6.799091,papaya
18.897706,62.229495,6.446720,maíz
11.698946,93.256389,7.566166,naranja
19.838013,89.419579,5.860189,granada
27.790776,99.981876,6.388745,coco
23.410447,91.699133,5.587906,manzana
19.582029,82.255155,6.403038,uva
25.720475,88.823508,6.730603,sandía
24.443455,82.454326,5.950648,arroz
24.291933,83.756708,6.684587,arroz
22.361016,81.242647,6.502479,algodón
24.969647,80.023502,7.339559,algodón
26.597436,79.358989,6.210845,plátano
25.833085,69.755819,7.161477,frijol urad
29.267476,80.335081,6.710517,frijol chino
27.616934,68.780812,7.083801,frijol urad
23.406016,24.683304,5.628040,frijol rojo
19.721420,68.861300,6.998736,lenteja
25.912298,90.398926,6.790800,naranja
30.579851,62.070992,9.415327,frijol moth
22.342509,90.913903,5.766490,manzana
17.683595,82.816291,6.325042,uva
24.869652,73.493120,6.657074,maíz
19.723379,56.119385,4.760833,frijol de palo
21.925139,94.464853,7.051655,granada
25.397656,77.619724,5.879010,algodón
18.591114,69.262470,6.223398,lenteja
26.235912,52.786248,6.903126,café
23.002796,93.293270,7.405859,naranja
19.024870,45.990399,6.422594,frijol de palo
21.908383,91.045358,6.174541,manzana
29.032121,65.056485,5.745654,frijol de palo
23.775992,74.216400,6.011464,yute
22.381382,56.284698,7.022254,frijol de palo
19.720548,18.769804,5.756428,frijol rojo
34.345479,54.139946,4.913603,mango
11.373371,80.883000,6.438582,uva
18.586249,23.297631,5.687239,frijol rojo
27.794907,95.323153,5.850576,coco
23.584193,72.004608,6.090060,yute
22.571521,80.139013,6.077923,algodón
25.632150,79.951509,7.051822,yute
23.639985,77.943156,6.108775,algodón
19.008707,88.837681,6.897368,granada
21.911913,91.687481,6.499227,manzana
26.243475,78.510638,6.855363,yute
23.758212,90.274186,5.684974,manzana
19.781606,67.550416,6.239254,maíz
27.481865,62.048150,6.861640,lenteja
25.253660,83.618641,6.806375,sandía
42.304929,90.822604,6.576347,papaya
23.127186,94.517829,5.900865,manzana
30.382579,40.592607,7.115994,frijol moth
28.140843,81.822597,5.776147,plátano
22.936144,82.897101,6.628804,algodón
29.340811,94.551354,6.419083,melón
24.303272,76.364785,6.490354,algodón
26.776650,63.482513,5.888232,frijol moth
20.277873,89.444804,5.881561,granada
25.718958,67.221907,5.549902,maíz
16.887834,94.328410,6.703528,naranja
39.142389,80.160867,6.499605,uva
29.021742,57.721776,6.862086,frijol moth
9.899933,82.883671,5.521385,uva
31.761188,69.399988,7.337032,frijol urad
23.790756,24.277453,5.945980,frijol rojo
26.194280,82.719820,6.310575,plátano
30.141960,61.833676,6.653808,frijol urad
31.931724,35.051766,6.517951,frijol de palo
26.120096,48.694441,5.870142,frijol de palo
24.578804,82.685831,6.728090,arroz
21.983349,80.378316,7.047939,arroz
27.121495,49.522506,6.089918,mango
17.308445,20.017309,5.863904,frijol rojo
20.119967,21.813475,5.956550,frijol rojo
27.336844,88.502291,7.033013,frijol chino
29.170521,94.197904,6.012480,melón
29.720950,94.324154,6.355684,melón
38.438709,93.916582,6.741899,papaya
23.467390,62.216863,5.596113,maíz
24.895317,86.693982,6.689084,sandía
25.220558,73.086625,6.136215,yute
22.810033,93.015042,5.639505,manzana
24.923569,82.869306,6.596607,arroz
31.083689,90.143626,7.028746,naranja
22.715399,82.259422,7.362499,arroz
20.874235,47.889916,6.120909,frijol de palo
29.359292,86.367410,6.344270,frijol chino
25.082397,65.921958,6.455117,maíz
24.043558,83.959846,6.442366,sandía
13.208444,94.027694,6.354023,naranja
33.749871,65.868595,6.854552,frijol urad
26.929951,82.088499,7.017565,arroz
25.269602,83.211276,6.242352,sandía
24.251335,89.864541,7.098228,yute
22.314033,90.850445,7.941713,naranja
29.494093,65.294511,7.351330,frijol urad
31.323332,47.099102,4.802414,mango
23.442607,22.772559,5.934136,frijol rojo
39.169928,82.010730,5.988601,uva
29.367729,81.410546,6.117861,uva
19.984144,15.079066,7.770455,garbanzo
19.295634,69.634812,5.775978,maíz
22.966205,58.841246,6.515564,maíz
33.587051,93.029764,6.983787,papaya
25.067301,44.448524,5.972350,frijol moth
29.592405,68.867079,6.818268,frijol urad
25.960792,82.152060,6.062913,plátano
26.350342,58.506502,7.460175,café
11.590426,93.184746,7.482902,naranja
24.339566,82.264540,6.585211,yute
30.974754,66.419761,6.194187,frijol de palo
24.163844,19.279078,5.827380,frijol rojo
27.999903,65.576534,6.493037,lenteja
27.339711,53.185366,7.434055,café
35.025195,51.701040,5.128064,mango
25.008724,93.235871,6.230107,coco
26.858649,80.269879,6.115172,plátano
32.183920,92.507998,6.948956,papaya
29.368129,92.531904,6.453143,coco
18.776793,65.765083,6.101281,maíz
32.395240,94.517685,6.601396,naranja
28.374432,75.876925,6.139910,plátano
35.643340,34.888059,6.435455,frijol de palo
22.445170,94.737635,5.617227,manzana
29.003592,83.541829,6.623862,frijol chino
29.596082,94.608628,6.181167,melón
28.257780,92.785523,6.449436,melón
28.808107,62.925730,5.340419,frijol de palo
21.660250,94.793974,5.885638,granada
30.193092,67.527614,7.304338,frijol urad
26.603208,88.727836,6.292992,sandía
20.414617,81.650954,5.005449,arroz
22.928475,70.909105,6.356629,maíz
27.679408,89.805083,6.424087,frijol chino
27.142205,57.176157,6.455234,café
31.128968,43.587888,6.455593,frijol moth
14.343205,94.357347,7.994465,naranja
25.560326,66.852313,6.026009,maíz
26.305736,61.215109,6.268561,frijol moth
29.043477,95.160604,5.513383,coco
26.526249,98.606710,5.823400,coco
27.811509,83.360188,6.093269,plátano
23.095930,88.011091,6.670363,yute
24.924035,80.860788,6.278168,sandía
22.027754,92.961295,5.790993,manzana
20.046771,65.843953,7.135252,lenteja
19.065515,87.800183,6.638026,granada
25.041480,83.289853,6.401075,sandía
26.083292,52.607981,7.431898,café
19.251001,47.703518,5.374359,frijol de palo
22.785709,82.642222,5.582109,arroz
25.105348,91.566980,6.307497,coco
27.286387,94.342257,7.197244,naranja
26.242572,51.627965,7.493192,café
24.898788,73.358292,6.546749,maíz
38.060995,82.247296,6.234904,uva
29.621473,95.250851,6.292889,coco
24.808330,79.074817,7.895545,algodón
29.369477,81.539964,6.336427,uva
25.008724,95.308920,6.000394,coco
35.214734,31.150103,6.401057,frijol de palo
27.737729,76.537745,6.019744,plátano
27.377815,58.579131,6.920528,frijol moth
27.022692,95.719354,6.231663,coco
19.301063,87.177517,7.005411,granada
27.709353,86.323278,7.018731,frijol chino
27.631582,58.866051,7.292851,frijol moth
18.171711,60.622356,5.513698,maíz
23.221014,83.063145,6.349633,arroz
25.371227,76.240367,6.130136,yute
17.239393,14.289063,6.207618,garbanzo
27.774209,88.647186,6.335943,frijol chino
33.361401,45.022364,6.135269,mango
29.033700,68.030754,7.217757,frijol urad
19.493715,18.143354,8.346746,garbanzo
27.767774,54.921824,8.042372,frijol moth
18.713662,19.927430,5.966583,frijol rojo
23.853404,90.105225,7.474711,naranja
29.416316,83.508798,5.782610,plátano
27.622323,67.668712,6.894295,frijol urad
26.194943,75.646213,7.300955,yute
23.707727,62.535770,6.987360,lenteja
24.814412,81.686889,6.861069,yute
28.081661,75.264298,5.623616,plátano
27.347349,94.177567,6.687088,papaya
24.609070,79.164782,5.917522,algodón
22.434341,88.803389,6.751748,granada
23.677017,91.579368,7.515544,naranja
23.911524,94.833018,5.774894,manzana
27.098340,86.726186,7.098720,frijol chino
28.938236,94.731718,7.417884,naranja
28.918101,43.839834,7.937108,frijol moth
26.983586,83.962150,6.110057,sandía
21.281402,58.197284,6.169829,maíz
30.902152,65.589480,6.913036,frijol de palo
24.951284,88.057658,7.156225,yute
31.315047,94.944821,6.626035,papaya
25.702770,84.926385,6.007450,arroz
28.727371,81.618469,6.680277,frijol chino
32.887338,64.594574,7.706509,frijol urad
28.951189,60.379755,7.216608,frijol urad
22.427761,93.917224,5.893491,manzana
29.279165,35.406486,6.291556,frijol de palo
37.562802,82.238571,6.238175,uva
21.169597,90.894857,7.858204,naranja
30.991640,42.317326,8.108466,frijol moth
18.835499,72.132030,5.749621,maíz
23.259314,93.402585,7.533627,naranja
26.090837,91.377709,5.811648,coco
29.242372,88.997035,6.679761,frijol chino
29.510990,93.040284,6.159622,melón
21.811160,91.670348,6.499227,manzana
22.766918,83.802348,5.695498,uva
22.000851,78.774241,6.290519,algodón
28.695620,82.541958,6.225225,plátano
25.574914,81.403632,5.828256,plátano
25.557394,94.336074,5.732361,coco
24.641552,77.545054,7.943331,algodón
23.069041,90.342050,5.723633,manzana
27.102733,90.222024,6.744259,melón
25.895893,88.891869,6.063177,sandía
17.619617,93.138069,7.203628,naranja
26.711631,80.408479,6.191484,arroz
21.530559,80.740042,7.078502,arroz
22.172087,93.454425,6.442491,manzana
25.393191,81.903806,6.374841,sandía
26.423133,83.699504,5.915546,plátano
26.290390,81.060038,5.871702,plátano
25.748792,57.514078,8.060497,frijol moth
27.145378,60.534976,6.502464,café
25.943928,82.098278,6.200669,yute
29.869083,91.161007,6.274505,coco
28.970945,90.758728,6.442465,melón
28.338619,90.425275,6.224089,melón
26.138662,79.266128,6.089914,yute
21.455520,60.278521,6.448950,maíz
29.113929,76.790356,5.595024,plátano
27.551678,81.357630,6.428398,plátano
22.910847,82.434372,7.853745,arroz
21.794329,39.391052,4.937755,frijol de palo
26.942429,63.371575,6.627953,frijol urad
29.291318,65.212561,7.380586,frijol urad
28.384244,84.549026,7.098316,frijol chino
35.893075,82.668507,6.358187,uva
17.538114,16.048845,7.181645,garbanzo
23.713761,89.824891,6.586906,granada
23.178917,63.515118,5.608690,maíz
28.495844,62.446162,7.841496,lenteja
42.886123,94.743803,6.728341,papaya
20.011613,14.729821,7.808848,garbanzo
23.506915,59.136248,6.478824,maíz
25.665859,79.563240,7.031387,yute
23.920190,24.427203,5.951534,frijol rojo
29.084179,90.738919,6.704104,melón
25.405477,93.661405,6.745326,papaya
25.936618,91.520629,5.873970,coco
26.778828,74.042905,7.321129,yute
26.593269,84.711113,6.175266,sandía
18.487746,65.372981,6.032901,maíz
30.113114,82.741336,5.593996,uva
22.459914,92.744576,6.386253,manzana
28.945835,81.619054,6.518789,frijol chino
11.559603,80.751591,6.398156,uva
30.255780,92.032728,6.052318,naranja
18.071330,85.645619,5.883194,granada
26.495127,98.679551,6.034338,coco
30.316776,51.018669,6.812390,mango
20.364019,90.798645,6.897680,naranja
30.304162,40.577371,7.023796,frijol moth
30.984393,64.322778,7.405784,frijol urad
25.004125,85.666739,6.135556,sandía
29.104499,80.253335,5.890745,plátano
22.442045,75.078697,7.377103,algodón
24.717296,90.898781,5.881305,granada
18.754687,68.873814,6.781819,maíz
19.522262,24.926072,5.951177,frijol rojo
33.355545,91.219491,6.708629,papaya
24.260851,62.594232,6.940249,lenteja
29.914544,87.361132,6.902155,frijol chino
28.938971,86.942454,6.610523,frijol chino
19.269999,23.370881,5.580820,frijol rojo
27.343971,58.461196,6.153121,café
28.058694,78.221957,6.444490,plátano
26.159636,96.638351,5.588906,coco
29.244064,77.320172,5.707489,plátano
30.706129,40.420890,7.694571,frijol moth
10.846450,90.269918,7.388431,naranja
23.186279,60.045170,6.687924,café
26.133304,69.267953,7.326913,lenteja
26.453893,84.078459,6.231011,arroz
26.264649,61.896430,7.161211,lenteja
28.153566,97.079456,5.984878,coco
32.373325,90.381496,6.397838,naranja
20.597750,93.696503,7.171868,naranja
18.319104,61.243155,4.998881,frijol de palo
28.822174,44.664697,8.060387,frijol moth
35.546206,43.163633,4.713830,frijol de palo
23.668364,68.264472,6.604534,lenteja
25.297585,46.084921,5.723668,frijol moth
26.125406,88.661360,6.465055,sandía
27.847679,83.311108,6.101242,plátano
20.904208,91.322547,6.276390,granada
25.999240,80.031068,7.150275,yute
21.619238,57.735573,6.142876,maíz
30.244431,60.065349,6.529672,frijol urad
11.860197,93.109736,7.493975,naranja
29.588694,92.341625,6.415619,coco
28.085716,80.847646,5.783389,plátano
27.427385,90.735980,6.002927,melón
22.565227,92.379850,6.336669,manzana
23.657762,89.663872,6.193205,granada
23.337035,23.398386,5.636150,frijol rojo
26.158018,65.240719,7.493192,café
21.766808,62.299369,6.367717,lenteja
19.685881,89.977746,6.432586,granada
24.486207,92.982545,6.761953,papaya
28.090482,76.863830,5.880369,plátano
25.150956,80.175685,6.871187,sandía
27.400536,82.962213,6.276800,plátano
40.478996,82.808787,6.427684,uva
19.650986,15.222196,7.858469,garbanzo
22.464383,92.572730,5.805160,manzana
23.922699,71.372343,6.656275,maíz
28.484449,97.768655,5.820979,coco
35.344526,83.202516,5.869445,uva
28.609011,86.994958,7.155685,frijol chino
19.065314,15.054431,6.275058,garbanzo
26.537405,90.573618,6.881440,papaya
24.271745,83.708591,7.446976,yute
18.348570,91.285557,6.141794,granada
24.306177,61.394522,6.837691,lenteja
28.328213,68.968178,7.332341,lenteja
24.542102,91.901566,7.995849,naranja
22.424853,93.401341,5.741469,manzana
21.846098,21.120139,5.901950,frijol rojo
24.407962,90.686284,5.937207,granada
27.011105,54.366994,6.411494,mango
18.711883,72.567549,6.436550,maíz
22.474205,91.227597,6.017370,manzana
23.568353,91.667381,5.776390,manzana
20.160577,15.219921,7.653752,garbanzo
27.681564,90.477796,6.573352,papaya
24.763452,87.060711,6.463539,yute
24.756138,92.415512,6.421015,granada
25.640044,61.032735,6.217974,café
34.976653,38.422152,5.208954,frijol de palo
28.997315,83.789115,6.821747,frijol chino
32.807557,66.144946,6.788771,frijol urad
31.878592,91.152481,6.450640,naranja
23.567865,90.828715,5.600345,manzana
25.461648,44.634215,9.927197,frijol moth
22.835202,18.972675,5.683548,frijol rojo
28.794285,79.359706,5.953319,plátano
24.932158,73.804353,6.550564,maíz
25.133564,57.991904,6.021814,café
43.037143,94.642890,6.720744,papaya
23.512057,92.223778,5.683122,manzana
25.830635,83.510873,7.029019,arroz
27.514922,94.962187,6.685553,melón
31.484517,48.779263,4.525722,mango
29.107320,47.120557,6.380518,frijol de palo
14.484233,94.350850,7.962579,naranja
24.812101,86.519143,5.983870,granada
25.711601,91.898765,7.992073,naranja
18.460227,89.861120,7.158450,granada
30.507348,82.717756,5.594241,uva
27.110976,84.450538,6.670757,frijol chino
29.536704,94.290183,6.399193,melón
26.548622,61.006045,6.261025,frijol moth
36.151945,80.788627,5.753206,uva
26.283057,73.357635,6.704274,yute
25.915635,89.984052,6.851850,sandía
16.239720,80.293153,6.272467,uva
31.104939,67.679019,7.080752,frijol urad
23.985949,77.014996,7.964691,algodón
16.004005,91.992741,7.597395,naranja
16.309032,91.301780,7.995849,naranja
23.267709,94.477993,5.881863,manzana
22.174125,90.622422,6.178123,manzana
28.458249,85.564740,6.859819,frijol chino
25.128826,83.082157,6.409809,yute
27.054927,96.815375,6.036581,coco
27.266202,81.106316,6.469365,plátano
27.355343,48.024475,5.851635,mango
23.025193,94.920481,6.291157,manzana
24.976695,83.891805,6.880431,arroz
18.280722,68.103654,6.978362,lenteja
23.653741,93.326575,6.431266,granada
25.779080,90.854580,5.864035,coco
27.748878,92.584964,6.147775,melón
28.247794,92.996568,6.112033,melón
19.347544,69.316353,5.770363,maíz
23.094338,81.563296,6.153394,yute
26.604234,57.683439,6.371264,café
25.989625,84.192159,6.249465,sandía
25.164092,79.367608,6.871748,yute
28.194268,47.590948,4.966241,mango
21.104776,92.191444,6.283461,manzana
17.166064,14.424575,6.204091,garbanzo
26.440195,80.919343,6.507111,sandía
25.536730,80.011075,7.301799,algodón
29.914544,83.080993,6.575315,frijol chino
25.241135,81.628620,6.403370,sandía
19.293643,68.960579,6.102895,maíz
27.706781,76.691685,6.042650,plátano
24.717365,20.777805,5.843597,frijol rojo
17.869362,15.944516,7.668828,garbanzo
20.924486,81.964242,6.499190,arroz
24.479359,86.324628,6.687184,sandía
38.467884,80.661146,5.776892,uva
18.877470,17.059558,7.031459,garbanzo
27.453534,62.977672,7.238697,lenteja
27.763172,90.355676,6.740984,melón
22.435884,90.938137,5.721842,manzana
19.420850,18.491654,5.729751,frijol rojo
24.547953,75.397527,7.766260,algodón
18.363033,91.675052,6.592186,naranja
26.062299,94.491417,6.470466,coco
33.967235,35.089052,4.548202,frijol de palo
22.245043,93.339240,7.523634,naranja
29.732212,90.888052,7.154954,naranja
23.626002,89.732667,6.145104,granada
24.394724,82.764129,6.470541,uva
24.200459,69.344933,7.057113,café
25.790259,84.532133,6.072509,plátano
23.205638,79.876705,6.610892,yute
27.332241,94.962187,6.681253,melón
30.577932,60.038952,4.773845,frijol moth
26.886335,42.841532,3.504752,frijol moth
19.487078,16.031233,6.107831,garbanzo
29.198830,79.461783,6.325519,plátano
31.037529,47.534807,6.529407,mango
31.812314,50.827439,5.284181,mango
26.387177,98.424555,5.984168,coco
23.452763,91.461118,5.678848,manzana
33.887540,45.881594,4.549691,mango
19.135644,56.958126,4.828674,frijol de palo
23.924775,90.634931,6.403750,manzana
35.637497,69.691413,5.337605,frijol de palo
29.359777,90.015064,6.544530,melón
25.066810,78.966896,7.369824,algodón
23.195622,80.496820,6.594153,yute
29.542803,89.673716,6.868820,frijol chino
27.709648,80.995814,6.263221,frijol chino
29.799742,80.034996,6.721992,frijol chino
24.887381,75.621372,6.827355,algodón
30.937262,68.685082,7.755078,frijol urad
30.300028,47.180156,7.782518,frijol moth
16.901028,20.688047,5.669387,frijol rojo
31.999286,57.877482,6.053600,frijol moth
27.593768,92.485196,6.206078,coco
27.260586,81.524958,6.463375,plátano
32.454653,50.696938,6.526654,mango
28.885154,91.027208,5.673632,coco
25.816922,82.043255,6.377427,sandía
29.399827,64.255107,7.108450,frijol urad
29.377356,44.822946,6.842744,frijol de palo
25.614275,94.175963,6.053787,coco
25.051620,91.565042,6.295304,coco
24.608528,85.524998,6.382056,sandía
20.320654,16.806848,8.770455,garbanzo
29.099104,94.222378,6.750146,melón
18.327387,55.931915,4.642907,frijol de palo
27.859672,80.072126,6.854111,frijol chino
11.259619,94.697266,6.981749,naranja
24.303800,89.518126,7.133581,yute
27.972207,51.433404,5.367012,mango
22.910148,93.012057,5.820350,manzana
30.086093,60.335580,7.144611,frijol urad
23.888266,83.920995,6.638913,algodón
20.172192,14.493661,6.810822,garbanzo
28.430107,61.788726,7.836221,frijol moth
23.765340,87.965020,6.340619,yute
25.063552,78.209957,7.386687,algodón
31.087050,52.469358,6.794220,mango
30.302605,47.182836,7.707595,frijol moth
32.319444,93.678046,6.196908,naranja
25.712698,64.112333,7.692014,lenteja
33.508698,53.804902,4.810515,mango
24.267270,81.328292,7.706773,algodón
26.720514,87.605386,6.881210,sandía
28.644566,86.808926,7.148775,frijol chino
27.474521,94.568989,6.390586,coco
25.990116,64.955854,4.139101,frijol moth
31.286552,45.339638,3.755367,frijol moth
24.427422,92.151777,6.573986,granada
15.839514,82.736010,6.285143,uva
20.341455,64.837961,6.421816,maíz
32.807855,68.170957,7.420369,frijol urad
27.956711,91.730728,6.720368,melón
30.152955,61.936854,6.661158,frijol urad
25.128987,84.978492,6.087417,plátano
16.711706,19.176514,5.635994,frijol rojo
30.325794,46.816961,7.510521,frijol moth
12.149376,91.868129,6.226584,naranja
19.942047,32.443028,4.548202,frijol de palo
22.918432,85.406950,7.131475,granada
23.910053,59.251449,5.750059,maíz
17.907031,16.067925,7.759053,garbanzo
26.870780,61.023372,7.841496,lenteja
28.117981,94.360289,6.851384,papaya
20.581320,83.340464,5.972718,uva
17.336988,15.800838,7.010001,garbanzo
29.608833,94.239242,6.377529,melón
28.462215,94.864482,6.509019,melón
28.452136,87.872491,6.611139,frijol chino
32.757829,47.792847,5.509165,mango
29.199339,76.508703,5.662572,plátano
25.502184,59.948947,7.419037,café
24.804676,40.124275,5.609396,frijol de palo
21.019447,82.952217,7.416245,arroz
10.010813,90.192846,6.228970,naranja
27.298315,90.827041,6.007685,melón
23.124336,94.883948,5.835670,manzana
27.927659,91.555942,6.721836,papaya
20.067521,89.713659,6.455358,granada
27.698193,51.415932,5.403908,mango
17.889455,94.289432,6.702080,naranja
27.322206,51.278688,4.371746,frijol moth
26.901949,92.872095,6.959209,papaya
28.458479,75.427815,6.142537,plátano
29.939649,54.618135,4.626212,frijol moth
26.420054,83.299846,7.474143,yute
26.990324,41.596533,5.136905,frijol moth
28.212577,53.684145,8.658747,frijol moth
24.176884,84.941570,6.629884,sandía
24.023032,77.738320,6.459734,algodón
30.073735,91.401755,6.769047,papaya
18.493112,14.721150,7.358100,garbanzo
30.274673,91.885345,7.179651,naranja
25.822845,84.176850,6.723982,sandía
27.726531,92.006875,6.350624,melón
21.533463,82.140041,6.500343,arroz
29.863535,91.077592,6.400706,melón
24.667328,85.350635,6.730844,granada
24.170523,67.227872,6.835492,café
22.154065,82.540889,7.063105,algodón
20.615214,83.773456,6.932400,arroz
32.449548,66.547990,7.534461,frijol urad
20.363656,62.613307,5.907987,maíz
24.582164,85.145764,6.198816,sandía
29.976043,57.031844,8.354958,frijol moth
18.166307,21.031089,5.526801,frijol rojo
28.764890,52.627415,7.792508,frijol moth
29.385386,63.477420,5.761703,frijol de palo
28.660863,86.121946,6.860603,frijol chino
43.194107,93.499107,6.959515,papaya
23.017860,82.958298,6.349783,algodón
25.043746,84.978492,5.746904,plátano
29.943492,93.203436,6.455189,melón
28.950630,92.569091,6.007511,coco
26.754662,51.163272,7.161556,café
18.833716,15.308354,6.142715,garbanzo
34.345647,92.667631,7.358216,naranja
38.589545,91.580765,6.825665,papaya
24.854414,74.440705,6.572561,yute
31.091542,47.020584,4.791147,mango
24.302959,85.585400,6.693494,granada
40.212198,93.116603,6.548430,papaya
24.940927,69.173076,6.521161,lenteja
42.933686,91.175675,6.501521,papaya
24.478264,82.906927,6.667929,arroz
20.089314,14.402907,6.818297,garbanzo
26.521664,98.382277,5.588655,coco
23.095956,84.862757,6.925412,algodón
21.696691,94.676764,5.883177,granada
27.264589,68.012329,7.775306,frijol urad
25.248679,83.463015,5.898293,algodón
15.847752,22.230089,5.972594,frijol rojo
13.703975,80.089996,6.384696,uva
24.274658,80.812203,6.267614,algodón
28.211840,76.946870,5.917432,plátano
18.172232,64.800528,6.290331,lenteja
26.795339,82.148087,5.950661,arroz
22.913502,21.339531,5.873172,frijol rojo
18.763583,94.998975,5.561852,granada
30.459847,93.099997,6.595794,papaya
28.800361,94.594861,6.688415,papaya
23.662134,86.174297,6.975262,yute
24.698814,78.694887,7.179021,yute
26.199723,82.195619,6.091225,plátano
23.868140,75.683397,6.814342,algodón
25.992146,83.742473,5.868057,arroz
22.051437,73.225359,6.821008,maíz
30.622683,42.839396,6.457056,frijol de palo
25.437862,66.225151,5.959089,maíz
28.367003,97.158364,6.028675,coco
27.314330,42.344149,8.519226,frijol moth
22.715855,50.727759,4.753441,frijol de palo
26.908186,67.684571,7.431739,frijol urad
29.322013,77.423799,5.673356,plátano
29.066315,83.686920,6.626630,frijol chino
28.210846,63.628673,7.591686,lenteja
32.069543,83.836537,5.861339,uva
23.986517,82.090534,6.096839,yute
24.486686,61.930739,6.399942,café
18.977276,18.301320,7.597420,garbanzo
29.695352,86.474251,6.667622,frijol chino
23.331173,73.400493,5.871941,maíz
19.981331,63.965419,6.671435,maíz
28.775431,63.441554,7.323574,lenteja
22.848528,94.321302,6.079497,manzana
28.752575,94.358542,6.043751,melón
24.177870,75.610098,6.055888,algodón
22.266440,65.003822,6.252068,lenteja
38.701095,91.288772,6.529218,papaya
28.139146,80.932083,6.289606,uva
28.610170,82.052806,5.700274,plátano
25.895880,81.864747,6.355810,sandía
25.805860,89.288759,6.736998,sandía
18.788572,65.691018,6.089934,maíz
22.522131,23.781864,5.863604,frijol rojo
27.859642,86.779497,7.199495,frijol chino
25.399358,81.134989,6.816298,algodón
39.065314,94.163092,6.542159,papaya
25.700675,81.384693,6.643483,algodón
24.655702,86.175331,6.333511,granada
31.662828,90.517033,6.427678,naranja
22.395704,91.272932,6.028770,manzana
29.035345,78.195463,5.688799,plátano
27.202901,83.559454,6.869153,frijol chino
29.381148,92.284412,6.284344,melón
26.490670,93.703158,6.740037,papaya
25.170887,60.623389,7.440613,lenteja
23.678683,93.351272,5.640979,manzana
30.946269,35.202356,5.237828,frijol de palo
29.726356,77.242719,6.264486,plátano
29.861870,65.651320,6.980232,lenteja
25.011576,88.331302,7.228268,yute
37.559848,80.614719,6.170513,uva
23.268398,76.423592,7.387573,algodón
22.686946,82.570062,5.656701,arroz
35.830891,83.325601,5.778594,uva
24.372874,90.417959,6.526812,granada
18.226903,91.384121,6.980423,granada
29.970471,91.875691,7.250833,naranja
23.548641,91.527926,5.640917,manzana
25.364812,57.446431,7.117760,café
21.092240,23.051712,5.784408,frijol rojo
24.199159,80.159701,6.937204,arroz
20.049080,59.355859,6.382611,maíz
27.841863,89.009976,6.806467,frijol chino
41.022478,92.721195,6.549318,papaya
22.772914,88.783624,6.893765,granada
29.687521,82.986383,6.458664,frijol chino
22.234898,84.111289,7.210078,algodón
22.568668,60.401211,4.669721,frijol de palo
9.535586,80.731127,5.908724,uva
22.251375,75.808596,6.186040,algodón
27.755641,86.951439,6.408877,frijol chino
28.438097,83.489914,6.267684,frijol chino
26.327002,63.892453,7.034049,frijol urad
11.189943,80.808431,6.415556,uva
13.360506,91.356082,7.335158,naranja
28.558525,90.457730,6.159021,melón
23.853824,87.739961,6.340571,granada
18.902230,94.998975,5.567805,granada
27.672562,45.416920,4.947683,mango
27.100533,63.360856,6.540821,frijol urad
40.873414,80.966874,5.510925,uva
23.431916,80.568878,6.363472,arroz
28.965866,90.718329,6.566759,melón
27.003155,50.377071,4.920539,mango
19.155148,65.985686,6.134057,maíz
30.286810,60.410875,7.139586,frijol urad
24.896811,86.107829,6.217301,sandía
30.449971,90.462734,6.414869,naranja
26.734406,52.183357,7.319823,frijol moth
25.656735,61.759370,6.235731,café
19.462104,18.728320,7.217018,garbanzo
23.094338,78.256765,7.141686,yute
16.107560,91.474179,7.995849,naranja
17.828037,80.960934,6.275641,uva
35.483932,45.313771,6.415009,mango
35.133680,48.838239,6.569532,mango
31.249196,58.441731,4.947334,frijol de palo
21.155579,63.656242,7.645351,lenteja
32.973901,68.944997,6.682357,frijol urad
28.277500,83.544184,6.750447,frijol chino
27.130537,95.296736,6.236770,coco
29.701432,95.657544,6.078807,coco
25.940190,78.342210,6.211833,plátano
30.234479,34.956066,5.634984,frijol de palo
26.157515,93.337573,6.097694,coco
27.092868,82.721207,5.797331,uva
21.759327,24.059154,5.998125,frijol rojo
26.188532,63.537752,6.742411,café
28.264693,92.628219,6.443586,melón
26.972516,62.018363,6.908671,café
21.036527,94.434930,6.059439,manzana
29.175624,64.837494,7.448743,lenteja
25.456238,81.238756,6.753898,algodón
25.274634,73.745958,6.109478,yute
35.377756,45.581100,6.454045,mango
27.505153,55.488434,6.215501,café
22.712713,90.452617,5.669489,manzana
26.448025,80.420143,6.342142,yute
27.898827,67.779784,6.947259,frijol urad
25.599771,61.277524,7.227718,frijol urad
41.895327,90.240271,6.625070,papaya
28.079625,81.283092,5.802265,plátano
32.131923,64.361053,7.405550,frijol urad
29.282427,95.687920,5.924076,coco
25.802872,80.661978,6.385851,yute
25.681602,80.430600,7.085894,yute
24.443443,80.415951,7.110772,arroz
20.049999,86.373534,7.112486,granada
25.222697,65.341979,7.739601,lenteja
30.643107,91.564098,7.245658,naranja
25.883189,62.974497,6.756244,café
24.432322,58.659875,5.143580,frijol moth
28.778919,91.663007,6.109285,melón
27.097509,52.273890,7.493192,café
20.125741,24.969699,5.659255,frijol rojo
21.774667,80.549426,6.400720,uva
23.664573,81.691051,7.352402,algodón
24.165083,20.998966,5.809651,frijol rojo
22.000851,79.635878,7.361330,algodón
27.271122,81.111156,6.476322,plátano
32.709423,47.448162,4.733175,mango
29.654424,90.969772,6.376285,melón
24.839544,86.887381,6.034613,granada
24.684634,94.021528,6.248523,granada
26.744392,90.824144,6.651780,papaya
26.647186,82.553296,5.823821,uva
18.852242,33.158906,4.605957,frijol de palo
18.031313,19.642368,5.519840,frijol rojo
30.536289,93.793972,6.026613,naranja
29.940344,93.170395,6.463096,melón
27.924237,62.370996,6.870515,lenteja
20.879744,82.002744,6.502985,arroz
28.719189,63.313968,6.532641,frijol urad
28.372144,64.122283,7.013875,frijol urad
23.737384,82.535841,6.408381,uva
27.451573,80.848951,6.948300,frijol chino
26.014215,67.007176,6.680878,maíz
25.764027,87.593113,6.704689,sandía
25.606773,81.113093,6.691325,algodón
23.926203,82.106527,7.389422,arroz
21.844999,82.748117,6.304063,arroz
20.382055,92.774015,5.733414,granada
29.709313,96.304843,6.374668,coco
28.790587,87.034529,6.635744,frijol chino
18.041855,73.440781,6.365816,maíz
20.715368,16.668944,6.222763,garbanzo
24.238641,82.442765,5.939832,arroz
42.344213,90.619538,6.931372,papaya
34.228136,50.919117,6.100405,mango
27.110274,91.525723,6.355865,melón
27.599696,92.926663,5.832294,coco
27.942937,45.413936,5.956585,frijol moth
23.468417,90.873995,6.663408,papaya
29.640437,92.883737,6.455017,coco
28.804407,79.541392,6.027508,plátano
21.969531,94.620489,6.237532,manzana
28.417447,84.528140,7.179204,frijol chino
23.250699,79.031378,6.546519,yute
24.377955,81.405338,6.776597,sandía
22.772843,84.105131,7.032430,algodón
29.163346,76.424046,5.778328,plátano
30.415885,67.663238,6.744412,frijol urad
22.604791,89.328350,6.286514,granada
27.470627,94.741394,6.442937,melón
18.512026,61.755892,6.101698,maíz
31.366620,41.361663,5.022144,frijol moth
32.217910,52.329036,5.897959,mango
26.630491,81.394638,6.905555,sandía
27.861765,82.890222,6.186127,uva
30.259858,59.954835,7.812729,frijol moth
17.367109,16.972367,6.914044,garbanzo
24.857203,56.866593,7.199291,café
26.333780,57.364700,7.261314,café
29.799306,63.703360,6.788481,frijol urad
20.489545,93.724851,7.137137,naranja
32.408824,61.305321,7.307745,frijol urad
18.118912,81.065886,5.749955,uva
17.924334,83.356690,6.213166,uva
29.085203,88.826221,7.037558,frijol chino
27.763398,87.247168,6.411716,frijol chino
31.289993,82.139742,5.883009,uva
20.712295,21.282331,5.571821,frijol rojo
23.094338,81.479320,6.133682,yute
19.557597,59.283076,6.417322,maíz
29.001284,95.032106,6.178699,coco
24.786131,87.739271,6.299001,yute
21.645616,62.149362,5.848590,maíz
22.507987,93.072226,7.523676,naranja
22.216653,83.119208,7.143019,algodón
29.279682,92.802402,6.024787,coco
22.355482,94.478118,6.046674,manzana
28.146540,60.620993,4.585147,frijol moth
27.732840,51.230600,6.400207,café
31.415414,90.460139,6.413017,naranja
25.753750,46.112573,8.166679,frijol moth
26.270616,83.091945,6.259087,sandía
26.047630,62.409883,6.316756,maíz
23.099020,88.267877,6.685881,yute
27.126143,63.794140,5.954108,lenteja
24.823789,89.685949,6.370562,sandía
23.340734,84.850623,6.176828,arroz
18.527711,16.673487,8.749678,garbanzo
26.366299,52.257385,7.456460,café
23.648842,62.931849,5.916454,lenteja
25.587344,63.596692,6.606259,maíz
22.963019,93.850223,5.943815,manzana
28.071958,92.858526,6.095900,naranja
31.357308,64.249921,7.322555,frijol urad
29.020500,91.456322,5.715052,coco
30.041323,63.562230,8.620108,frijol moth
16.440899,94.551023,6.497110,naranja
19.498071,18.918288,7.856315,garbanzo
28.892552,94.323754,6.213001,melón
26.399415,81.161350,6.483133,sandía
21.690435,63.159272,6.188945,maíz
21.363838,69.923759,6.633865,lenteja
24.734227,58.238428,7.188269,café
30.793812,91.489045,7.182749,naranja
27.471534,53.625677,6.975741,café
28.288914,54.819946,6.071468,mango
24.764673,65.177149,6.512591,maíz
24.453703,83.076827,6.141205,yute
19.468675,15.807205,6.040429,garbanzo
28.966442,47.872882,5.689071,mango
25.713143,80.229728,6.190016,sandía
25.919451,82.723946,5.829321,uva
26.007926,78.350902,6.203157,plátano
24.098744,80.572268,6.187747,yute
29.822559,90.644268,6.173054,melón
24.355909,92.396517,6.600949,naranja
28.506779,45.200945,3.793575,frijol moth
31.502061,43.058297,5.141213,frijol moth
24.184712,69.948073,7.045543,café
26.904357,86.254262,6.727468,sandía
30.477577,61.582453,9.416003,frijol moth
29.190485,64.577231,7.456520,lenteja
25.838002,81.159847,6.453800,yute
26.243236,62.121721,7.444495,frijol urad
25.487968,84.482359,6.740948,yute
23.094338,74.657200,6.315617,yute
30.037518,46.823920,4.654951,mango
27.721703,80.320707,6.131476,plátano
19.229177,14.653067,6.261523,garbanzo
26.800406,62.638931,6.895892,lenteja
20.485214,82.304595,7.622630,arroz
38.593686,93.273443,6.968451,papaya
13.367572,90.886937,7.626873,naranja
26.229169,83.836258,5.543360,arroz
19.428014,15.742970,6.077937,garbanzo
22.294235,90.690340,6.222391,manzana
22.698951,76.977240,6.087610,algodón
16.097969,22.082755,5.978365,frijol rojo
25.966545,46.380032,5.525808,frijol moth
25.289288,80.122675,6.910916,arroz
27.156941,79.267258,5.892189,plátano
25.543998,81.485023,6.765435,algodón
42.332847,91.168048,6.501521,papaya
22.708838,82.639414,5.700806,arroz
33.681331,48.772694,6.698406,mango
18.722270,61.996988,6.109493,maíz
16.312281,82.005471,5.681147,uva
21.957272,92.213916,6.470964,naranja
27.396046,87.163455,7.166504,frijol chino
29.230078,87.657285,6.507905,frijol chino
23.206835,74.099570,7.422318,yute
27.003155,50.812852,5.017658,mango
20.018205,94.382301,6.808557,granada
24.043558,84.198358,6.407388,sandía
20.130175,81.604873,7.628473,arroz
21.231421,80.401329,5.620096,arroz
24.259092,61.378181,7.495228,frijol moth
25.344208,73.321785,6.676931,maíz
26.183894,79.163332,5.512528,plátano
27.205671,63.763623,6.185623,lenteja
24.452027,55.337658,6.995844,maíz
18.318512,16.652817,8.639943,garbanzo
23.059519,52.989757,6.735006,café
22.243027,80.323798,6.332462,arroz
25.443618,91.310202,7.633737,naranja
22.661160,82.740373,6.519686,algodón
42.134740,91.704454,6.757471,papaya
29.156400,91.818016,6.333902,melón
26.549864,73.852791,5.789324,maíz
33.062276,94.594877,6.764498,papaya
28.838768,92.833515,6.012117,coco
18.758628,87.455627,6.584282,granada
35.714568,52.900576,4.932265,mango
25.534761,91.962038,5.707462,coco
18.255799,64.265425,6.541481,maíz
26.815305,87.656945,6.399669,sandía
26.241622,86.018665,6.744246,sandía
28.523967,55.772644,7.393899,frijol moth
30.777374,61.346685,7.124182,frijol urad
24.208070,58.746006,5.646619,frijol moth
22.745195,82.608009,7.648984,algodón
15.531839,18.266022,5.592504,frijol rojo
28.072876,53.206847,5.570570,mango
23.819143,90.852919,6.405716,manzana
19.713597,18.096657,7.325451,garbanzo
29.016868,44.012398,7.866261,frijol moth
25.072787,82.502579,6.520404,algodón
21.843823,80.735855,7.005048,arroz
19.752205,14.858382,6.401094,garbanzo
24.128659,83.627822,5.541040,arroz
23.500079,66.248168,6.373520,café
42.175567,91.705433,6.760653,papaya
25.171888,62.686086,6.572896,café
29.162202,91.997721,6.330621,melón
24.933949,87.531735,6.455735,yute
27.906216,62.396673,7.590855,frijol urad
20.050887,80.491537,6.763561,arroz
28.445250,82.676395,6.684381,frijol chino
30.504209,35.488860,5.391560,frijol de palo
28.600069,92.788569,6.197801,melón
22.785838,91.864462,7.678393,naranja
18.649828,19.372174,6.417195,garbanzo
21.491187,93.439497,6.413548,naranja
27.847398,94.746380,5.915691,coco
22.300280,61.862678,5.584385,frijol de palo
22.191094,90.025751,6.162034,manzana
20.093406,15.112796,7.701446,garbanzo
11.016745,93.844215,7.822859,naranja
20.045414,80.263873,6.742899,arroz
17.963648,18.238747,8.702611,garbanzo
20.213682,68.652577,6.887130,lenteja
18.788650,14.725838,7.851821,garbanzo
26.120574,58.728305,7.470970,café
28.397878,65.388059,6.548572,frijol urad
22.207943,60.019332,5.830390,maíz
29.943492,93.093565,6.430141,melón
24.543553,89.004405,6.127755,sandía
22.877145,83.488532,7.405850,arroz
23.796113,75.692406,7.638637,algodón
25.181829,87.756195,7.184939,yute
26.584224,52.833925,6.255073,café
29.204223,54.852887,6.415235,mango
27.963561,45.258517,6.016195,frijol moth
26.699663,82.648303,6.003185,yute
24.276934,83.008830,6.696973,arroz
18.627486,17.521533,7.925701,garbanzo
20.044013,55.983282,6.712490,maíz
25.157455,83.117135,5.070176,arroz
28.072196,82.911647,6.478557,frijol chino
32.241221,90.142824,6.504216,naranja
29.914544,80.424248,7.128107,frijol chino
34.795313,61.519845,7.736388,frijol urad
21.348181,68.939530,5.185994,frijol de palo
22.564579,82.240906,7.292273,arroz
22.259130,89.320594,6.729874,granada
17.065793,17.540241,6.307005,garbanzo
18.787870,15.069169,7.054716,garbanzo
29.691889,91.486570,7.185071,naranja
21.202723,91.042523,7.791244,naranja
22.510430,81.162055,6.511166,algodón
24.332953,84.721939,6.544978,algodón
19.379551,80.912926,6.447674,uva
21.169144,24.532757,5.653493,frijol rojo
32.722422,66.141718,6.805726,frijol urad
24.996150,80.809688,5.701576,uva
27.660629,90.759948,6.841884,papaya
31.999286,53.022257,5.547705,frijol moth
17.461678,18.789503,5.934854,frijol rojo
25.514946,66.841751,6.063047,maíz
28.797998,94.800517,6.190757,coco
26.349357,81.070503,6.345369,uva
22.144184,83.436472,6.313397,arroz
29.120338,82.790929,5.682395,uva
34.776648,63.093396,7.009380,frijol urad
18.950431,66.435827,6.115115,maíz
28.705952,50.440301,5.445008,mango
19.512087,20.154315,5.531632,frijol rojo
28.495387,60.448484,7.187722,frijol urad
22.356287,91.923605,6.264203,manzana
24.351938,90.886124,6.152907,granada
24.263122,89.891065,6.486550,yute
24.488957,82.163136,7.011951,algodón
21.070636,82.920370,7.493304,arroz
22.924928,91.188795,6.765072,naranja
25.743393,57.291003,7.448138,café
27.003155,50.524799,4.952153,mango
25.758135,82.007796,6.357697,sandía
30.227032,62.671809,5.568878,frijol de palo
22.228698,81.858729,6.939084,arroz
22.019783,91.122244,6.146557,manzana
33.277946,65.898902,6.768573,frijol urad
21.539892,24.253862,5.996161,frijol rojo
15.975945,91.545440,7.666473,naranja
16.338762,94.618515,6.519662,naranja
26.509086,94.484145,6.143663,coco
24.556884,93.451551,5.696786,granada
24.388553,62.447888,6.731873,lenteja
26.730653,89.916835,6.886930,sandía
25.519737,76.213698,6.678727,yute
25.717295,94.852932,5.743855,coco
18.426679,56.571158,6.237550,maíz
28.796570,63.419074,6.777863,frijol urad
15.330426,18.266383,5.608820,frijol rojo
29.454664,88.899701,6.715101,frijol chino
29.154074,87.177790,6.404190,frijol chino
24.370257,80.517566,7.078030,arroz
25.351848,46.822137,9.240970,frijol moth
25.357947,80.458463,6.903020,sandía
28.807992,81.723157,6.747126,frijol chino
29.240481,80.244371,6.300726,plátano
19.410881,17.729388,8.501441,garbanzo
27.652802,89.806506,6.459252,frijol chino
21.024329,93.056950,5.578096,granada
23.158394,78.812629,7.077903,yute
27.965837,61.349001,8.639586,frijol moth
38.609150,82.240492,6.279329,uva
26.695573,83.227356,6.027480,yute
29.390239,90.020909,6.508212,melón
22.189796,82.967876,7.047160,algodón
27.740441,45.062512,4.894514,mango
27.464195,87.318774,7.187220,frijol chino
28.713865,65.114185,7.598379,frijol urad
15.830209,81.889017,5.649161,uva
26.549864,65.850696,6.704141,maíz
35.808743,54.711390,7.299531,frijol de palo
25.451673,94.210086,6.028802,coco
26.794899,89.648152,6.510760,sandía
29.741483,78.022871,5.785467,plátano
24.185862,76.042040,6.431690,algodón
29.029113,93.926315,6.467735,melón
28.494120,91.554270,5.550260,coco
24.513248,20.815276,5.670063,frijol rojo
24.856936,88.879097,6.971490,yute
27.024151,91.606980,6.436583,melón
28.434889,75.860110,6.185923,plátano
24.621246,56.142547,7.271731,café
25.208187,81.429236,6.298366,uva
26.132612,60.091166,5.991479,lenteja
24.299343,84.566516,6.479889,algodón
29.561630,89.996156,6.898231,frijol chino
25.191924,66.690290,5.913665,maíz
24.975962,80.482545,7.286580,algodón
22.788028,92.194989,6.491955,naranja
23.017584,71.844154,6.353629,maíz
25.008724,91.512753,6.293608,coco
23.578133,80.173658,5.042143,arroz
24.849261,66.202351,6.472406,maíz
24.694877,59.966692,5.859813,frijol de palo
30.961569,36.549344,5.696636,frijol de palo
24.926391,85.190981,5.832526,granada
30.371726,64.019336,8.735293,frijol moth
20.946406,64.037514,7.238031,lenteja
25.255962,61.366697,7.261792,frijol urad
23.539787,84.811105,6.699565,yute
29.125402,57.050375,6.300925,frijol de palo
26.760092,87.216672,6.865021,sandía
19.645560,19.445058,8.837196,garbanzo
21.332097,63.108483,6.451285,lenteja
29.550548,78.067628,5.808498,plátano
26.473302,80.922544,6.283818,sandía
23.294300,91.588965,6.282696,manzana
33.223369,69.197443,6.743033,frijol urad
29.284521,94.859077,5.525217,coco
28.960241,94.536603,6.277110,melón
34.946616,65.369064,7.144445,frijol urad
25.186279,68.019896,6.556921,lenteja
24.164023,76.743390,6.436692,algodón
20.834102,46.246697,6.235334,frijol de palo
23.804842,87.874197,6.334243,granada
30.746905,34.958076,5.209177,frijol de palo
17.891540,18.751454,5.943160,frijol rojo
27.125635,66.755542,6.880494,frijol urad
19.022664,80.850076,6.353687,uva
30.786779,46.832390,6.292596,mango
25.153938,89.308293,6.429256,sandía
24.458461,92.041222,6.489815,naranja
25.774307,64.238963,4.324921,frijol moth
18.130278,62.458516,6.078724,lenteja
25.405037,81.630105,6.298500,sandía
31.044619,44.686987,7.283328,frijol moth
26.014225,81.923105,6.956594,arroz
20.714244,15.278241,7.103798,garbanzo
25.240323,81.874448,6.387284,sandía
29.235405,59.389676,5.985793,frijol de palo
33.074312,64.599510,7.698238,frijol urad
25.719449,83.912924,6.263838,arroz
24.222411,60.175871,8.766504,frijol moth
24.080855,57.203034,6.350822,frijol de palo
25.353860,72.394340,6.052871,yute
18.262332,88.167791,5.709380,granada
27.726564,92.983439,6.522813,melón
28.951724,81.670853,6.510841,frijol chino
29.998449,65.777134,6.946721,frijol de palo
32.552582,36.950106,5.877894,frijol de palo
25.535038,92.597044,7.109562,naranja
27.244000,82.766844,6.280925,plátano
26.128126,68.082828,7.522478,frijol urad
25.113407,80.026213,6.839262,sandía
21.327760,18.485229,5.866744,frijol rojo
27.498590,62.935379,6.102969,café
21.574845,18.855625,5.963596,frijol rojo
29.260572,48.488914,8.857715,frijol moth
36.004158,56.013344,7.313517,frijol de palo
23.466542,92.038559,5.677301,manzana
28.803119,91.783369,6.121745,melón
18.009703,80.992165,6.291823,uva
17.188880,19.026325,5.937773,frijol rojo
23.667943,60.758730,6.763226,café
24.439119,67.380950,6.847533,café
25.028176,85.308594,6.881704,sandía
35.967441,30.400468,5.678703,frijol de palo
24.424442,84.371597,6.416646,sandía
23.119384,90.331304,5.760732,manzana
25.246497,72.503689,6.609269,maíz
27.302431,94.346282,7.183852,naranja
27.732658,92.424879,6.189698,melón
38.142487,91.100557,6.735757,papaya
17.950975,19.415828,5.505411,frijol rojo
26.235486,86.888011,6.956509,sandía
30.554726,90.903438,7.189260,naranja
24.622085,82.630892,6.182551,sandía
23.432814,61.912776,5.868143,maíz
30.697519,66.580663,4.734092,frijol de palo
24.768849,65.393308,5.768253,maíz
25.487417,61.847083,7.075617,lenteja
17.826862,14.258040,7.386537,garbanzo
24.984591,60.368401,5.892995,maíz
19.064986,54.369666,4.657577,frijol de palo
19.742133,59.662631,6.381202,maíz
27.151161,91.488895,6.413185,coco
20.180937,19.548098,7.164068,garbanzo
25.089438,79.017241,6.876951,yute
25.984086,89.471749,6.861500,sandía
34.905289,65.443418,7.183667,frijol urad
25.984624,82.492566,7.288191,algodón
41.579553,92.732732,6.841679,papaya
21.202331,46.542084,6.081485,frijol de palo
25.062340,76.272307,7.110423,algodón
26.981526,84.130273,6.493413,sandía
23.614753,86.142903,6.987333,yute
29.073689,94.276220,6.012649,melón
28.991759,91.031857,5.750255,coco
27.376611,65.415482,4.793621,frijol de palo
25.359545,77.211519,6.141021,yute
24.018254,61.173950,7.405198,frijol moth
27.801747,82.769099,6.211929,uva
27.084460,97.087819,5.904709,coco
12.794055,90.262779,7.121095,naranja
20.045414,80.291983,6.750521,arroz
13.077649,91.992116,6.010392,naranja
29.569666,80.034996,6.508055,frijol chino
23.078954,63.658615,7.184802,café
34.913590,63.491157,6.998420,frijol urad
24.485909,88.925676,7.065814,granada
24.864030,77.714503,7.246546,yute
25.533125,63.828826,7.727462,frijol urad
29.093823,45.566106,5.323072,mango
18.223502,18.926457,7.024330,garbanzo
28.769303,82.068661,5.872954,plátano
25.028872,91.537209,6.293662,coco
23.293430,81.390085,5.192059,arroz
14.734434,83.615961,5.642755,uva
19.411682,49.127593,6.419136,frijol de palo
24.130788,84.844946,6.649087,sandía
29.914544,87.105629,6.883870,frijol chino
18.328971,19.235479,5.502999,frijol rojo
28.007822,91.406317,6.584664,melón
26.090583,63.300340,6.721053,café
24.503399,62.267503,6.681547,lenteja
27.999018,91.641931,6.547042,melón
16.037686,22.331959,5.976313,frijol rojo
28.182148,82.366795,6.403120,frijol chino
27.734188,90.610922,6.264517,melón
22.000851,79.497636,7.394495,algodón
21.559100,20.188896,5.795704,frijol rojo
27.443238,63.633448,7.405217,lenteja
28.080052,76.302357,5.879683,plátano
40.001998,94.433598,6.988540,papaya
23.471879,80.427922,6.362353,arroz
28.822138,94.646242,6.272089,melón
25.375488,57.210256,5.983953,maíz
21.479730,60.074056,6.723433,maíz
34.906653,92.703620,7.325258,naranja
34.760861,81.035448,6.167014,uva
31.331708,57.974292,4.946264,frijol de palo
24.369724,82.113198,6.537915,yute
27.949725,76.637134,6.037431,plátano
27.368002,81.916991,6.415591,plátano
23.622854,68.004155,7.378006,café
18.974248,19.516122,8.490127,garbanzo
28.927059,91.393568,6.438008,melón
20.775761,84.497744,6.244841,arroz
33.969874,90.576422,6.828985,papaya
29.775405,93.734163,6.131424,melón
28.981940,64.265619,7.501395,lenteja
24.355641,88.803910,6.176860,yute
29.558633,90.163904,6.651485,melón
25.154549,80.249231,6.866251,sandía
18.537644,87.272375,6.557945,granada
30.661459,41.748689,7.119650,frijol moth
19.325765,88.930583,5.722118,granada
27.278451,62.969872,6.785544,café
26.399265,88.628536,6.322818,sandía
20.876122,90.884006,7.832777,naranja
23.605675,59.688491,6.074190,café
23.458525,81.461772,5.143487,arroz
23.700871,80.232840,5.028738,arroz
18.997144,15.115611,7.145327,garbanzo
21.223698,90.830609,5.693195,manzana
28.479675,90.316483,6.634507,papaya
10.470009,82.638343,5.820796,uva
35.093574,30.986855,5.004075,frijol de palo
25.083474,80.261731,6.275572,plátano
22.470833,92.684473,5.784881,manzana
41.789779,90.038631,6.655666,papaya
19.200904,94.276596,6.923509,granada
26.670702,91.602121,6.121025,coco
27.931142,93.561614,6.431971,melón
28.078817,95.289496,5.938688,coco
26.268083,94.598046,6.156412,coco
25.078037,83.462305,6.405054,sandía
24.018977,81.672499,6.041226,yute
18.860970,14.913410,7.053815,garbanzo
25.847263,90.926695,5.860740,coco
25.093349,90.834750,6.725688,papaya
27.627495,86.493669,6.605733,frijol chino
21.961305,61.658302,6.443043,lenteja
25.170170,60.065349,6.591732,frijol urad
23.243258,76.641721,6.533135,yute
24.106475,80.168880,7.091741,arroz
37.376567,82.090831,5.992147,uva
29.173360,95.319399,5.520215,coco
25.173684,88.715780,6.454846,sandía
24.498860,93.813073,6.473283,granada
22.898841,73.559108,5.863272,maíz
29.872543,87.324571,6.899209,frijol chino
24.657764,60.631190,5.889965,frijol de palo
28.675191,66.814580,7.330615,frijol urad
29.008124,84.960894,6.664188,frijol chino
42.811374,94.555458,6.705625,papaya
23.910373,83.031175,6.102607,yute
22.107190,78.583201,6.364730,algodón
28.757330,92.385838,6.180362,melón
22.257283,90.290282,6.221857,manzana
20.748690,15.352241,7.100873,garbanzo
20.949818,65.810876,7.002216,lenteja
26.533497,81.419810,7.868475,arroz
24.055350,56.433094,6.928828,maíz
26.496116,91.457012,5.522888,coco
29.829486,90.655442,6.173729,melón
31.039405,42.006737,7.766205,frijol moth
43.675493,93.218836,6.940541,papaya
26.648475,65.983600,6.776531,café
19.501122,34.510866,5.632353,frijol de palo
30.085454,69.348120,6.668239,frijol urad
22.517524,89.247344,5.667086,granada
25.064747,78.174412,7.452547,algodón
23.107511,50.945916,4.759112,frijol de palo
21.304382,20.265323,5.900278,frijol rojo
22.107005,93.033647,5.809789,manzana
40.817584,92.146953,6.763179,papaya
20.176582,22.903333,5.620730,frijol rojo
27.678412,50.660584,6.396763,café
17.189676,17.375909,8.086088,garbanzo
23.634621,76.046899,7.929506,algodón
26.645998,84.255859,6.591900,sandía
28.998051,94.123324,6.256337,coco
23.055590,76.610131,6.935249,algodón
15.378033,91.526570,7.594204,naranja
26.105512,91.524212,5.852038,coco
23.008847,18.868810,5.669561,frijol rojo
27.264355,55.851045,6.351968,café
29.118585,92.125430,6.413927,melón
25.587250,80.802706,5.683248,uva
24.014976,82.056872,6.984354,arroz
29.606919,45.717995,5.758420,mango
23.731138,50.521740,4.767169,frijol de palo
25.056180,83.282999,6.412613,sandía
23.827918,81.222158,7.574734,arroz
26.257030,81.257951,6.314270,sandía
20.058931,15.765108,7.997586,garbanzo
24.904724,43.621358,5.768231,frijol moth
26.929951,81.824179,7.057626,arroz
28.095621,65.694873,6.545138,lenteja
26.870692,81.916528,7.801825,arroz
25.467437,69.351612,6.392048,café
37.465668,80.659687,6.155261,uva
26.409907,96.075246,6.273755,coco
27.837139,92.535119,6.168814,melón
19.363897,89.072015,5.637443,granada
27.560886,68.492999,6.516312,café
29.305630,94.480421,6.461129,melón
20.878887,60.729994,5.931833,frijol de palo
40.769987,92.092786,6.747976,papaya
22.352520,84.470124,7.335298,algodón
22.717507,92.254799,5.987263,manzana
19.919179,21.473242,5.746448,frijol rojo
20.250206,80.201802,6.730811,arroz
29.303860,94.264976,6.024535,melón
25.962857,67.537092,5.541204,maíz
27.650867,92.994712,6.185171,melón
19.015151,89.515998,6.071136,granada
29.508070,64.664472,7.420975,lenteja
24.569170,44.673822,5.157070,frijol de palo
23.370444,77.431989,7.977651,algodón
14.342196,91.576914,6.062369,naranja
31.743795,62.510077,7.332375,frijol urad
29.727911,94.297533,6.367801,melón
28.840792,63.372307,6.734447,frijol urad
19.504107,18.414519,8.455773,garbanzo
28.032846,91.691427,6.554981,melón
29.540446,96.409123,6.406775,coco
28.798265,42.750090,8.845280,frijol moth
26.797560,78.359764,5.653918,plátano
20.566019,14.258040,6.654425,garbanzo
23.317086,85.822860,6.727827,yute
23.431617,83.810751,6.221087,algodón
18.319104,36.709848,6.746988,frijol de palo
31.211930,41.559344,5.026004,frijol moth
24.807102,45.011100,5.023115,frijol de palo
18.963358,19.660593,8.479913,garbanzo
26.101316,67.972325,7.496284,frijol urad
30.844426,43.031184,8.058465,frijol moth
33.414217,53.469963,4.635985,mango
25.777167,80.238071,6.183323,sandía
29.782460,86.527289,6.622462,frijol chino
10.304127,93.888724,7.768326,naranja
17.437327,14.338474,7.861128,garbanzo
19.073519,87.101114,6.971167,granada
42.796003,90.077730,6.601043,papaya
27.996374,53.520071,6.748302,mango
21.755362,81.982699,6.536035,arroz
22.746188,89.557293,6.378155,granada
24.198784,91.529378,6.604485,granada
19.034923,23.470503,5.589496,frijol rojo
26.931419,98.803136,5.671549,coco
27.152829,89.606607,6.687899,frijol chino
33.816925,69.692247,7.460808,frijol urad
23.154014,53.195130,6.728279,café
30.284966,61.692951,6.628265,frijol urad
28.680638,61.109134,7.639795,frijol moth
21.522923,90.864103,6.126031,manzana
24.963159,78.099729,7.430168,algodón
28.926708,91.529415,6.457767,melón
19.277119,24.969699,5.938081,frijol rojo
28.420628,61.773363,7.815211,lenteja
20.760339,87.084360,7.002112,granada
23.897568,22.743790,5.940547,frijol rojo
18.426994,80.556259,5.569230,uva
28.974490,62.705902,8.262643,frijol moth
30.418087,61.736865,6.593945,frijol urad
26.270683,72.073803,6.272285,maíz
18.279363,69.380180,6.307987,lenteja
28.753831,77.577969,5.658454,plátano
26.721882,91.732670,6.128088,coco
27.930349,85.420587,7.011031,frijol chino
22.993676,93.413547,5.859528,manzana
23.549161,86.004778,6.967939,yute
27.802768,64.105225,6.943892,café
24.497170,61.247329,7.264557,frijol moth
19.358080,15.612578,6.058454,garbanzo
18.385080,16.554464,8.806726,garbanzo
29.104771,88.304295,7.118651,frijol chino
19.194502,54.968939,4.754210,frijol de palo
28.541724,64.202015,7.025608,frijol urad
34.088682,63.345525,7.466074,frijol urad
30.510143,49.689420,6.796428,mango
24.217446,82.852840,7.479248,yute
26.773198,87.981317,6.562972,sandía
26.657824,82.207393,5.865343,arroz
32.874997,68.852784,6.705161,frijol urad
27.626420,99.106429,6.386675,coco
18.416456,34.805410,4.684079,frijol de palo
19.858615,57.795502,6.645590,maíz
24.086243,76.987362,7.714168,algodón
28.023935,79.471629,5.654750,plátano
29.830904,93.013101,6.573852,papaya
18.970361,20.113473,5.627320,frijol rojo
24.430119,66.024112,7.231167,café
24.540519,83.913731,6.436985,sandía
20.429873,64.121529,6.420711,lenteja
31.656561,90.233034,7.019635,naranja
29.062038,93.979407,6.447276,melón
25.517493,92.830559,6.816336,papaya
25.897623,81.966648,6.277245,sandía
27.335349,43.357960,6.091863,frijol de palo
26.731047,92.632810,6.367542,coco
26.878944,80.128818,6.106993,plátano
23.977099,76.353230,7.994680,algodón
26.765181,66.496469,6.814652,café
24.011784,87.633876,6.297969,granada
38.732906,93.716852,6.543645,papaya
27.110304,83.642741,6.883308,frijol chino
23.692126,89.926569,6.169152,granada
22.311281,94.418319,6.068629,manzana
26.485858,73.441356,7.288904,yute
24.257051,80.147217,6.961722,arroz
27.700012,54.123729,7.233894,café
33.952695,64.387649,7.747569,frijol urad
25.669775,79.821032,5.835908,algodón
26.293557,51.033181,6.745461,café
34.819920,92.165720,6.744442,naranja
21.445269,63.162155,6.178056,maíz
19.508886,18.794138,5.805993,frijol rojo
24.920933,80.617508,6.291540,sandía
23.404017,93.262737,7.567709,naranja
29.873426,60.104827,6.576847,frijol urad
28.731088,69.154651,7.013476,lenteja
26.461433,76.829861,6.187710,plátano
24.232976,87.784002,6.508145,sandía
21.194699,66.690450,7.364015,lenteja
30.228834,60.065349,7.172142,frijol urad
25.523234,66.930961,7.370931,lenteja
18.297865,70.712724,5.590227,maíz
22.638910,82.250201,7.238610,arroz
24.096649,61.477613,7.420258,lenteja
20.455137,59.473822,6.865994,maíz
27.649611,51.110440,6.351824,café
29.914544,80.624353,7.086106,frijol chino
24.576391,75.581866,6.258161,algodón
32.807266,53.191418,4.737234,mango
29.330346,87.465893,6.976449,frijol chino
26.276786,52.972915,7.405302,café
27.536329,89.929082,6.619891,frijol chino
34.879996,48.714536,6.497557,mango
24.612641,92.661831,6.528465,granada
29.429134,92.909125,6.303685,coco
31.069618,90.822944,6.527052,papaya
29.751469,94.276175,6.185307,melón
23.280810,74.276075,6.613341,yute
27.052583,96.193946,5.644472,coco
25.434598,69.126134,7.685959,lenteja
34.868529,38.278698,5.716768,frijol de palo
30.919680,56.704646,5.640844,frijol de palo
29.811966,90.368813,6.123803,melón
22.512204,91.372547,5.686890,manzana
27.307988,65.856528,7.080863,frijol urad
9.743859,83.682670,6.159195,uva
19.077870,90.555310,7.882031,naranja
28.920022,64.045592,7.379748,frijol urad
18.552157,62.480632,6.017306,maíz
21.544208,69.923759,6.717355,lenteja
29.943492,90.679552,6.676070,melón
25.548646,92.791464,6.796084,papaya
24.860946,85.053186,6.738031,sandía
27.471254,94.669183,5.720308,coco
23.583719,66.728147,7.420808,café
24.397362,79.268617,7.014064,yute
27.962997,68.901041,7.385114,lenteja
40.211993,94.507669,6.993473,papaya
28.137316,61.574836,7.428308,frijol urad
21.335719,18.448364,5.853211,frijol rojo
29.525014,91.911853,6.121006,coco
24.882445,89.396862,7.086948,granada
27.980873,83.785236,6.655541,frijol chino
25.640192,58.395835,6.201513,frijol moth
13.457406,81.310830,6.431756,uva
28.936349,91.663580,6.569716,melón
22.669293,71.691282,6.379565,maíz
23.862584,83.634833,5.864995,arroz
10.476818,80.016394,6.143600,uva
28.417183,95.863643,5.671101,coco
28.833032,93.942589,6.192000,melón
41.313301,91.150880,6.617067,papaya
30.622269,36.658133,5.458802,frijol de palo
23.397462,78.353195,6.171395,algodón
16.091891,21.053503,5.591775,frijol rojo
27.003450,96.636429,5.617547,coco
11.586490,80.144640,5.521042,uva
38.016772,92.972180,6.988812,papaya
40.796843,82.162902,5.592109,uva
25.512402,76.218922,7.280282,yute
28.254638,61.646843,4.555413,frijol moth
39.406115,94.628653,6.585442,papaya
29.681654,68.288023,6.973720,frijol urad
26.549864,66.954579,6.666697,maíz
24.740568,81.286622,6.886063,yute
22.770356,91.454985,6.361374,granada
31.655312,60.132637,6.526692,frijol urad
19.234715,62.112014,5.735114,maíz
25.617074,63.471176,6.576418,maíz
28.963614,93.884822,6.469983,melón
11.564288,80.635102,5.886698,uva
25.356366,71.409470,6.366118,yute
15.916481,81.703211,6.450267,uva
38.916945,94.838791,6.565068,papaya
35.089008,54.317148,4.809618,frijol de palo
30.517994,58.175129,5.873007,frijol moth
28.318869,60.194614,6.167855,lenteja
20.264828,64.146367,6.378167,maíz
23.462603,91.456650,5.682751,manzana
31.320727,50.386251,5.554163,mango
22.009279,23.358716,5.944203,frijol rojo
28.852328,47.910042,4.853677,mango
22.115456,83.803981,7.310398,algodón
34.013934,92.005886,6.742854,naranja
21.796935,81.034468,6.155987,uva
29.912370,90.771117,6.401766,melón
28.536824,82.438990,6.678822,frijol chino
23.320996,45.268847,7.206504,frijol de palo
25.538749,92.885368,6.771591,papaya
31.999286,54.491060,5.297037,frijol moth
26.401860,52.559546,7.472621,café
19.036440,46.032319,5.624820,frijol de palo
28.253563,50.959477,5.858687,frijol de palo
29.305772,76.959678,5.691693,plátano
23.982896,91.547314,7.455991,naranja
25.650117,50.976482,6.844585,café
23.060879,94.527985,5.900418,manzana
25.311191,66.969849,7.051128,lenteja
26.089180,93.168688,6.758804,papaya
25.238158,83.452968,6.811949,sandía
29.111448,94.016933,6.124837,melón
24.648256,84.843123,6.240748,algodón
31.743899,66.309899,7.172647,frijol urad
34.078026,92.188721,6.714419,naranja
18.415525,72.085150,6.320284,maíz
28.593786,56.899472,8.361266,frijol moth
26.123846,64.336310,7.320552,frijol urad
28.801987,64.239829,7.067146,frijol urad
23.890690,83.464091,6.097294,yute
28.591056,61.035438,6.611458,frijol urad
26.121050,96.754601,6.330834,coco
31.429019,46.758913,4.856149,mango
25.606758,56.823069,5.972948,maíz
26.223380,85.348660,6.512196,sandía
22.754662,92.100764,6.178993,manzana
25.740953,45.384971,7.881186,frijol moth
25.638906,77.262434,6.429303,algodón
23.766967,55.746471,6.440315,frijol de palo
19.232130,67.817478,6.141157,maíz
29.730197,90.970157,6.342573,melón
19.026891,34.154897,4.825776,frijol de palo
21.447662,92.755798,5.560322,manzana
23.741952,92.887130,5.988120,manzana
29.459097,91.856676,6.136322,coco
23.496836,92.596636,5.790855,granada
27.045007,61.701886,6.844363,lenteja
22.241713,19.816511,5.760913,frijol rojo
22.154833,72.522843,6.765840,maíz
27.204992,81.234354,6.326505,uva
41.361063,82.797830,6.444373,uva
24.936451,73.074391,6.570976,yute
17.211191,16.255663,7.481568,garbanzo
19.366305,15.645150,6.059840,garbanzo
30.614332,68.220848,4.647186,frijol de palo
22.362383,91.157616,6.119432,manzana
39.648519,82.210799,6.253035,uva
26.311781,84.541513,7.031507,arroz
29.889891,83.258238,6.604205,frijol chino
20.155398,47.650390,6.531222,frijol de palo
27.015086,46.848587,6.379517,mango
25.429775,82.946826,5.758506,arroz
24.018254,53.748828,7.315533,frijol moth
27.591693,45.359984,4.955895,mango
18.319104,35.379694,6.688182,frijol de palo
24.458400,86.108746,6.322396,granada
25.565678,97.613615,6.443169,coco
20.984243,17.864159,7.558920,garbanzo
25.320237,81.794759,7.425041,algodón
26.116430,94.967980,6.461753,coco
23.174765,90.342340,5.744446,manzana
23.692900,82.495808,6.415553,uva
24.913773,78.178398,7.432116,algodón
26.197593,65.518800,7.493192,café
23.675754,81.035693,5.177823,arroz
28.653838,61.411295,7.108336,frijol urad
27.798810,89.996156,7.012910,frijol chino
19.691417,19.442254,8.829273,garbanzo
25.553121,97.720387,6.470396,coco
23.477047,83.086007,5.177466,arroz
27.330739,92.620891,6.140482,coco
29.549111,93.290044,6.356469,coco
21.139682,20.719096,5.905365,frijol rojo
22.095550,94.453545,6.688545,granada
32.764073,90.019192,6.508464,naranja
24.693155,84.844225,6.253344,algodón
18.681151,37.302449,4.892684,frijol de palo
25.760743,62.608809,7.280298,café
25.245661,57.092142,6.047373,café
35.880895,52.890851,4.834166,mango
26.712642,68.482718,7.021664,frijol urad
27.688303,51.541454,4.749410,mango
31.537416,48.029063,6.343340,mango
32.817052,66.156651,6.814301,frijol urad
19.359660,87.349656,6.947676,granada
26.126434,81.813650,6.099479,plátano
23.230487,67.916598,6.747894,café
26.749313,51.935890,6.281523,café
18.811981,15.216182,6.206582,garbanzo
31.813829,57.138824,5.823262,frijol moth
31.321147,90.507247,6.325810,naranja
28.711240,45.707408,5.345084,mango
23.059519,53.315033,6.705499,café
27.031923,68.458665,6.380319,café
10.164313,91.223210,6.465913,naranja
29.073111,76.500452,6.376757,plátano
21.176567,24.969699,5.661592,frijol rojo
22.964945,92.032215,7.695204,naranja
25.296064,86.507660,7.077173,yute
24.375683,55.946252,6.414555,café
23.786792,94.771744,6.474809,granada
25.665760,88.698423,6.114129,sandía
23.368219,79.132468,6.167819,algodón
23.404431,81.499693,7.359846,arroz
27.126581,90.270100,6.743053,melón
25.008724,94.853888,5.551194,coco
25.521675,49.325964,5.893695,frijol de palo
18.478913,62.695039,5.970458,maíz
21.331055,91.125760,7.852510,naranja
32.489546,92.469093,6.777058,papaya
34.475150,83.295295,5.868740,uva
27.542732,94.590861,6.362544,coco
31.232439,45.878704,3.794664,frijol moth
26.129376,68.365322,7.392387,lenteja
17.032155,80.944126,6.299678,uva
38.843247,94.711306,6.599243,papaya
35.757268,56.075675,7.310175,frijol de palo
24.829786,76.148501,7.098787,algodón
22.169022,78.444727,6.365199,algodón
36.750875,58.257991,6.079385,frijol de palo
21.431601,62.255238,6.166703,maíz
28.669829,66.095196,7.372376,frijol urad
20.267076,81.638952,5.014507,arroz
27.120749,89.502939,6.702154,frijol chino
30.876268,46.556359,6.235547,mango
23.624687,89.712519,6.107047,granada
18.199519,19.768777,6.936282,garbanzo
26.549525,51.555546,6.257567,café
39.791888,94.224197,6.967123,papaya
23.709435,86.011837,6.890958,yute
19.114955,68.450509,6.110380,maíz
28.389845,75.637139,6.169972,plátano
25.070725,95.021568,5.547933,coco
19.804934,32.556055,4.621148,frijol de palo
28.782245,94.206840,6.197053,melón
19.761280,64.204788,6.821978,lenteja
26.281383,81.361605,6.324229,sandía
23.597006,91.067801,5.620289,manzana
28.056469,81.871019,7.124433,frijol chino
18.945595,15.707480,6.362000,garbanzo
27.417560,87.687492,7.157983,frijol chino
25.791596,67.416256,5.534211,maíz
20.143158,81.888771,7.480771,arroz
27.811053,34.650042,4.677211,frijol de palo
28.329179,80.652614,5.782318,plátano
17.503611,15.480832,7.778592,garbanzo
22.178191,94.527877,6.036713,manzana
26.518753,60.783059,7.841496,lenteja
27.667186,94.361799,6.781050,melón
21.824490,56.970108,6.980676,frijol de palo
25.990695,83.339831,6.220644,plátano
27.701597,54.180385,5.671443,mango
29.576258,96.269175,6.361976,coco
21.199095,90.808194,5.671306,manzana
26.562274,69.485243,7.310120,lenteja
35.092802,92.264876,6.553962,papaya
26.353362,62.138239,7.495172,frijol urad
28.371958,56.155289,7.618159,frijol moth
17.024985,15.993601,7.603138,garbanzo
27.961910,92.294179,6.002927,melón
24.208306,82.887793,6.614344,sandía
25.743141,83.892048,6.757025,sandía
26.196833,80.072960,7.093712,yute
26.302054,55.675966,7.232587,café
27.227727,52.510860,6.693746,café
11.040614,94.163183,7.851012,naranja
23.848437,84.545931,6.251493,arroz
30.898056,54.719003,6.821839,mango
23.793920,80.418180,6.970860,arroz
31.799218,69.337845,7.302521,frijol urad
17.046280,20.663211,5.647515,frijol rojo
28.100680,95.241454,5.982800,coco
27.070820,48.892237,3.504752,frijol moth
28.236279,63.819173,6.727235,frijol urad
24.354961,82.679605,6.773601,arroz
22.871625,63.255554,5.553531,maíz
26.912728,78.642889,7.118152,yute
21.930851,62.228459,6.345139,lenteja
20.046118,48.939056,4.567446,frijol de palo
30.410763,55.125192,5.612319,frijol moth
35.753648,92.503528,6.810413,papaya
29.996772,81.541566,6.112306,uva
25.331045,84.305338,6.904242,sandía
27.668252,87.212138,6.360051,frijol chino
24.712525,77.729311,7.979090,algodón
27.816290,92.634558,6.181592,melón
29.490892,69.098934,6.674598,lenteja
29.071753,80.310186,6.697478,frijol chino
27.762046,94.440275,7.171293,naranja
29.208967,86.723303,6.386359,frijol chino
19.851393,89.807323,6.430163,granada
24.853975,80.693980,6.187984,arroz
26.557513,53.582864,7.003421,café
27.615811,86.154550,7.028544,frijol chino
26.626369,66.893947,6.766278,café
30.522876,68.562194,7.775306,frijol urad
26.309635,77.016145,7.101724,yute
24.662073,59.570202,5.981255,frijol de palo
26.747281,89.703311,6.529978,sandía
31.154102,82.523715,6.057624,uva
23.762916,92.896351,5.951409,granada
33.652563,64.513858,7.768597,frijol urad
26.871870,61.613673,6.804254,frijol urad
26.820402,91.242448,5.537041,coco
31.265145,36.822269,5.642699,frijol de palo
21.166737,82.706003,6.235647,arroz
27.136636,81.407646,5.857230,plátano
28.139499,79.354641,5.677594,plátano
18.867680,94.998975,5.626589,granada
22.065924,91.199403,6.112368,manzana
32.512147,83.983517,5.586178,uva
19.485556,15.708862,6.139155,garbanzo
17.237609,81.701675,6.411402,uva
41.948657,81.541910,6.408707,uva
25.925309,93.332637,5.782344,coco
20.921921,82.013763,6.452632,arroz
29.480699,90.336987,6.640471,melón
24.238663,90.793718,6.706905,papaya
28.205980,43.567398,4.489546,frijol moth
18.921365,17.886495,7.956114,garbanzo
24.269835,86.334441,6.663684,sandía
29.495901,51.812564,5.230102,mango
21.210136,90.797591,5.639850,manzana
18.926603,63.285604,5.958624,maíz
25.771751,74.089114,6.524478,maíz
25.075635,80.523891,7.778915,arroz
20.243027,55.127576,4.662949,frijol de palo
25.312336,67.129139,6.063339,maíz
22.647348,90.116727,5.664417,manzana
18.927005,19.772108,7.441375,garbanzo
26.235343,84.229797,6.499642,sandía
23.781674,74.987987,6.667329,yute
24.543570,84.608083,6.211749,sandía
27.755370,83.396424,6.221365,uva
36.213388,36.975166,6.426466,frijol de palo
26.498758,51.353414,6.233237,café
25.217593,80.212056,7.817531,algodón
18.576401,66.688723,6.832935,maíz
21.733684,18.445736,5.958709,frijol rojo
20.784597,22.940746,5.964328,frijol rojo
25.213884,82.437078,6.311733,yute
29.659746,91.237540,6.724148,papaya
19.359590,18.301363,8.317372,garbanzo
28.253618,82.720115,6.445469,frijol chino
22.127871,90.876638,6.390943,manzana
29.572403,93.618703,6.559763,melón
27.187228,92.199068,6.137103,coco
24.581856,87.048309,6.078347,granada
19.335168,91.979789,6.361671,naranja
22.815405,92.478292,5.994953,manzana
19.196633,87.070393,5.739788,granada
31.324418,66.134779,6.318546,frijol de palo
18.914360,87.468116,6.570888,granada
25.051205,70.188387,5.742519,maíz
29.484400,63.199153,7.454532,frijol urad
13.094626,91.724016,6.185727,naranja
28.065427,93.522893,6.399527,melón
29.545325,94.559805,6.735642,melón
24.687768,85.774748,6.334381,sandía
29.534343,90.721357,6.735845,melón
22.705434,19.085439,5.693111,frijol rojo
26.162565,87.105572,6.123882,sandía
22.079409,79.130452,7.438821,algodón
29.956266,52.191408,5.159699,mango
23.354292,53.853447,7.159942,café
24.232058,84.793162,6.669125,sandía
19.812740,21.686486,5.756370,frijol rojo
18.271212,70.842430,5.572586,maíz
28.561498,83.638022,6.689825,frijol chino
24.194958,55.923027,6.995844,maíz
29.830993,47.912843,6.409385,frijol de palo
19.495273,18.617807,6.988574,garbanzo
22.522767,92.723094,7.039314,granada
27.548230,62.881792,6.123796,café
41.948657,82.859297,6.447164,uva
28.593376,84.345883,5.615253,plátano
29.387823,93.071952,6.568055,papaya
23.614177,77.361901,6.237262,algodón
19.031774,17.972642,8.080347,garbanzo
42.806262,90.041575,6.580922,papaya
33.242573,36.855439,4.548202,frijol de palo
10.895332,83.493206,6.182830,uva
22.404235,88.150834,7.199504,granada
26.104866,62.134011,7.015464,café
25.319046,93.148716,6.807097,papaya
22.982081,93.845050,5.971332,manzana
24.402289,79.197320,7.231325,algodón
24.799840,90.699080,6.721455,papaya
33.937060,53.307265,4.754621,frijol de palo
18.710663,20.496051,5.623800,frijol rojo
27.660226,48.188130,6.744979,mango
27.490600,89.996156,6.636293,frijol chino
26.948162,67.915421,7.371760,frijol urad
24.655526,85.885133,6.747435,granada
23.252782,94.250883,6.760168,papaya
22.003196,63.784849,5.591594,frijol de palo
17.180601,18.392617,7.802715,garbanzo
29.619428,82.997165,6.428060,frijol chino
30.032840,64.148005,7.574562,frijol urad
31.960190,45.483702,5.441924,mango
26.396268,53.068743,7.346347,café
26.291023,64.838442,7.493192,café
20.980091,22.689680,5.610324,frijol rojo
24.568112,92.030092,6.591303,granada
19.861736,86.197409,6.026999,granada
29.657723,78.503621,5.505394,plátano
24.428215,82.660460,6.717906,yute
24.972561,82.728287,6.476758,uva
23.286958,76.023858,6.927236,algodón
25.673242,51.290436,6.877799,café
23.812484,94.349990,6.077503,manzana
27.743376,62.098196,7.841496,lenteja
16.031141,22.507310,5.991649,frijol rojo
19.409189,43.569704,5.466308,frijol de palo
20.332286,82.815719,5.677273,arroz
22.613600,63.690706,5.749914,maíz
42.296578,92.887930,6.842134,papaya
33.249967,83.207986,5.843244,uva
25.223874,58.049052,6.077856,café
28.521922,65.369012,7.596426,frijol urad
28.303814,87.878747,6.332818,frijol chino
27.031240,90.862412,5.687220,coco
37.935784,94.553786,6.692625,papaya
26.475226,78.518338,5.677720,plátano
26.016303,49.947047,5.906597,frijol de palo
30.088636,49.074098,4.535843,frijol moth
28.849628,45.384418,3.835944,frijol moth
20.656918,15.845726,7.985417,garbanzo
17.238591,18.816023,8.747700,garbanzo
23.657241,84.476015,6.486068,algodón
26.036198,84.637708,7.003639,arroz
19.592210,61.286334,6.743980,lenteja
39.371026,81.253539,6.129813,uva
27.145232,64.397807,5.922191,frijol moth
28.598537,79.272267,5.694940,plátano
31.437645,68.734391,7.752564,frijol urad
25.569439,52.877494,4.495065,frijol moth
22.770764,82.599331,6.631005,algodón
18.508925,38.144400,4.995984,frijol de palo
42.712502,91.731010,6.739136,papaya
23.380824,91.052863,6.828639,granada
29.331151,93.021728,6.055574,melón
27.813269,62.504605,7.596802,frijol urad
26.313324,96.683595,6.348533,coco
28.523797,92.096884,6.041027,melón
23.522155,83.751003,5.416778,arroz
24.488084,90.836872,5.843005,granada
29.770131,66.293270,6.547362,lenteja
18.467410,80.992880,6.255850,uva
29.594623,46.929281,4.999510,mango
27.249026,99.981876,5.877026,coco
21.224164,19.655016,5.729348,frijol rojo
23.369487,81.326241,5.153165,arroz
39.980743,82.746045,5.555214,uva
23.037323,92.770752,6.415021,manzana
27.820828,52.496638,4.829878,mango
17.302879,15.154059,6.649196,garbanzo
25.599215,79.484647,6.245941,plátano
26.742671,57.117617,5.882459,frijol moth
22.355105,93.522119,6.010392,naranja
24.560117,91.505212,5.876938,granada
26.403232,81.056355,6.349606,arroz
29.622403,80.339483,6.497043,frijol chino
21.944339,91.482432,6.499227,manzana
36.567697,93.795034,6.867554,papaya
19.577699,16.831806,6.336804,garbanzo
29.930612,93.229809,6.448793,melón
20.596764,15.907660,8.016319,garbanzo
24.173697,84.468221,6.598428,algodón
29.428652,90.015064,6.566057,melón
30.072026,50.960405,6.107296,mango
26.351369,81.520639,6.338882,uva
30.487681,46.778107,6.998559,frijol de palo
25.471025,81.778262,6.095593,algodón
26.382979,40.696152,5.442777,frijol moth
22.910513,37.798047,6.919556,frijol de palo
28.599036,89.034333,6.237129,frijol chino
27.024151,94.759711,6.430050,melón
19.984640,89.679262,6.475997,granada
29.606036,66.445592,7.488054,frijol urad
23.157911,90.343969,5.731535,manzana
26.251027,86.695999,6.939538,sandía
23.305468,63.246480,6.385684,maíz
25.988873,94.523043,6.470466,coco
27.351106,54.439451,6.441328,mango
24.312745,53.572856,6.089444,café
19.207771,82.904284,6.484323,uva
22.885820,62.652440,5.622802,maíz
18.683400,83.604728,6.207496,uva
27.629755,61.260026,6.777418,café
32.380694,52.461415,5.846349,mango
24.015143,80.986344,5.181254,arroz
23.174033,87.882553,6.658770,yute
18.064861,65.103435,6.300479,lenteja
31.424309,62.968697,6.500145,frijol urad
20.977705,92.577630,7.148331,granada
24.930850,86.326614,6.207505,sandía
26.553718,52.382346,6.262677,café
42.304958,90.514318,6.931721,papaya
14.526907,80.089244,6.389425,uva
38.201682,93.973800,6.751299,papaya
34.718882,48.487874,6.393881,mango
29.148272,78.710248,6.390742,plátano
19.114669,81.100962,5.912455,uva
25.958467,89.535364,6.833387,sandía
18.315615,15.361435,7.263119,garbanzo
20.334803,19.969789,7.295085,garbanzo
20.109938,23.223238,5.595032,frijol rojo
26.500800,80.155136,6.995453,arroz
24.224876,74.894654,7.175171,yute
25.995358,89.794171,6.862540,sandía
29.067216,94.669423,6.687090,papaya
30.695828,90.352641,6.837316,papaya
24.154441,69.948073,7.058419,café
9.574350,83.428966,6.125906,uva
24.617571,82.741862,6.433127,uva
23.554186,79.716316,7.658832,algodón
24.064757,71.313429,6.509175,yute
25.125289,51.331894,4.516154,frijol moth
21.535741,71.509060,5.918264,maíz
28.917498,54.742205,5.357426,mango
26.544334,81.732635,7.855922,arroz
23.031473,93.936252,5.986586,manzana
29.318079,53.135629,9.693416,frijol moth
25.740547,81.162789,7.557294,algodón
27.832304,97.565814,6.470466,coco
22.505086,89.813808,6.479646,granada
18.794549,20.665657,5.683520,frijol rojo
24.323591,89.631339,7.123614,yute
22.234188,24.739824,5.852850,frijol rojo
18.408411,64.788863,6.472165,maíz
26.250972,98.928139,5.779032,coco
24.158229,75.804870,6.424429,algodón
33.423839,93.467945,6.730686,papaya
27.617603,76.650331,6.033127,plátano
28.982670,44.217501,8.898426,frijol moth
31.405155,50.129173,5.418357,mango
21.126956,63.187385,6.403684,lenteja
21.168615,90.845274,5.627268,manzana
22.643957,94.540736,6.208066,manzana
22.312537,90.035771,5.730557,manzana
35.684599,51.663314,5.382869,mango
11.238797,81.598733,6.166016,uva
22.566076,91.430768,6.032585,manzana
19.153290,35.277171,5.810628,frijol de palo
28.140369,45.581643,6.081098,frijol moth
29.625221,87.705906,7.199495,frijol chino
25.370241,64.307539,7.724575,lenteja
23.054558,94.633357,5.893075,manzana
25.485920,81.406335,5.935344,arroz
32.622526,60.143837,7.560143,frijol urad
21.192173,92.197248,6.263001,manzana
23.440188,81.812555,6.782243,algodón
23.711405,92.938984,5.576566,manzana
31.381986,63.081333,7.728907,frijol urad
19.570995,88.965964,5.635299,granada
25.709646,53.469539,7.191128,café
34.470796,92.827623,7.347057,naranja
29.868601,85.991279,6.401456,frijol chino
17.370495,91.667952,6.622398,naranja
29.082250,77.798033,5.666680,plátano
26.030973,91.508193,7.511755,naranja
26.720598,89.762581,6.513081,sandía
26.600309,67.982333,7.058125,frijol urad
26.150161,81.151544,6.322418,sandía
28.945434,92.079832,6.011454,coco
21.506899,93.598911,7.113027,naranja
27.543815,48.598825,6.412603,mango
27.101347,93.699799,5.551963,coco
24.628565,82.630421,6.482796,uva
22.531132,89.618749,6.370554,granada
28.935474,59.411224,8.416775,frijol moth
24.458021,82.748356,6.738652,arroz
19.727065,18.607577,5.803136,frijol rojo
19.131544,17.327695,6.601550,garbanzo
25.289361,72.154894,6.404681,yute
25.668431,82.014422,6.414532,sandía
23.616670,71.924963,6.598362,maíz
32.591399,60.972372,7.331517,frijol urad
20.420341,15.386782,5.988993,garbanzo
25.376402,76.022048,6.222516,algodón
29.525661,87.642011,7.173710,frijol chino
27.457229,58.031894,6.120565,café
18.295824,21.103388,5.509598,frijol rojo
26.094948,71.296750,6.416223,yute
25.977957,83.136810,6.224165,plátano
26.716729,56.822593,6.753973,café
26.583610,78.007748,6.310700,yute
35.241120,55.403055,7.193644,frijol de palo
27.471275,67.020539,6.652459,frijol urad
32.891203,68.562121,7.524216,frijol urad
30.236344,46.418749,7.803762,frijol moth
23.500320,74.573042,6.720992,yute
29.629726,92.793427,6.132975,coco
29.082539,82.941910,5.834303,plátano
25.595353,57.729208,7.101661,café
25.176888,85.452586,6.956509,sandía
20.368336,64.533626,6.620645,maíz
25.428673,77.626870,7.267779,yute
23.438217,78.633888,6.200672,algodón
28.659590,47.981587,4.726022,mango
25.490787,78.132716,6.454032,algodón
26.821167,87.412435,6.866851,sandía
33.886864,40.861393,7.445445,frijol de palo
21.859896,91.464127,6.480897,manzana
27.709083,63.484862,6.793244,frijol urad
28.884041,50.551793,5.459843,mango
29.651379,77.957099,5.813808,plátano
24.931623,92.357101,5.944558,granada
22.120213,90.478603,6.228922,manzana
18.588059,61.799327,6.655231,maíz
24.962732,91.674851,5.954800,granada
25.306536,75.569483,6.085807,algodón
30.746016,45.217413,5.595779,frijol de palo
23.177144,52.138640,6.959404,café
24.419919,82.724063,6.340908,arroz
18.147671,90.324972,6.913477,granada
23.875645,56.874457,6.422363,frijol de palo
28.275317,82.760208,6.397637,frijol chino
26.124922,63.374792,6.726529,café
11.985089,83.627546,5.639541,uva
22.976442,82.701799,7.630452,algodón
26.337496,52.610377,7.436866,café
27.050054,89.996156,6.711595,frijol chino
24.058543,79.829551,6.339806,algodón
17.121042,19.904359,5.517181,frijol rojo
24.910323,86.971900,6.237862,sandía
28.018878,92.041188,6.703899,melón
23.835095,83.883871,7.473134,arroz
19.112322,87.450266,6.586108,granada
8.825675,82.886952,5.510925,uva
29.030176,64.491666,7.475927,lenteja
30.189161,36.098579,5.394389,frijol de palo
24.795840,52.134267,7.224944,café
26.829429,89.544893,7.454417,yute
26.081254,78.811194,6.866512,yute
25.363847,73.720332,6.158321,yute
28.172051,81.476279,7.073156,frijol chino
27.042417,57.279275,6.501157,café
28.568406,61.532786,7.127064,frijol urad
21.258000,83.089509,7.262816,arroz
36.122688,91.392207,6.803490,papaya
18.227903,14.451648,6.606792,garbanzo
25.589966,94.964199,7.253711,naranja
29.273086,89.487502,7.073048,frijol chino
23.459427,76.280931,7.987048,algodón
27.502939,48.829214,6.737789,mango
27.426089,94.919195,6.703810,melón
28.993191,62.859482,8.183845,frijol moth
22.182102,24.591528,5.834174,frijol rojo
17.795537,81.109064,5.775471,uva
10.595560,90.416043,6.305132,naranja
26.070048,82.059924,6.109184,plátano
26.592478,82.473953,6.782171,sandía
29.005218,60.859995,9.145435,frijol moth
23.601849,81.229667,7.426634,arroz
23.392251,81.227973,7.445815,arroz
23.277691,91.331237,6.876990,granada
20.993319,19.565108,5.739500,frijol rojo
12.837052,80.057113,6.411962,uva
27.328352,66.517274,6.126166,lenteja
32.981665,52.323249,4.706063,mango
24.974921,88.410561,6.983031,yute
30.827976,90.477974,6.352125,naranja
27.661728,95.601129,5.864608,coco
28.130871,63.267950,7.683831,lenteja
22.643480,58.469002,6.964936,maíz
23.001630,77.343789,7.198021,algodón
24.536101,91.909972,6.488221,naranja
22.767277,80.105604,7.669323,algodón
24.875028,68.742483,6.265564,maíz
18.972592,63.068911,7.764657,lenteja
25.043079,95.519263,5.995718,coco
29.602273,56.805856,6.781518,frijol moth
24.234125,61.164608,6.454657,lenteja
35.990097,52.152198,5.409603,mango
25.436776,81.205109,6.617031,sandía
27.259418,95.487903,6.254115,coco
37.885173,91.475939,6.825615,papaya
21.719955,65.358621,6.033416,lenteja
31.026010,82.589951,5.595007,uva
21.543520,72.360835,5.947195,maíz
24.229847,67.377684,6.840928,café
28.295044,62.003007,3.643551,frijol moth
23.077434,92.803009,6.558430,granada
18.650541,17.808524,8.868741,garbanzo
22.768137,92.040692,6.463025,manzana
21.593430,20.318712,5.811314,frijol rojo
28.158996,93.007814,6.112100,melón
21.745343,81.058883,5.988812,arroz
27.459078,92.907365,5.836075,coco
28.407510,90.949832,6.166408,melón
24.128325,56.181077,6.431900,café
24.908240,88.485995,7.223066,yute
22.001952,92.991113,5.781403,manzana
19.769249,89.059505,5.791320,granada
26.412100,48.165439,3.711132,frijol moth
29.383640,64.497282,5.616075,frijol moth
33.501684,53.501567,4.765447,mango
17.959745,15.589074,7.684681,garbanzo
16.880410,94.897213,6.473739,naranja
26.186825,81.471865,6.118681,plátano
19.347489,90.113082,6.790876,granada
17.927151,15.444666,6.143808,garbanzo
29.136796,75.889273,5.838519,plátano
30.222080,60.468551,9.292454,frijol moth
31.961249,57.433866,6.341771,frijol moth
30.420121,93.126598,6.583529,papaya
28.732300,61.200199,7.697337,frijol moth
27.090622,81.335069,5.879119,plátano
23.857240,82.225730,7.382763,arroz
17.693819,18.796549,5.953822,frijol rojo
23.909064,68.182967,6.472237,lenteja
17.212226,16.085513,7.581421,garbanzo
24.405192,57.072351,6.013715,frijol moth
27.976712,92.762931,6.496696,melón
26.350149,81.975650,6.328208,plátano
23.094996,78.459597,7.095413,yute
34.126298,65.148775,7.733150,frijol urad
23.550628,72.079679,6.706940,maíz
24.315381,84.569260,6.918561,algodón
18.440537,62.847859,6.275028,lenteja
20.665947,82.004437,6.569071,arroz
28.596181,91.652758,6.626293,papaya
20.672817,81.353245,5.808807,uva
30.261503,34.343849,5.668183,frijol de palo
19.865395,16.640274,6.688534,garbanzo
23.641248,80.285979,5.012140,arroz
24.120721,83.817167,5.569276,arroz
27.227837,52.952618,7.493192,café
20.802077,91.327384,6.290043,granada
32.954322,93.541474,7.470078,naranja
27.053652,67.701753,7.393632,frijol urad
31.218074,45.897023,3.786303,frijol moth
25.381255,51.118535,6.181474,frijol moth
26.191784,84.472492,6.543568,sandía
27.862033,80.546136,6.865956,frijol chino
27.595495,58.086797,6.786050,café
19.920187,15.439231,8.178666,garbanzo
31.369687,62.299666,8.678979,frijol moth
25.117346,82.899995,6.656326,arroz
22.309837,88.525906,7.157148,granada
21.380815,92.907171,7.648294,naranja
14.358332,81.687834,6.499605,uva
22.486559,91.652648,5.710669,manzana
29.699523,95.212244,6.342464,coco
38.901608,91.399381,6.530949,papaya
18.012723,18.309681,8.753795,garbanzo
28.474403,66.566395,7.366665,frijol urad
29.815071,94.197022,6.261652,melón
26.170170,60.680110,6.232174,frijol moth
25.380422,87.924029,6.468053,sandía
27.292044,52.913454,5.546535,mango
28.181098,61.246470,7.531747,frijol urad
27.795784,82.888631,5.798891,plátano
29.238920,75.952655,5.825466,plátano
22.365659,84.397853,6.162965,algodón
24.607007,80.670960,5.714080,uva
22.082771,84.155385,6.196850,algodón
25.752120,80.888150,5.976468,uva
29.677166,66.245701,7.480517,frijol urad
20.931753,18.912954,6.456148,garbanzo
12.756796,81.624974,6.130310,uva
18.254054,55.282204,6.204748,maíz
25.693987,78.908979,7.260306,yute
32.765485,82.587050,5.955861,uva
31.716154,68.838711,7.329354,frijol urad
36.281362,38.061833,5.640289,frijol de palo
25.262057,88.996136,6.436713,sandía
23.552020,81.718837,6.782848,algodón
17.334868,18.749270,7.550808,garbanzo
19.344134,62.720556,6.655397,lenteja
28.443473,91.596784,5.560589,coco
24.872121,93.905601,6.676579,papaya
24.488323,80.803835,6.143114,sandía
12.124326,83.512649,5.934571,uva
8.825675,82.897537,5.536646,uva
30.267489,61.447572,6.634645,frijol urad
25.670287,81.970659,6.904132,arroz
23.768816,90.598103,5.798351,manzana
39.052330,91.161401,6.531774,papaya
25.498675,60.289187,7.435105,café
27.101753,95.162523,6.241252,coco
25.198443,91.671502,6.249753,coco
26.673772,52.242263,6.246872,café
26.557706,50.677485,7.140146,café
31.409488,49.217291,6.832980,mango
35.053507,48.735900,5.833642,mango
26.426196,81.296427,5.862745,plátano
23.168150,76.667250,6.508343,yute
25.965680,67.852442,6.404001,lenteja
24.688548,78.512070,7.839849,algodón
24.362735,87.559041,6.094638,sandía
38.462863,93.067528,6.977634,papaya
28.427052,91.182622,6.181519,melón
22.337149,81.204859,6.618547,algodón
24.615847,86.002626,6.304900,sandía
17.960645,15.469716,6.050249,garbanzo
24.115057,80.733317,6.192833,yute
20.288533,59.980052,6.015624,frijol de palo
26.278171,66.771496,6.277264,lenteja
24.805452,80.405083,7.707184,arroz
29.761871,49.458672,6.393030,mango
25.352821,84.739687,5.150227,arroz
22.205499,92.334030,5.847143,manzana
29.703161,94.474625,6.332524,melón
25.868583,94.873674,7.233335,naranja
18.915471,68.935037,6.697918,maíz
25.624306,60.547878,7.170230,lenteja
33.801142,49.069937,7.085613,frijol de palo
28.129715,93.321074,6.502675,papaya
22.637549,82.734564,5.712846,arroz
27.208510,52.242211,7.444605,frijol moth
22.197295,75.965281,6.188604,algodón
39.510218,80.869349,5.563058,uva
19.033064,91.863900,6.320690,naranja
31.532006,45.022364,5.702025,mango
30.258897,61.969382,6.598491,frijol urad
26.829173,78.914915,7.094980,yute
34.806560,83.247797,5.775392,uva
21.377847,92.720437,5.573241,manzana
12.017516,90.526515,7.144449,naranja
27.886481,83.494022,6.544198,frijol chino
19.153756,68.436512,6.138111,maíz
35.080818,46.038164,6.437189,mango
25.072155,71.867356,7.291829,yute
23.215470,18.792364,5.672661,frijol rojo
12.888879,81.661265,6.137772,uva
27.428002,99.981876,5.849987,coco
25.421344,80.899910,6.872187,arroz
22.675495,85.863494,6.299456,granada
43.138970,94.764529,6.725791,papaya
18.196782,62.249802,6.062030,lenteja
27.331629,82.476422,6.235275,plátano
24.994518,57.932502,7.162802,café
30.791923,90.248773,7.031569,naranja
27.413540,90.135672,6.381444,melón
23.860193,81.403214,7.472073,arroz
23.193053,62.747108,7.641024,lenteja
28.090031,98.267587,5.848949,coco
34.946616,65.043749,7.136925,frijol urad
30.054368,50.868847,6.747855,mango
23.526481,68.440307,6.743417,café
27.479983,95.769427,5.888343,coco
19.911575,86.057470,7.144021,granada
31.011693,46.295973,6.883297,frijol moth
34.519348,47.529800,5.921667,frijol de palo
25.044128,83.190321,6.333026,yute
17.766866,16.811482,8.277212,garbanzo
24.450859,80.334789,7.087843,arroz
23.352251,90.900547,6.071255,manzana
26.489668,80.862040,6.253049,sandía
34.243236,52.438694,6.537866,mango
18.596520,14.689341,7.100636,garbanzo
32.206392,50.783977,5.283613,mango
22.623459,77.657626,7.128549,algodón
25.220369,72.391079,6.391727,yute
25.009099,80.231937,6.317835,sandía
35.898556,54.259642,6.430139,mango
23.203632,74.863159,6.586005,yute
30.536843,59.966647,4.605701,frijol moth
30.987607,47.016324,4.866825,mango
18.492845,21.286614,5.516773,frijol rojo
22.319441,90.851744,5.732758,manzana
32.494768,94.660938,6.701605,papaya
19.745726,92.107292,7.848506,naranja
19.824395,86.589772,5.767135,granada
24.237443,80.939697,7.736937,algodón
24.802956,81.969736,6.371605,yute
28.996874,93.775342,6.499232,melón
28.147140,95.714216,5.695227,coco
27.912633,67.926579,7.034119,café
26.727388,94.351766,6.829987,papaya
23.569239,72.099368,6.074211,yute
28.885273,82.246701,5.894162,plátano
22.657738,83.453045,6.568955,arroz
23.636331,64.311348,6.767124,café
27.882168,54.212464,7.249327,café
24.984313,69.189722,7.023282,café
18.744083,24.552314,5.731067,frijol rojo
16.779845,24.450651,5.921323,frijol rojo
27.888594,97.544812,6.452851,coco
24.172668,74.829137,6.254424,maíz
28.983334,82.959582,5.829899,plátano
25.516185,94.334654,6.015672,coco
20.441402,15.211647,6.004544,garbanzo
20.631445,83.797734,6.962194,arroz
24.806250,82.092817,6.356296,yute
25.782985,82.097669,6.343042,yute
27.432498,53.031315,7.451611,café
25.949036,94.738605,6.470466,coco
15.555688,80.048712,5.815086,uva
24.929948,85.008024,6.195142,sandía
17.743802,18.144596,5.646333,frijol rojo
21.036527,92.009933,5.850459,manzana
15.748821,82.055902,5.681644,uva
23.136889,78.574656,7.002453,yute
29.908885,77.726081,6.261623,plátano
18.655801,16.177727,7.863114,garbanzo
25.773163,91.457389,7.572431,naranja
23.956106,77.452551,7.614228,algodón
23.024520,82.536325,6.312162,algodón
27.042247,87.524215,6.999257,frijol chino
23.650835,83.191724,7.829913,algodón
28.821796,94.224510,6.305000,coco
30.491838,90.458286,7.781989,naranja
20.188206,23.047645,5.598462,frijol rojo
28.164808,81.878360,7.047899,frijol chino
9.724458,83.747656,6.158689,uva
26.772147,68.522631,7.335240,lenteja
29.523417,91.047173,6.372002,melón
26.609538,40.077685,4.780788,frijol de palo
27.115653,91.546003,6.414064,coco
25.326888,63.181803,9.112772,frijol moth
25.567017,87.992460,6.183964,yute
29.107131,67.905774,7.176208,frijol urad
33.927095,93.249385,7.032524,naranja
25.447677,84.899326,6.772499,yute
29.937076,81.777135,5.898944,uva
31.734553,63.187493,7.750369,frijol urad
22.207010,93.505742,6.443383,manzana
21.658458,63.583371,6.280726,lenteja
29.180666,93.327085,6.338202,melón
33.546580,62.673054,6.587581,frijol urad
22.421386,91.213200,6.044754,manzana
31.135528,68.197250,7.699323,frijol urad
23.337654,50.483170,6.020947,café
30.097834,49.640991,6.483141,mango
24.547578,57.341448,6.436160,frijol de palo
23.122036,94.920481,5.881961,manzana
23.570589,84.733929,7.715525,arroz
26.353062,92.998274,6.758066,papaya
19.094282,87.732136,6.575400,granada
31.219275,56.468689,5.611511,frijol de palo
25.136865,84.883944,6.195152,plátano
25.659190,83.548940,7.168672,arroz
16.186431,24.361845,5.931223,frijol rojo
21.408658,83.329319,5.935745,arroz
27.826262,88.731002,6.320768,frijol chino
24.976372,84.445713,5.186640,arroz
23.094338,76.281890,6.557812,yute
27.313728,85.448152,6.568795,frijol chino
24.229838,55.295459,6.494469,café
24.282094,80.300256,7.042299,arroz
20.062942,56.177654,6.752402,maíz
28.130115,95.648076,5.686973,coco
38.988816,81.920513,5.984185,uva
30.157558,61.727594,6.617842,frijol urad
18.071532,68.324102,6.967836,lenteja
20.544060,92.519017,5.613403,granada
30.402898,94.565473,7.596017,naranja
24.329320,78.612906,6.214156,yute
25.432647,82.642507,6.850530,sandía
29.632105,65.913600,7.421608,frijol urad
23.297608,22.718334,5.938009,frijol rojo
22.927238,93.580663,5.855340,manzana
17.237983,20.721599,5.700872,frijol rojo
24.210783,77.500124,6.215813,yute
24.333961,64.913962,5.735555,maíz
26.773429,55.752954,6.148660,café
13.703192,90.955894,7.609348,naranja
25.837189,62.141217,7.082139,lenteja
19.386038,86.790585,5.767373,granada
23.183742,78.302447,7.126212,yute
23.212518,65.849747,6.352992,café
26.508411,67.797868,7.562955,frijol urad
9.660821,80.235137,5.979772,uva
26.352306,82.547891,6.475233,uva
25.105903,79.112561,7.405692,algodón
23.770321,92.949205,5.557956,manzana
25.793366,81.285965,7.534839,algodón
17.457102,16.952320,8.230383,garbanzo
23.595502,83.008128,5.302596,arroz
23.666821,93.901911,5.952368,manzana
18.653967,61.378797,6.656730,maíz
29.779059,94.272782,6.376448,melón
25.883608,87.278067,6.196731,yute
26.815303,61.672211,6.814561,frijol urad
25.010645,71.448740,7.343030,yute
31.692053,50.177372,5.405914,mango
26.673203,81.104589,6.261808,plátano
26.627905,95.707408,6.317854,coco
30.048422,42.988564,6.996147,frijol de palo
28.962579,44.592369,4.006777,frijol moth
20.081669,15.418123,8.240511,garbanzo
27.745028,55.622729,6.271906,café
22.334656,87.574196,7.168695,granada
22.480319,92.442966,6.104699,manzana
22.318719,83.861300,7.288377,algodón
22.155928,94.608608,6.049301,manzana
34.946616,63.961501,7.029365,frijol urad
27.005297,68.618042,6.713535,frijol urad
19.641104,19.455614,8.710216,garbanzo
20.751891,63.588687,7.147080,lenteja
23.779890,92.933869,5.893332,granada
29.239496,92.324200,6.281671,melón
25.169256,83.455407,6.856279,sandía
26.444019,93.305863,5.910583,coco
34.130722,51.257862,5.101206,mango
26.809713,63.511747,7.374483,lenteja
18.179123,18.904269,7.010571,garbanzo
25.156937,83.997409,6.779322,arroz
21.379137,20.944649,5.895241,frijol rojo
36.201410,80.662954,5.724587,uva
18.783596,87.402477,6.804781,granada
23.135598,21.910178,5.764220,frijol rojo
25.623753,80.122675,6.779384,arroz
24.740313,70.250928,6.637367,maíz
21.656357,57.540758,6.193978,maíz
26.396907,63.769604,7.037449,frijol urad
26.478488,89.157427,6.329554,sandía
21.330792,92.474509,7.106409,granada
25.772431,83.261800,6.345829,uva
24.778366,80.333276,7.739088,arroz
23.940694,86.287539,6.089980,granada
25.603648,94.727488,5.727461,coco
33.896230,53.908956,4.968549,mango
27.402739,53.977493,6.982042,café
25.294036,84.171926,6.439774,plátano
23.512487,82.362193,7.902197,algodón
21.154504,93.333872,5.615606,granada
43.458144,90.231713,6.954362,papaya
28.279737,90.389712,6.224535,melón
27.291257,90.768463,6.583353,papaya
21.184814,92.253424,6.239551,manzana
18.294935,90.970202,6.964396,granada
28.851371,81.943279,5.733164,plátano
29.199264,92.989875,6.112424,melón
29.055570,67.979635,7.155141,frijol urad
22.254966,90.508458,6.411407,naranja
26.382474,80.908413,6.370818,arroz
26.496810,66.399242,6.817633,café
27.539075,53.635495,6.797779,mango
20.517505,14.284739,6.656744,garbanzo
19.767423,94.881329,6.845850,granada
24.939196,89.187836,6.414579,sandía
29.871807,81.502925,6.105788,uva
22.630452,88.455772,6.397996,granada
19.800024,48.620891,5.392414,frijol de palo
31.043993,47.398787,7.126625,frijol de palo
32.717816,64.700513,7.667767,frijol urad
26.714460,83.621545,6.254041,sandía
20.030176,19.969789,7.351216,garbanzo
23.532331,55.406765,6.032067,café
19.276251,68.060940,6.195658,maíz
27.634010,81.968055,6.218924,frijol chino
29.737700,47.548852,5.954627,mango
26.283443,84.424789,6.520663,sandía
25.821152,93.831525,6.661800,papaya
18.623288,23.024103,5.532101,frijol rojo
35.391546,52.488231,5.061082,mango
19.666721,60.799290,6.767032,lenteja
21.797456,80.150393,6.494712,arroz
20.186494,19.637200,7.150681,garbanzo
26.006121,60.219816,5.994503,lenteja
23.657768,77.964594,7.215402,algodón
25.880884,93.893989,5.738546,coco
34.411643,53.703495,4.829360,frijol de palo
25.609301,83.733203,7.200499,algodón
21.801298,92.734467,5.554824,manzana
18.702121,18.989823,8.047457,garbanzo
29.471518,78.280021,5.827341,plátano
23.397809,82.347240,7.885676,algodón
20.123733,24.452026,5.783425,frijol rojo
24.144406,93.594100,6.488093,granada
24.305668,81.534118,6.773282,sandía
25.793416,78.280865,6.482923,algodón
22.962099,61.990920,5.592170,frijol de palo
31.493981,62.849169,8.869797,frijol moth
30.332766,42.352499,6.446092,frijol de palo
19.371011,15.774581,6.138244,garbanzo
25.252441,86.774808,7.096467,yute
26.523870,80.567368,6.258656,sandía
27.105468,96.789668,6.041447,coco
25.147063,62.694476,6.630645,café
28.029654,94.600595,5.928500,coco
27.415035,80.980047,6.913809,frijol chino
26.523297,77.173318,7.287319,yute
19.981867,34.654546,5.659476,frijol de palo
18.881215,19.924873,7.407386,garbanzo
25.300984,67.917883,6.846964,frijol urad
19.810694,88.929443,5.740338,granada
18.528984,16.377471,7.812841,garbanzo
19.505377,61.376706,6.712593,lenteja
29.390155,78.134289,5.807373,plátano
29.675541,69.647950,6.629231,frijol urad
23.010024,61.122461,5.883175,maíz
24.696791,85.396894,6.403572,sandía
27.685151,81.942686,6.227134,frijol chino
24.495890,86.816112,6.496813,sandía
33.187270,93.501138,6.905224,papaya
27.362329,88.723691,6.722458,frijol chino
23.815796,80.940236,7.161866,yute
35.990097,54.101048,6.394761,mango
28.113215,90.017345,6.387068,coco
26.233308,79.185445,6.059144,yute
40.150169,80.176975,6.499605,uva
28.842379,44.390534,3.884233,frijol moth
28.798562,91.971696,6.896347,naranja
29.364884,89.188695,6.679127,frijol chino
26.487003,93.623626,5.910110,coco
25.675641,78.362667,5.764475,plátano
23.077791,84.876690,6.902926,algodón
25.377068,93.740005,6.737666,papaya
33.967499,66.001124,6.877380,frijol urad
26.252060,84.946496,6.514823,sandía
24.905936,75.661262,6.793853,algodón
36.614531,57.909297,5.932791,frijol de palo
29.629636,93.654576,6.544225,melón
19.634817,24.942370,5.974317,frijol rojo
25.347561,93.028711,6.803095,papaya
23.834100,93.587383,5.730945,granada
21.413638,92.991245,5.878569,manzana
24.424175,88.604183,6.199266,yute
24.558306,54.135544,7.147134,café
28.286316,51.862681,6.455824,mango
29.951820,94.556944,7.457993,naranja
27.776888,80.934310,6.234078,frijol chino
24.491126,82.244158,7.057693,algodón
25.569120,81.196472,6.721173,yute
24.720157,84.876690,6.127086,algodón
22.908055,90.886527,5.612048,manzana
29.195855,68.019657,7.441977,lenteja
32.432879,93.323937,6.888471,papaya
29.428158,92.076791,6.470466,coco
29.805944,90.546073,6.202860,melón
22.986669,20.579406,5.916779,frijol rojo
22.763305,90.534639,5.647237,manzana
33.608606,46.303805,4.507524,mango
31.107215,49.873754,5.646831,mango
25.547599,91.641948,5.702485,coco
28.452607,59.330184,8.527315,frijol moth
32.760053,68.355273,7.255042,frijol urad
28.785054,82.983548,5.725496,uva
25.623067,76.127196,6.691452,yute
30.828844,33.287549,5.796272,frijol de palo
31.562533,35.641000,5.675688,frijol de palo
29.437572,92.650411,6.445884,coco
26.940721,95.829857,6.282350,coco
24.518654,93.796735,6.584872,granada
15.882473,81.328590,5.706184,uva
25.869351,86.475082,6.704597,sandía
26.259646,52.719811,7.441859,café
27.548346,51.634321,6.129718,frijol moth
33.446199,53.059805,5.339557,mango
34.715488,92.065192,6.653118,naranja
25.265660,92.885412,6.474386,naranja
25.350349,67.570137,6.362339,lenteja
23.250471,80.568667,6.380288,arroz
34.096539,92.055829,6.729546,naranja
28.947047,82.188900,5.901101,plátano
34.957964,38.529050,5.661107,frijol de palo
29.394521,86.318506,6.380828,frijol chino
25.224658,81.656104,7.417031,algodón
18.341895,15.607314,7.214052,garbanzo
24.932858,83.183259,5.842484,algodón
20.824771,84.134188,6.462392,arroz
25.934299,84.598852,6.058821,plátano
30.888831,52.626968,8.634930,frijol moth
29.748871,85.279238,6.803452,frijol chino
20.448342,19.072251,5.576419,frijol rojo
22.494234,91.885258,5.783657,manzana
25.197520,84.978492,6.217497,plátano
24.434384,50.998685,5.929390,frijol de palo
25.705666,82.899815,5.824556,arroz
23.568874,61.753232,5.834232,maíz
24.256086,64.693242,7.216423,café
28.941221,94.737967,6.287661,melón
26.147701,62.185647,6.922003,café
29.731959,93.818421,6.141714,melón
29.094813,93.738881,6.279777,coco
24.500626,91.068808,6.622020,granada
26.169859,71.962466,6.247040,maíz
26.256871,84.199524,6.536964,sandía
29.791811,63.387892,6.621324,frijol urad
33.503519,45.390472,5.986523,mango
19.020613,17.131591,6.920251,garbanzo
29.484537,61.675229,6.964667,lenteja
27.003155,47.467911,5.709810,mango
26.524089,54.537225,7.194041,café
31.387546,49.387626,6.758561,mango
23.761173,92.418722,6.693615,naranja
24.065647,90.771048,7.004664,naranja
18.718778,16.057453,7.630254,garbanzo
31.386480,51.968511,5.549227,mango
18.726514,66.001033,6.067561,maíz
19.936145,68.121887,6.755326,lenteja
24.214957,84.205770,6.538006,sandía
24.108240,75.956537,6.507114,algodón
24.448852,84.137308,6.395054,sandía
25.518273,81.328993,6.956509,sandía
30.351654,59.741930,4.471530,frijol moth
25.054251,60.086327,5.869681,maíz
25.832029,89.004817,6.755192,sandía
29.143050,49.409833,6.831707,mango
27.882191,76.880022,5.878076,plátano
28.027023,77.635853,6.352928,plátano
20.579819,65.345839,6.671086,maíz
31.662503,93.936440,6.010392,naranja
24.350316,89.450641,6.113741,yute
25.123159,83.809842,5.887147,algodón
21.841069,80.728864,6.946210,arroz
24.680723,48.339596,7.320756,frijol de palo
38.215158,91.135926,6.739571,papaya
23.656523,89.477490,6.218657,granada
25.181789,67.562611,6.814120,frijol urad
28.496167,92.054940,6.002927,melón
27.014704,84.342627,6.635969,frijol chino
28.576366,86.214928,6.855103,frijol chino
23.971461,90.210462,7.424739,naranja
19.968302,15.488828,8.185545,garbanzo
27.846477,92.559788,6.149173,melón
16.253370,91.759714,7.620112,naranja
24.809236,87.156735,6.777415,sandía
25.292501,75.666533,6.205264,algodón
19.136455,20.389624,5.624631,frijol rojo
28.775561,80.628536,6.731312,frijol chino
19.324137,16.857169,6.326359,garbanzo
20.371183,15.437875,6.007475,garbanzo
22.986475,81.880871,6.375402,algodón
23.940471,81.405643,7.365654,arroz
23.533714,77.217056,6.207652,algodón
24.962732,93.760205,6.291007,granada
36.649180,80.836231,5.802137,uva
30.098313,55.153402,4.635519,frijol moth
24.331679,80.611800,5.971802,uva
26.011911,63.284515,6.723035,café
28.479431,47.435748,4.750056,mango
16.553871,20.610407,5.601626,frijol rojo
19.648857,18.647293,7.085452,garbanzo
34.931742,30.400468,6.345806,frijol de palo
25.529517,82.640867,5.852494,uva
22.841167,62.790059,7.676827,lenteja
26.553283,91.419776,5.567518,coco
21.842890,92.652864,5.529223,manzana
22.331894,92.051657,6.247592,manzana
27.147961,93.035480,6.586055,papaya
26.838667,79.863953,6.970825,yute
27.044535,49.326096,5.490911,frijol moth
24.176502,70.882596,6.561642,yute
29.728875,95.073826,6.379760,coco
23.805938,92.488795,5.889481,manzana
27.739441,62.438558,7.572468,frijol urad
26.519176,77.956233,5.638111,plátano
25.807282,84.527024,6.079183,plátano
23.407674,78.797075,6.090327,algodón
23.860871,94.920481,5.765015,manzana
23.996862,92.355520,5.910835,manzana
17.536393,17.681976,6.877203,garbanzo
26.210552,86.524881,6.000976,sandía
28.073601,82.924708,6.520437,frijol chino
31.764399,90.521397,7.669375,naranja
28.876012,82.910729,5.855085,plátano
23.223974,83.033227,6.336254,arroz
27.926523,99.622790,6.409041,coco
11.503229,94.893318,6.946355,naranja
24.962732,94.015837,6.332806,granada
29.366993,91.819959,5.855940,coco
23.935043,67.536317,6.490356,lenteja
27.926107,78.840057,6.224582,plátano
26.138715,79.118894,6.067302,yute
23.533281,92.139639,5.679862,manzana
29.740981,64.149978,8.409338,frijol moth
26.700627,81.196341,6.936547,sandía
23.651676,94.505288,6.496934,manzana
23.630016,89.530383,6.154825,granada
26.929951,81.955496,7.093332,arroz
30.293757,90.467673,6.395572,naranja
20.401550,60.819916,6.868864,lenteja
21.666283,80.709606,7.062779,arroz
25.680154,82.195352,6.329854,yute
33.648685,45.630176,4.549171,mango
25.782228,82.221346,6.619665,yute
20.474641,82.933035,5.700742,arroz
25.065801,78.292892,7.497846,algodón
31.484667,50.788581,5.300437,mango
30.308222,49.057442,5.733224,mango
20.241049,91.087068,6.887006,granada
28.272468,84.813983,7.169540,frijol chino
26.842160,87.910582,7.468225,yute
29.380725,93.275657,6.366220,coco
26.902752,60.778590,6.472129,café
26.040313,96.940554,5.982440,coco
27.434630,67.152146,6.181393,lenteja
23.694640,90.501954,5.749600,manzana
28.212831,83.677994,6.622828,frijol chino
22.701098,92.257688,6.450943,manzana
25.045342,84.973932,6.170662,plátano
27.647526,93.939352,6.760096,melón
23.431292,80.498859,6.524067,arroz
18.497186,15.018762,7.187759,garbanzo
25.424593,64.067446,9.056827,frijol moth
32.298758,90.776137,6.921698,papaya
24.050904,86.321178,6.050063,granada
29.263829,54.822579,5.342866,mango
34.558214,61.341936,7.669646,frijol urad
24.828446,18.388126,5.502999,frijol rojo
31.350552,44.089143,7.097161,frijol moth
35.439798,49.342035,6.151127,mango
22.921571,94.896134,6.280223,manzana
28.436471,91.813207,5.568366,coco
19.667407,21.608253,5.955988,frijol rojo
22.809989,93.329683,5.900574,manzana
29.031572,91.821726,6.243674,melón
25.444566,80.963454,6.285873,sandía
24.659594,80.366594,7.700438,arroz
17.257695,18.749440,7.840339,garbanzo
22.787674,84.323972,7.109338,algodón
35.986330,37.520364,6.440249,frijol de palo
31.527118,36.237184,6.648571,frijol de palo
30.150605,46.050050,5.351668,frijol moth
18.689159,16.155081,8.094872,garbanzo
20.830145,14.258040,6.544451,garbanzo
26.104684,83.301196,6.209625,plátano
21.961173,59.213561,6.909244,maíz
24.043558,81.655458,6.904724,sandía
25.542107,61.716589,7.236394,frijol urad
29.858089,62.889013,5.716666,frijol de palo
26.904782,89.042252,7.419356,yute
26.855459,90.649662,6.856023,papaya
25.449842,97.026408,6.128769,coco
30.799411,46.478975,6.465198,frijol moth
30.161425,61.052181,9.504162,frijol moth
26.055475,80.233426,5.742906,arroz
34.524606,39.238030,7.409055,frijol de palo
17.178980,17.101599,7.862776,garbanzo
29.132725,98.581730,5.556971,coco
33.800200,40.032624,7.445445,frijol de palo
27.952353,60.998429,7.492746,frijol urad
14.388748,82.890327,5.629803,uva
24.306675,89.702095,7.070684,yute
28.929243,78.714318,6.416237,plátano
23.884048,86.206138,6.082572,granada
26.064110,82.346977,7.253006,arroz
28.378295,84.928459,7.160940,frijol chino
21.351357,22.912449,5.779090,frijol rojo
27.610099,67.511005,7.395230,frijol urad
26.421781,98.244342,6.020437,coco
18.712681,65.939478,6.055499,maíz
13.835987,91.372619,7.284063,naranja
27.071580,52.728956,6.043892,café
16.337510,82.885184,6.485835,uva
28.749984,80.446821,6.712959,frijol chino
27.770637,55.522222,9.348471,frijol moth
27.339005,67.279233,6.382192,café
27.679836,79.422121,6.490074,plátano
18.289976,17.058458,6.537797,garbanzo
23.270386,82.372520,7.868475,arroz
26.648018,81.072777,5.188821,arroz
12.346040,83.634860,5.955580,uva
19.541281,90.297518,6.902751,granada
27.965708,83.363464,6.204652,uva
27.139948,47.511014,6.360808,mango
26.369589,52.918152,7.012696,café
10.898759,80.016394,6.207601,uva
26.216676,81.010094,6.322817,sandía
25.147480,83.346882,5.565029,plátano
23.951513,87.531264,6.833120,yute
23.218438,88.129789,6.660740,yute
23.604692,76.946515,6.214202,algodón
23.114387,68.000960,6.703271,café
21.168420,91.743670,5.825429,manzana
18.977185,19.686086,8.428830,garbanzo
22.631186,80.019792,6.123657,algodón
25.135488,81.232054,7.280520,algodón
22.522538,84.240226,7.333279,algodón
24.492943,85.507086,6.753433,granada
21.213070,91.353492,7.817846,naranja
24.865163,89.386620,6.377462,sandía
24.043558,84.160328,6.451242,sandía
22.533719,92.500492,6.128797,manzana
22.201360,75.979019,6.097480,algodón
26.040585,63.418359,7.029177,frijol urad
28.415439,87.855849,6.606229,frijol chino
23.216256,87.984187,6.657120,yute
27.846602,88.325031,6.739250,frijol chino
18.634888,73.788574,6.057377,maíz
29.758584,82.754343,6.421824,frijol chino
25.524690,72.248508,6.002525,yute
21.130230,66.307532,7.011936,lenteja
25.168201,80.303518,7.884550,algodón
26.090533,81.918896,6.201726,yute
12.725556,91.846934,6.210731,naranja
35.649224,51.887547,5.359709,mango
27.021663,82.950719,6.210903,uva
26.198251,81.532385,5.574032,plátano
29.944139,67.434888,7.536525,lenteja
25.684378,61.498390,7.141308,lenteja
16.478883,19.292415,5.630533,frijol rojo
17.130038,16.266503,7.564194,garbanzo
28.575940,83.281966,6.905305,frijol chino
29.340336,90.015064,6.541150,melón
26.373973,84.172868,6.201397,arroz
28.842710,99.643285,6.218572,coco
34.026369,35.235332,4.548202,frijol de palo
31.220933,93.501367,7.472788,naranja
18.126205,18.424009,8.697755,garbanzo
23.184019,63.732525,7.208116,café
25.175014,84.978492,6.113377,plátano
19.656973,48.053483,6.348691,frijol de palo
29.690165,86.455203,6.635545,frijol chino
28.003160,78.900860,6.235462,plátano
24.266013,93.797406,6.537043,granada
19.273130,63.136565,7.784401,lenteja
41.948657,81.155952,5.638328,uva
18.393420,62.782527,6.006603,maíz
30.029718,51.079865,6.955778,mango
30.853647,40.563944,7.636552,frijol moth
33.170918,45.843104,6.917101,mango
25.443839,87.939231,6.472756,sandía
21.126199,90.288614,5.913085,manzana
25.047469,85.566728,6.932537,sandía
25.685767,69.843540,7.121255,frijol urad
29.088304,95.278846,6.160434,coco
29.468728,87.327029,7.012923,frijol chino
28.204538,92.946292,6.096166,melón
26.417683,63.646983,7.026795,frijol urad
28.247258,81.552303,6.158073,uva
15.435461,18.374779,5.607808,frijol rojo
20.885978,82.611661,6.228468,arroz
17.258821,20.328189,5.507708,frijol rojo
25.425170,53.220827,4.523636,frijol moth
23.112182,92.691486,6.377254,manzana
30.891706,49.980703,5.694988,mango
31.465113,51.799394,8.985348,frijol moth
16.336492,24.969699,5.572695,frijol rojo
29.074127,93.271891,7.365492,naranja
29.042655,75.988750,5.778067,plátano
27.773633,64.478587,6.937353,café
39.038998,91.533077,6.970542,papaya
28.466168,91.299631,6.140947,melón
26.275222,73.479592,7.137525,yute
29.589490,68.321768,6.928899,frijol urad
29.669208,94.718459,6.310408,melón
26.469323,98.372182,5.971611,coco
26.784227,78.266285,7.082147,yute
27.334840,45.706910,4.907850,mango
25.785445,75.005393,7.641117,algodón
29.083308,92.814457,6.370361,coco
29.530376,86.733460,7.156563,frijol chino
25.178853,68.933073,6.548035,lenteja
23.870631,75.269179,6.898781,algodón
25.721800,81.196662,7.569455,algodón
25.959383,83.413025,5.840679,arroz
17.411587,14.762698,6.679047,garbanzo
26.265728,82.493748,6.303521,plátano
26.825709,51.928242,6.218653,café
19.153428,92.074718,6.374322,naranja
29.642572,86.617131,6.605189,frijol chino
23.488580,91.772821,6.271040,manzana
26.502637,83.738752,5.905593,plátano
26.570932,80.887029,6.235520,plátano
23.446138,80.015631,7.294263,yute
18.274149,72.606745,6.356424,maíz
27.465836,94.876790,6.440585,melón
17.871949,17.739788,7.688572,garbanzo
25.372256,80.790705,6.679821,sandía
23.761218,93.661643,5.965551,manzana
26.778714,67.496400,6.228812,lenteja
28.698181,47.718757,4.754435,mango
26.929097,99.837623,6.322871,coco
41.193218,92.966203,6.548341,papaya
29.897083,77.047285,6.252175,plátano
30.912195,68.794274,7.747775,frijol urad
28.079565,90.075058,6.414213,coco
20.073113,80.145865,6.810883,arroz
28.378988,88.369912,7.158818,frijol chino
33.029545,83.862903,5.888284,uva
28.325673,96.913938,5.975831,coco
24.818841,72.194631,7.246852,yute
22.237370,22.761155,5.966739,frijol rojo
16.444248,24.324572,5.906616,frijol rojo
22.487201,89.922488,6.553510,granada
20.263144,91.017493,6.345880,granada
30.028548,50.964871,6.190551,mango
28.129817,95.970588,5.702668,coco
25.825289,91.901706,7.370119,naranja
24.795552,74.640589,6.679328,yute
11.108274,80.101389,6.215845,uva
26.683232,89.409847,6.495266,sandía
26.093295,83.928397,6.253810,sandía
19.784307,86.036044,5.956942,granada
29.248170,92.861338,6.054761,coco
29.622909,63.383576,7.416338,frijol urad
29.460631,64.151358,7.369734,frijol urad
23.292503,50.045570,6.020947,café
22.465560,94.799237,5.573664,manzana
29.548947,47.509592,6.033594,mango
25.226956,45.645160,9.014347,frijol moth
25.784132,87.723888,6.699156,sandía
23.661060,77.891165,6.168591,algodón
34.738239,49.088643,5.855119,mango
19.151307,68.807720,6.193248,maíz
25.788538,81.939101,6.293810,sandía
29.463217,83.600271,5.806836,plátano
23.106283,93.716218,6.840744,papaya
28.995183,81.939578,5.881399,plátano
29.337434,49.003231,8.914075,frijol moth
27.259433,53.999533,5.682837,mango
18.411644,91.119272,6.101199,granada
21.631628,60.277664,6.430616,maíz
28.912915,69.725652,6.295917,lenteja
25.007421,44.623214,4.882567,frijol de palo
19.829513,81.075733,5.979989,uva
23.591382,50.511079,4.722850,frijol de palo
36.977944,37.739929,5.642813,frijol de palo
22.233243,62.145002,5.667696,frijol de palo
20.226698,23.191231,5.869395,frijol rojo
33.475114,52.914374,6.431215,mango
24.235908,53.664860,6.100134,café
26.722107,92.888238,6.440295,coco
17.661482,18.153028,5.635232,frijol rojo
35.412675,48.966901,6.914798,mango
24.605322,73.588685,6.636803,maíz
28.590524,91.336172,6.094016,melón
33.815232,45.441910,6.846920,mango
10.356096,93.756520,7.796034,naranja
27.853168,95.429375,5.551591,coco
26.597165,61.681040,6.254893,frijol moth
31.936362,51.334417,5.254272,mango
19.650348,18.679758,7.139152,garbanzo
29.134638,62.175393,6.985768,lenteja
10.013721,90.109931,6.189337,naranja
23.454069,82.327446,7.904397,algodón
18.228655,19.173725,5.713021,frijol rojo
28.740133,93.396765,5.620734,coco
19.595699,67.566669,6.743972,lenteja
30.020862,46.783938,4.669108,mango
33.836463,69.961000,7.446158,frijol urad
22.967007,92.341255,6.241765,manzana
24.977457,78.129127,7.478935,algodón
29.075142,90.627812,5.960882,coco
29.250543,54.644606,5.384971,mango
20.336911,89.380038,5.841367,granada
24.102477,84.447429,6.756719,algodón
24.657878,55.665019,6.226957,frijol moth
27.790586,60.977073,7.470335,frijol urad
28.933755,77.922489,5.690923,plátano
24.611620,82.793747,6.215398,sandía
26.202903,93.120766,6.574657,papaya
31.464179,48.176315,7.064973,frijol de palo
18.839291,14.740719,7.811998,garbanzo
26.396924,84.452314,5.767255,plátano
22.594635,92.376033,6.113770,manzana
17.657497,18.092240,5.638122,frijol rojo
42.846093,94.635482,6.691202,papaya
31.745921,45.161279,5.667508,mango
21.573228,83.259637,6.008976,arroz
26.614011,80.907940,6.912257,sandía
29.101310,88.337218,6.542558,frijol chino
26.592043,82.190328,5.898008,arroz
31.222307,82.500372,6.114036,uva
25.374099,81.315840,5.817539,plátano
23.090807,66.308512,6.775499,café
22.631772,77.233071,7.248313,algodón
19.388640,83.532077,6.233978,uva
27.290357,90.533301,6.130160,melón
23.108627,22.263507,5.837060,frijol rojo
29.878546,65.730852,6.950301,lenteja
24.654258,75.635071,6.307586,algodón
28.654563,79.286937,5.695268,plátano
28.054578,94.816374,6.327210,melón
26.224706,61.554836,7.007299,café
20.368045,62.624946,5.828835,maíz
29.288856,45.258639,5.333658,mango
28.717643,65.310934,7.575575,frijol urad
29.024848,92.221242,6.373306,melón
16.929280,94.891362,6.351332,naranja
29.873311,90.609325,6.186770,melón
24.021066,80.094235,5.975258,uva
34.108065,49.422492,7.163870,frijol de palo
29.981469,53.449723,4.978269,mango
19.671999,89.860898,6.933250,granada
22.022246,24.969699,5.874557,frijol rojo
28.751062,82.854000,5.725156,uva
27.163461,64.031060,6.163258,lenteja
20.191378,16.419983,8.719961,garbanzo
25.171826,83.681941,5.729998,plátano
22.837382,61.929905,5.654445,maíz
29.250965,76.743822,5.644742,plátano
20.642152,19.969789,7.625348,garbanzo
24.865608,78.220808,5.983076,algodón
34.645541,54.323425,4.828936,frijol de palo
20.250116,91.109251,7.835296,naranja
22.113248,91.369610,6.743635,granada
24.796912,88.536812,6.581604,sandía
28.033065,91.473558,6.274453,melón
27.833625,90.784026,6.269216,melón
25.597049,80.145093,6.903986,arroz
29.541381,91.206710,6.366581,melón
24.023348,83.968179,7.513700,arroz
20.768230,81.005209,6.467071,uva
25.622168,67.931066,5.645443,maíz
21.874502,65.757610,6.242575,maíz
29.943492,93.797464,6.242056,melón
26.637106,95.951905,6.272451,coco
30.018213,50.098318,5.676033,mango
25.208288,77.717443,5.949743,algodón
20.675265,19.853890,7.599033,garbanzo
24.234544,87.906392,6.514909,sandía
20.261304,82.056812,7.139882,arroz
29.226150,87.332397,6.445994,frijol chino
23.431016,93.350623,5.831396,granada
22.435902,80.186121,6.329500,uva
26.692497,87.386687,6.857279,sandía
18.515755,62.725145,6.295091,lenteja
29.376875,57.696229,6.878498,frijol moth
25.451907,94.257110,5.728151,coco
34.724132,51.427178,5.161149,mango
29.026015,45.395454,5.279187,mango
24.334673,81.682921,6.800688,sandía
19.201294,68.305790,6.112751,maíz
23.048716,93.576773,5.875190,manzana
23.133388,91.946703,7.639788,naranja
20.179666,24.814564,5.670871,frijol rojo
23.305539,61.602390,5.620256,maíz
25.582703,93.562625,6.732985,papaya
26.707913,83.112017,5.734658,plátano
14.854873,80.049776,5.858411,uva
26.786571,57.405469,6.360200,café
27.024151,91.246522,6.367148,melón
27.148625,84.785709,7.161103,frijol chino
30.334997,63.547189,6.872594,frijol urad
21.108262,93.701026,6.030951,manzana
25.202642,83.815064,5.714656,plátano
29.127947,80.484874,6.688222,frijol chino
23.568699,83.664649,5.484171,arroz
23.094338,74.880809,6.301967,yute
12.295638,91.719356,6.154017,naranja
29.892110,93.236052,6.429204,melón
42.969897,90.114652,6.612176,papaya
15.649283,21.038026,5.502999,frijol rojo
25.898804,68.445275,7.504165,frijol urad
22.852674,94.576458,5.935336,manzana
33.803987,46.128661,4.507524,mango
31.303851,92.768311,6.327174,naranja
23.774350,77.795567,5.999155,algodón
24.584531,79.124042,5.947449,algodón
22.535105,67.992575,6.489040,maíz
17.223415,20.394524,5.850017,frijol rojo
22.866110,93.223487,5.764402,manzana
34.085112,93.052445,6.981341,papaya
24.034834,56.699788,6.510571,frijol de palo
29.363587,64.987429,7.366543,frijol urad
23.656300,77.524260,7.294219,algodón
29.120739,79.991439,5.929892,plátano
23.029971,83.375393,7.066127,arroz
28.145855,62.293348,8.340796,frijol moth
21.728024,65.458546,5.950481,lenteja
24.650902,51.939524,7.027586,café
28.134784,66.062421,6.481392,lenteja
30.086498,91.333838,6.761724,papaya
21.155385,80.645661,6.386666,uva
24.784707,56.914399,7.274793,café
18.737689,87.545934,6.570825,granada
32.187755,52.218690,5.865859,mango
18.202304,91.122822,7.013482,granada
27.559386,77.077922,6.036776,plátano
21.567664,93.534823,5.747080,manzana
21.986058,59.760500,6.742846,maíz
13.077102,81.103384,6.403832,uva
24.659178,56.038093,5.787719,maíz
30.325652,60.151416,7.524775,frijol moth
21.566090,69.923759,6.645744,lenteja
30.051675,50.132184,5.082931,frijol moth
29.012077,77.951925,5.674403,plátano
10.007642,82.886509,5.572643,uva
27.928297,45.901437,5.670020,mango
29.567736,88.151290,7.185618,frijol chino
26.090504,84.134037,6.288610,sandía
24.053145,80.884873,6.033326,uva
24.336671,94.012780,6.692475,papaya
42.314719,94.944821,6.649068,papaya
28.804945,94.836310,6.296422,melón
30.734580,63.682620,3.504752,frijol moth
21.396719,80.239373,6.349666,uva
26.929951,81.904868,7.122104,arroz
28.851949,94.854263,6.301899,melón
27.893472,83.639191,6.347891,plátano
25.837200,70.845206,6.835824,maíz
26.746142,67.015095,6.785752,café
29.374738,90.015064,6.563693,melón
28.814607,65.335381,7.581443,frijol urad
26.244667,71.420888,6.966978,maíz
17.511464,93.181303,7.202260,naranja
28.008042,61.363591,7.557653,frijol urad
27.495513,94.225029,6.768503,melón
23.281682,81.939948,6.074784,yute
29.129395,88.483126,7.085982,frijol chino
23.210439,73.381852,6.447841,yute
23.325013,79.796094,6.581694,yute
19.803594,17.409254,6.710719,garbanzo
20.853088,91.290677,7.824430,naranja
24.094248,90.365696,6.671760,granada
25.605513,60.998266,7.220317,frijol urad
24.879920,73.844379,6.643280,yute
27.390277,85.282861,6.580377,frijol chino
21.847504,63.395574,6.721096,lenteja
29.691101,54.401102,4.558326,frijol moth
26.985822,89.055879,7.432768,yute
31.670555,66.424511,7.606996,frijol urad
25.735429,83.882662,6.149411,arroz
24.825228,89.388337,7.109331,granada
25.031496,82.212766,7.954629,algodón
25.324571,80.460011,7.965731,algodón
23.286172,81.433216,5.105588,arroz
33.010963,68.226848,7.202992,frijol urad
26.020762,93.744275,5.842486,coco
28.206194,92.867987,6.447663,melón
38.620828,91.149767,6.530537,papaya
33.214912,66.807753,7.553229,frijol urad
25.602296,91.146961,5.692594,coco
21.304821,62.394214,5.922574,lenteja
31.969879,57.173770,6.276004,frijol moth
22.387559,94.624811,6.003658,manzana
24.662247,82.077211,5.005307,arroz
24.962732,92.270353,6.479559,granada
27.574447,58.319611,6.781169,café
27.976087,62.239804,7.644039,frijol urad
28.459967,88.133472,6.470449,frijol chino
27.542920,94.962187,6.439299,melón
26.593902,82.976110,6.049657,yute
28.397795,81.381914,5.780889,plátano
29.365784,79.827317,5.902188,plátano
23.451007,68.794650,6.731679,café
28.231667,65.571424,6.500839,lenteja
30.603449,50.591540,8.163667,frijol moth
34.514651,93.638127,7.163246,naranja
23.409815,93.132770,6.749260,granada
21.221485,65.353422,7.415592,lenteja
22.896230,82.741639,7.670384,algodón
24.060413,93.650732,6.573387,granada
25.451698,61.039146,7.161929,lenteja
18.283368,21.094289,5.518791,frijol rojo
19.740160,57.625808,6.607865,maíz
24.257652,79.052170,7.231539,algodón
23.787096,24.356793,5.948164,frijol rojo
25.008724,95.846624,5.980559,coco
18.541418,62.706376,6.296977,lenteja
22.994520,66.708972,7.670178,lenteja
22.148943,87.891828,7.184108,granada
24.359238,73.548319,6.232977,maíz
23.336989,94.105853,6.749952,papaya
22.410188,91.251611,6.022853,manzana
24.385346,64.725431,7.234258,café
24.332882,91.114634,5.727609,granada
27.897149,92.822018,6.478226,melón
20.390783,60.475289,6.924042,lenteja
26.030270,69.558631,7.393211,lenteja
21.207608,82.734124,6.150383,arroz
35.236831,48.162432,6.242677,mango
32.259302,51.008325,5.330531,mango
30.279432,51.274353,6.805032,mango
27.224654,90.616514,6.121745,melón
28.234161,49.442135,5.902103,frijol de palo
23.000538,24.009171,5.842964,frijol rojo
28.357507,91.645093,5.542874,coco
26.045144,81.231202,6.226844,yute
35.038959,93.660047,6.584524,papaya
24.856129,84.822564,6.731812,sandía
30.608646,90.319063,6.342781,naranja
19.134577,62.575269,6.590571,lenteja
29.494014,94.729813,6.185053,melón
21.119036,80.633992,6.349876,uva
20.978228,64.035016,7.268176,lenteja
35.332949,92.115086,6.560743,papaya
18.212264,71.125133,5.630192,maíz
29.693649,83.321651,6.048913,plátano
43.080227,93.903057,6.542777,papaya
31.860071,90.655326,6.289443,naranja
24.606691,83.791580,6.402891,sandía
31.240217,56.673691,7.339321,frijol de palo
21.497420,92.512726,6.187637,manzana
18.890203,19.614379,8.436398,garbanzo
28.847824,92.226332,6.019249,coco
24.840167,68.358457,6.472523,maíz
36.905431,80.521892,5.779300,uva
23.347684,67.200139,7.095643,lenteja
24.962732,92.405014,6.497367,granada
28.160273,94.804299,6.344724,melón
21.746001,63.395032,6.765091,lenteja
30.321846,47.462162,7.780697,frijol moth
23.721802,83.182973,5.578308,arroz
33.936552,50.687745,6.093575,mango
27.615626,99.082868,6.412668,coco
28.671432,92.939136,6.100410,naranja
36.020467,33.262631,5.619812,frijol de palo
31.623440,92.949964,6.501521,papaya
17.917705,19.110068,8.621558,garbanzo
18.868832,93.246881,6.157135,naranja
25.490724,83.137154,6.956509,sandía
27.147954,93.389014,6.781050,melón
26.770267,65.767943,7.018529,frijol urad
28.252450,86.069099,6.842809,frijol chino
18.700240,17.634810,7.927250,garbanzo
23.348931,54.705240,6.020947,café
29.077748,93.927679,6.195665,melón
28.234947,61.562052,3.711059,frijol moth
29.334417,46.577673,6.298513,frijol de palo
24.972248,64.956732,5.692652,maíz
27.509361,94.008218,5.564333,coco
19.120652,18.434758,6.620901,garbanzo
27.691860,53.833495,6.729913,mango
22.000851,84.499054,6.056378,algodón
26.676548,92.577133,6.405795,coco
25.107874,55.977328,5.790770,maíz
21.930851,63.783642,6.162296,lenteja
32.500375,93.478888,6.893509,papaya
18.410846,36.137522,6.591485,frijol de palo
26.701019,81.220544,5.982662,arroz
32.208211,81.086936,5.702478,uva
28.370108,55.901198,7.370637,frijol moth
25.235961,57.902536,6.037623,café
15.717126,23.756612,5.695423,frijol rojo
25.921178,81.409961,6.223673,yute
31.264641,94.825597,6.608591,papaya
25.033002,79.043687,7.393441,algodón
20.906112,90.734868,6.251415,naranja
32.237978,90.154068,6.460045,naranja
25.366173,81.973727,7.386612,algodón
30.848350,92.867737,6.388617,naranja
38.868840,94.212013,6.587687,papaya
15.621738,21.405200,5.834738,frijol rojo
30.306292,46.167584,5.337753,frijol moth
24.146426,81.435587,7.438761,arroz
30.581395,50.771481,8.184229,frijol moth
23.042910,22.426110,5.833940,frijol rojo
16.362519,83.004716,6.487546,uva
26.699909,84.650527,6.184420,sandía
20.534658,81.601578,5.897157,uva
25.711185,61.285745,7.232133,frijol urad
27.517672,55.040195,7.021849,café
27.290580,83.103922,5.807855,uva
22.056525,79.319779,7.331781,algodón
20.325703,62.396455,5.867580,maíz
23.093085,82.897638,7.177065,algodón
25.567483,60.492446,7.466901,café
28.174587,83.696593,6.770955,frijol chino
38.292303,94.709551,6.567814,papaya
27.045142,52.755737,7.728856,frijol moth
17.986678,81.177121,5.777271,uva
19.486753,69.392659,5.803916,maíz
25.866237,66.289394,6.027827,maíz
25.985888,59.563590,6.171973,maíz
26.324269,80.293026,6.095994,sandía
21.195022,19.699661,5.718271,frijol rojo
20.594129,56.284728,6.713869,maíz
23.921536,76.875095,7.641498,algodón
28.252030,80.906829,6.810938,frijol chino
40.287445,94.615863,6.982916,papaya
31.085650,66.688330,6.242052,frijol de palo
20.568496,46.924777,5.307185,frijol de palo
27.500485,55.837002,6.284231,café
25.868248,78.523999,5.740555,plátano
25.937302,78.898644,5.915569,plátano
28.315264,64.020602,7.016263,frijol urad
27.777010,90.341442,6.754850,melón
29.848231,60.638726,7.491217,lenteja
29.238312,91.089381,7.124714,naranja
20.122015,56.878205,6.686554,maíz
30.167238,48.597678,5.708814,mango
31.455586,54.620905,6.866969,mango
24.406380,88.585168,6.198768,yute
26.395964,84.699675,5.693004,plátano
19.532755,66.642102,6.082264,frijol de palo
23.786452,91.578044,7.588107,naranja
24.885439,84.529930,5.175661,arroz
20.906556,90.992571,6.217641,granada
29.955821,50.948704,6.150425,mango
28.101573,44.211102,4.558093,frijol moth
24.705284,90.147322,6.676407,papaya
19.398102,89.393081,6.631397,granada
27.988821,65.088808,6.782731,frijol urad
41.365449,81.157827,5.637472,uva
28.155987,94.816265,6.326977,melón
22.201898,82.344636,6.427916,uva
29.850094,93.323069,6.078305,melón
33.311556,93.088523,6.987826,papaya
26.071376,88.728566,6.467096,sandía
23.138020,76.661013,6.492379,yute
28.547183,93.583160,6.525834,melón
27.431249,56.711685,6.095078,café
24.863749,65.742005,5.714800,maíz
18.050130,66.212900,6.824012,maíz
23.165099,80.615182,6.376075,arroz
27.876865,88.689422,6.812608,frijol chino
29.505230,35.720325,6.216814,frijol de palo
20.365424,16.441143,8.112036,garbanzo
27.509384,94.610071,6.327342,coco
33.046880,68.938756,6.690655,frijol urad
27.468535,81.520476,6.461458,plátano
25.693343,60.805205,7.246080,frijol urad
29.504488,63.175745,7.456371,frijol urad
24.225882,76.532355,6.334968,algodón
27.232256,54.155739,6.369600,mango
18.716918,16.108592,7.873305,garbanzo
18.827427,59.679821,5.044782,frijol de palo
28.000755,91.700835,6.571322,melón
32.747739,67.779546,7.453975,frijol urad
29.434991,94.630164,6.687872,papaya
17.609554,15.978637,7.221599,garbanzo
26.126815,57.526941,6.168550,frijol moth
22.333398,80.331559,6.393614,arroz
32.610737,68.914609,7.532357,frijol urad
21.032001,92.964197,7.684420,naranja
27.584368,86.023788,7.195526,frijol chino
26.461071,83.871021,7.582811,arroz
11.160587,91.364037,6.818081,naranja
24.944880,66.891209,6.343089,lenteja
25.540950,90.574730,6.646233,papaya
26.736908,87.824302,6.747538,sandía
31.634699,53.138117,5.808794,mango
25.804639,50.565694,5.924550,frijol moth
20.712193,19.836433,6.317153,garbanzo
25.669011,92.046708,7.408939,naranja
17.681767,19.330298,8.611259,garbanzo
23.513375,21.915530,5.738046,frijol rojo
18.327547,81.158411,5.966745,uva
18.729877,61.331862,5.001039,frijol de palo
23.104170,61.263995,6.015095,maíz
27.284273,66.850827,6.878542,frijol urad
24.591643,56.987332,7.309457,café
29.965655,45.757819,5.470281,frijol moth
17.616577,14.585933,6.567512,garbanzo
25.979490,64.955854,4.193189,frijol moth
20.120043,22.898456,5.618844,frijol rojo
25.035124,95.897400,6.182233,coco
31.724212,91.353396,6.516059,papaya
43.073964,93.552577,6.919450,papaya
26.331302,57.937625,7.297028,café
25.978258,81.657696,6.235358,yute
24.214056,87.683261,6.059143,sandía
29.631090,95.830204,6.082891,coco
17.887765,15.405897,5.996932,garbanzo
19.203288,87.384673,7.051499,granada
31.533532,91.035702,6.474189,naranja
23.620710,60.974493,5.592390,maíz
37.838501,90.460236,6.968858,papaya
24.515881,83.535216,6.685346,arroz
24.622404,66.882307,6.398870,lenteja
27.910952,64.709306,3.692864,frijol moth
30.939491,47.091086,9.426174,frijol moth
29.916383,94.199627,6.131894,melón
24.304441,89.862454,7.084486,yute
27.223035,95.328902,6.223396,coco
24.322517,65.581243,7.270731,café
23.208921,85.838140,6.509787,yute
24.244982,90.811609,6.884982,naranja
24.724856,85.560832,6.728599,granada
24.905520,64.675222,7.238189,lenteja
23.153704,81.723642,5.005307,arroz
24.617599,56.184438,7.284677,café
25.971154,77.127093,7.412542,algodón
28.010680,76.528081,5.891414,plátano
28.757518,61.027015,6.599147,frijol urad
36.488353,91.826325,6.567757,papaya
15.574628,23.912296,5.679501,frijol rojo
19.464546,15.983090,6.645764,garbanzo
29.398860,78.297619,5.797833,plátano
26.506869,92.732567,6.569685,papaya
26.053074,96.750195,6.003630,coco
24.633460,78.438709,7.788928,algodón
28.282597,64.241790,6.994572,frijol urad
35.201394,37.961476,5.148100,frijol de palo
26.924953,42.233829,4.744099,frijol de palo
22.435426,84.614023,7.420139,algodón
18.607212,62.680931,6.475404,maíz
22.127729,82.652202,7.064147,algodón
27.968723,92.174448,6.010740,melón
28.691805,49.472254,5.833032,frijol de palo
27.417112,56.636362,6.086922,café
21.346816,20.390169,5.907684,frijol rojo
21.269532,66.401911,7.376101,lenteja
22.909319,93.187184,5.852261,manzana
24.774645,85.636087,6.738994,granada
25.850370,81.955805,5.793260,plátano
23.328702,71.968525,6.650830,maíz
29.144040,76.503767,5.818071,plátano
29.884305,94.037115,6.135996,melón
24.695155,70.452302,6.605377,maíz
25.068165,57.067250,6.032392,café
23.588128,77.237114,6.222607,algodón
25.609734,50.733007,5.877075,frijol moth
26.043720,84.969072,5.999969,arroz
19.882632,85.736096,7.060917,granada
23.849401,94.348150,6.133221,manzana
22.125141,93.495332,6.451873,manzana
25.111892,80.026213,6.209888,sandía
27.539983,87.708495,7.199495,frijol chino
24.800486,80.397742,6.112268,arroz
29.943492,93.914584,6.232177,melón
32.067150,46.146357,5.417394,mango
28.342321,94.562568,7.155049,naranja
17.180481,18.618758,5.954088,frijol rojo
23.915497,24.791010,5.619923,frijol rojo
25.093479,90.218964,6.775596,naranja
24.585818,60.113754,5.992155,lenteja
26.309849,69.742873,7.519889,lenteja
25.052877,65.463636,6.008576,maíz
13.837728,91.747805,6.044167,naranja
24.711190,81.728392,6.817898,yute
43.675493,93.468650,6.937008,papaya
25.157606,92.216977,6.598160,papaya
24.451328,93.105277,6.528355,naranja
18.387411,24.109524,5.708597,frijol rojo
17.415313,15.130913,6.607213,garbanzo
29.216993,92.212416,6.386572,melón
20.428231,80.026495,5.976924,uva
25.895385,56.049239,7.250713,café
26.564600,55.561921,5.946308,frijol moth
25.708227,52.886671,7.189156,café
25.621916,65.792160,7.679904,lenteja
19.624163,18.714832,7.064790,garbanzo
25.041216,75.224832,6.734455,algodón
34.010633,64.429463,7.775306,frijol urad
28.584583,93.900877,6.386020,melón
33.760563,45.478598,6.053659,mango
13.170990,90.172748,7.153358,naranja
28.877260,92.488397,6.170521,melón
26.510712,47.628462,5.294486,frijol moth
20.416831,62.554248,5.855442,maíz
24.994996,88.956928,7.027780,yute
28.636189,61.394513,7.702287,frijol moth
23.917375,87.532365,6.325679,yute
24.782848,87.362321,6.701795,sandía
27.552974,47.908591,5.910635,mango
26.446001,98.299378,6.008386,coco
31.022159,45.892395,6.687275,frijol moth
23.429139,22.694123,5.934313,frijol rojo
23.171027,81.885543,6.118402,yute
25.261713,83.454774,6.225159,sandía
26.081011,62.534915,7.423521,frijol urad
13.176137,81.274224,6.422920,uva
18.921572,87.312903,6.568934,granada
18.882299,68.248703,6.753893,maíz
26.115311,96.340077,6.347673,coco
35.862475,48.746910,4.553801,mango
21.509329,80.696353,6.290063,uva
22.459429,81.306810,6.443785,algodón
25.091275,57.709443,5.980396,maíz
30.495392,41.723374,7.539658,frijol moth
22.474836,59.973553,5.860514,maíz
28.486043,99.351035,5.550342,coco
23.878041,71.639303,7.128945,yute
23.719746,76.356819,7.969862,algodón
27.010585,63.002581,6.543331,frijol urad
21.132570,92.148449,6.273544,manzana
28.537853,91.356024,6.085143,melón
24.958779,84.479634,5.206373,arroz
25.643370,82.009301,6.897553,arroz
26.896401,82.999423,6.199447,uva
25.018269,80.110219,6.897674,sandía
24.789259,80.185471,7.713923,arroz
31.364100,91.443030,6.515329,papaya
21.158814,62.472897,5.916454,lenteja
25.572307,60.229907,6.053479,lenteja
32.777003,64.485932,7.710708,frijol urad
28.285115,88.439398,7.130279,frijol chino
42.186176,94.944821,6.669299,papaya
22.908929,82.274288,7.836443,arroz
31.325867,94.436234,7.401061,naranja
41.948657,81.672158,6.372097,uva
23.962514,60.686246,6.534214,lenteja
20.060040,67.762526,6.677263,lenteja
19.543702,16.213789,6.500768,garbanzo
18.051424,90.039696,7.016482,naranja
24.469845,83.385781,6.700151,arroz
17.027122,23.426519,5.847435,frijol rojo
26.712369,93.110771,6.401862,coco
21.701814,60.474705,6.708447,maíz
31.807443,45.459105,5.708428,mango
24.068156,73.177226,6.261369,maíz
27.910025,90.678082,6.625934,melón
28.535457,91.727427,6.161124,melón
23.910880,92.008308,6.567927,papaya
26.127972,80.491726,7.132389,yute
27.440033,67.104644,6.661871,frijol urad
28.961218,59.997347,6.064877,frijol de palo
30.761337,55.503817,5.549173,frijol de palo
16.986387,19.802697,5.575134,frijol rojo
27.539072,93.096854,6.193952,melón
24.942501,93.681579,6.297095,granada
33.202583,92.764379,6.977700,papaya
26.179346,86.522581,6.259336,sandía
18.199036,17.413332,6.545889,garbanzo
28.096282,93.452153,6.074960,coco
20.448467,14.258040,6.696328,garbanzo
30.791761,49.899875,3.625320,frijol moth
24.773218,50.614190,4.575883,frijol moth
18.360189,16.593943,6.024709,garbanzo
23.710281,89.617942,6.184400,granada
24.464056,88.888042,6.666503,sandía
21.982522,73.116845,6.794331,maíz
31.292976,48.647461,4.507524,mango
22.039115,94.580758,6.231950,manzana
22.830379,77.399451,7.309958,algodón
22.645715,92.179606,6.501447,naranja
26.605993,80.677743,6.330407,yute
29.092333,91.998955,6.226906,melón
15.330426,24.969699,5.574058,frijol rojo
28.562122,83.248559,6.935804,frijol chino
17.761122,83.086126,6.316531,uva
30.658572,52.135384,8.685575,frijol moth
14.191224,94.297470,7.995849,naranja
34.065236,50.260920,6.036873,mango
22.895415,77.178318,6.517752,algodón
21.254494,83.023188,7.348162,arroz
18.381204,16.638052,8.736338,garbanzo
11.866319,93.683946,6.976998,naranja
28.337612,82.692161,5.674741,uva
21.089062,92.087292,6.434956,naranja
27.877243,49.030979,5.850835,frijol de palo
18.906256,59.112944,5.744818,maíz
27.593501,91.797430,6.399891,melón
25.507370,84.243402,6.792036,sandía
20.261765,14.258040,6.874841,garbanzo
24.570141,81.273275,6.252838,algodón
24.108592,73.131123,6.234330,maíz
29.791222,94.625707,6.324848,melón
32.060972,51.084942,6.336235,mango
24.690401,85.706774,6.732028,granada
28.186466,75.570806,6.155201,plátano
28.537283,90.510568,6.184877,melón
30.683214,40.327279,7.082078,frijol moth
26.296196,58.426308,7.419074,café
18.239468,61.725822,6.081445,maíz
26.893473,83.934339,6.050268,sandía
26.986037,89.413849,6.260839,sandía
27.791618,92.510549,6.157725,melón
21.657091,91.627170,7.586991,naranja
22.937301,22.298972,5.810799,frijol rojo
25.605626,92.669225,6.823909,papaya
26.398551,81.360289,5.571401,plátano
27.679831,91.004040,6.701913,melón
18.038869,15.769525,7.731615,garbanzo
25.654539,78.045165,6.484155,algodón
21.322316,68.759074,5.151440,frijol de palo
27.311292,55.902623,6.337501,café
33.729914,92.244205,6.771141,papaya
26.172771,79.042681,6.014575,yute
22.655470,89.750311,6.704177,granada
20.993736,19.334704,8.718193,garbanzo
25.501257,61.921157,6.948970,lenteja
41.122779,82.316886,5.634556,uva
25.624466,93.182403,6.762522,papaya
23.263170,60.516002,6.724689,café
20.949203,63.085292,6.411799,lenteja
24.838462,56.768532,7.212700,café
24.700993,91.563469,7.479532,naranja
17.360519,18.871042,7.815180,garbanzo
14.585381,80.084764,6.375681,uva
28.235001,97.747456,5.784491,coco
34.789409,61.151666,7.739990,frijol urad
22.896033,91.531170,6.393177,granada
29.099197,92.327377,6.130190,melón
24.893663,86.930465,6.042968,granada
25.415395,83.063430,5.866167,arroz
18.287201,16.679216,6.051091,garbanzo
24.485564,83.206300,6.132571,yute
24.910751,76.567432,7.112346,algodón
22.179319,80.331272,6.357389,arroz
23.241911,67.338820,6.685512,café
28.268612,99.273378,5.595688,coco
27.826562,91.511802,6.712411,melón
27.564418,54.410941,6.955787,café
21.207254,94.263047,7.163005,granada
17.136928,20.595417,5.685972,frijol rojo
17.167916,20.609452,5.663768,frijol rojo
13.890874,90.925438,7.687718,naranja
22.000851,79.371184,7.402417,algodón
27.618708,89.817823,6.634472,frijol chino
26.575861,83.083879,5.733661,plátano
22.472532,62.565325,5.667420,frijol de palo
17.581040,16.474521,6.061369,garbanzo
32.843559,68.754725,7.613494,frijol urad
32.479778,47.642440,5.398212,mango
23.155316,67.320388,6.821986,café
23.342620,90.270394,5.825843,manzana
24.368844,82.891101,6.794246,arroz
15.327897,94.460414,7.613879,naranja
23.852762,94.132260,6.408865,granada
26.978424,89.156972,6.233618,sandía
23.937422,46.837281,6.605454,frijol de palo
26.696940,77.709020,7.136703,yute
25.588390,82.024005,6.867761,arroz
26.240557,86.539028,6.956509,sandía
24.423983,57.379640,5.860863,maíz
23.923569,19.344041,5.823216,frijol rojo
15.538348,23.755602,5.695423,frijol rojo
22.304557,93.900650,5.899043,manzana
23.012402,94.450919,6.756397,papaya
26.312127,54.648581,6.878820,café
29.526278,94.660649,6.181818,melón
25.659905,44.122388,9.908163,frijol moth
25.183211,84.978492,6.137764,plátano
29.180812,90.733260,5.684894,coco
19.306874,15.862654,6.047946,garbanzo
16.762017,82.003356,5.662140,uva
29.230918,92.096254,6.421566,melón
27.682737,82.031863,6.218924,frijol chino
28.503663,92.880919,6.212420,melón
27.802637,53.665550,7.208736,café
28.295181,67.044276,7.386259,frijol urad
28.496575,82.632728,6.265979,plátano
29.652797,90.936106,6.345301,melón
16.524330,81.125080,5.891507,uva
25.496280,61.230715,7.212132,frijol urad
26.679206,77.004063,7.317511,yute
25.795188,94.979621,5.801284,coco
27.317567,94.061785,6.040471,melón
21.100577,90.352645,5.556427,manzana
25.097374,60.618213,6.643622,frijol urad
17.598892,15.530755,7.670533,garbanzo
26.849884,89.721027,6.505264,sandía
29.235564,49.372981,6.758665,mango
24.143862,84.515913,6.785724,algodón
25.119538,83.248203,6.369060,uva
34.054471,90.475430,7.802989,naranja
24.235112,53.612384,6.619342,café
20.122774,86.292999,5.797549,granada
17.035938,17.510748,6.270769,garbanzo
13.022283,80.335352,5.753614,uva
27.994581,84.143000,5.669544,plátano
21.164316,90.637382,5.607534,manzana
24.713841,51.291425,7.238110,café
28.413942,95.756976,5.646459,coco
22.727672,77.075981,6.006086,algodón
29.688467,94.301116,6.168758,melón
27.586882,49.339975,6.046847,mango
27.546053,48.091666,6.676697,mango
42.381120,90.108622,6.942181,papaya
20.240032,90.669258,6.988227,naranja
36.384044,57.476105,6.226164,frijol de palo
22.951025,82.810198,7.686822,algodón
24.511477,90.644987,5.956402,granada
22.474306,21.829420,5.945508,frijol rojo
28.742010,85.816759,6.452006,frijol chino
20.017078,20.816557,5.837516,frijol rojo
27.668495,82.176882,6.222036,frijol chino
20.073399,81.437408,5.812653,uva
25.052355,85.306685,6.939640,sandía
22.332458,90.620352,5.710671,manzana
28.849931,94.653012,6.683551,papaya
28.139145,82.008829,7.039421,frijol chino
24.901538,87.026349,6.229982,sandía
18.951767,87.326578,6.595299,granada
23.711615,78.025605,6.144998,algodón
28.803553,85.904471,6.464297,frijol chino
29.512943,78.215962,5.536150,plátano
11.361704,93.115436,7.584495,naranja
26.745507,83.919590,6.251287,sandía
27.208890,52.988910,7.493192,café
24.594063,85.487375,6.322919,sandía
29.839696,90.543009,6.636004,melón
27.483569,62.194154,6.797065,café
27.824840,54.978947,7.993233,frijol moth
29.104035,79.195886,6.324270,plátano
28.371042,80.835830,5.549309,uva
29.758081,94.643520,6.332416,melón
25.746219,82.199863,6.849159,arroz
31.113948,61.964349,3.514331,frijol moth
29.295968,91.943780,5.873378,coco
21.114787,90.315287,5.559364,manzana
24.723440,87.212033,6.463490,yute
28.163133,88.394771,7.125308,frijol chino
25.151020,82.224651,6.372539,sandía
24.069763,75.277946,6.358547,algodón
24.944151,76.828712,7.195318,yute
20.269423,19.969789,7.313122,garbanzo
21.676560,59.803165,6.432797,maíz
18.573736,55.282204,6.646329,maíz
28.981964,83.471401,6.230535,uva
23.852197,82.784024,7.795294,algodón
30.465250,65.836357,6.175435,frijol de palo
23.018753,62.775156,5.982959,lenteja
27.575594,53.972787,6.904680,café
26.464283,83.856427,7.549874,arroz
26.521531,78.853042,6.255780,yute
23.206909,75.251479,6.353188,yute
17.969240,18.972693,8.608197,garbanzo
21.447306,80.129317,6.281281,uva
25.304416,89.568254,6.729815,sandía
28.270956,95.187793,6.148919,coco
21.541562,59.640242,6.803932,maíz
23.006615,73.567795,5.927835,maíz
29.571354,92.440296,6.411212,coco
25.933820,68.705330,7.080506,lenteja
24.383795,84.248577,6.205109,algodón
27.911581,79.190385,6.222071,plátano
31.906209,56.430150,5.666252,frijol de palo
32.177520,54.013527,6.207496,mango
18.639242,39.313307,4.934535,frijol de palo
28.273678,99.457393,5.573149,coco
17.556897,15.243393,8.438027,garbanzo
21.865252,80.192301,5.953933,arroz
36.813011,37.097079,5.574664,frijol de palo
23.000272,18.787830,5.687787,frijol rojo
11.899257,91.346638,7.291406,naranja
21.978878,65.470997,6.277378,maíz
37.467943,94.770893,6.703218,papaya
24.238486,94.570832,6.445066,granada
27.601714,94.365398,5.573026,coco
37.707098,94.426236,6.685595,papaya
19.536642,18.679556,7.177086,garbanzo
26.694382,55.958644,6.116011,café
22.478512,91.754874,5.795056,manzana
23.415434,68.384660,6.725950,café
25.453367,72.228539,6.002525,yute
33.962029,93.534629,7.456429,naranja
21.958546,80.638300,6.822784,arroz
31.913365,69.158346,7.336395,frijol urad
31.099003,60.540710,6.564837,frijol urad
35.012288,82.185822,5.532853,uva
28.385039,99.188437,5.557712,coco
25.908134,94.568146,5.768756,coco
32.418916,91.588979,6.866808,papaya
28.579102,89.284131,6.290213,frijol chino
24.527837,82.736856,6.364135,arroz
26.514994,80.802496,6.351019,yute
25.796294,60.433675,6.086486,lenteja
29.130199,94.203740,6.776358,melón
24.924586,76.087110,7.098684,algodón
24.889105,85.870591,6.110143,sandía
22.812125,91.518617,6.027314,manzana
19.534017,17.680619,6.547140,garbanzo
27.300530,90.568149,6.032998,melón
36.122637,82.748237,6.312339,uva
20.935835,23.052442,5.762676,frijol rojo
19.309083,18.974990,7.838680,garbanzo
15.314135,80.097114,5.804799,uva
38.716215,82.261974,6.227178,uva
18.940209,35.222851,5.660104,frijol de palo
27.149111,67.026643,6.157783,lenteja
28.470146,51.448675,6.479459,mango
23.294433,90.441823,5.836139,manzana
27.114040,42.726461,8.261746,frijol moth
25.099344,89.025259,6.480777,sandía
15.786014,21.145441,5.502999,frijol rojo
22.269793,92.197131,6.434698,naranja
26.929951,81.147547,6.001913,arroz
27.757002,55.859353,9.676126,frijol moth
19.833208,59.634383,6.366600,maíz
40.625195,81.581942,6.362228,uva
28.698413,61.147544,9.935091,frijol moth
22.826308,92.108276,6.215932,manzana
25.010185,81.319739,6.092322,plátano
36.746276,82.279169,6.250681,uva
25.122129,80.026213,6.882624,sandía
23.314644,52.949032,6.748572,café
26.033395,88.667606,6.437771,sandía
40.731337,92.617476,6.570164,papaya
18.697798,16.329453,7.884323,garbanzo
17.521848,18.875868,8.868741,garbanzo
23.094338,76.359111,6.529139,yute
26.349556,80.722165,6.512310,sandía
28.568006,57.306360,8.660780,frijol moth
33.323157,91.252712,6.709669,papaya
28.275052,63.658340,7.674442,lenteja
27.311891,52.733859,5.488782,mango
24.410657,82.804263,6.770089,yute
23.431219,83.063101,5.286204,arroz
31.558463,67.835638,7.137005,frijol urad
26.591050,82.941641,6.033485,yute
26.953169,89.490817,6.284544,sandía
22.772082,82.679197,5.676467,arroz
28.211224,63.324911,7.633999,lenteja
25.350556,80.263104,6.916104,sandía
26.734340,68.139997,7.040056,frijol urad
24.918555,80.571230,7.771767,arroz
20.599364,24.334797,5.802470,frijol rojo
31.428023,62.100971,9.248493,frijol moth
24.376475,89.891065,6.585631,yute
27.103895,81.322871,5.870268,plátano
11.547857,94.148610,7.907956,naranja
24.207563,53.629897,7.338183,frijol moth
27.447222,80.541890,6.901931,frijol chino
24.560620,64.001865,7.238536,café
25.074481,50.934055,6.100398,frijol de palo
33.253580,45.804134,5.970661,mango
20.697692,91.322082,6.279519,granada
27.132601,95.237980,6.234458,coco
30.041383,62.309650,8.578471,frijol moth
27.687761,81.851382,6.232158,frijol chino
27.009321,80.185468,6.134656,plátano
29.573017,78.275194,5.546451,plátano
24.067315,81.640753,6.915717,sandía
19.175022,14.258040,7.562650,garbanzo
31.282214,35.240327,5.364125,frijol de palo
18.393739,23.638251,5.671109,frijol rojo
23.222056,74.690498,6.624927,yute
27.600478,99.981876,5.740163,coco
20.570379,65.050890,6.706064,maíz
11.095848,80.124038,6.136414,uva
27.464770,61.533917,6.819121,lenteja
19.380100,61.735406,5.741957,maíz
27.500818,67.964148,7.775306,frijol urad
27.976902,83.275393,6.324823,plátano
26.606142,81.763039,6.943712,sandía
23.762171,92.620574,5.850806,granada
22.803055,91.994029,6.200098,manzana
23.909970,80.785643,5.948350,uva
26.604631,84.685037,6.213863,sandía
26.158640,80.772818,7.120912,yute
24.173127,81.072629,7.767720,algodón
29.197295,83.016775,5.737742,plátano
28.145227,62.467267,7.824636,lenteja
23.819957,80.122116,6.002996,uva
28.342848,94.033561,6.843471,papaya
23.765057,81.340194,7.141318,yute
35.951766,36.527808,6.418063,frijol de palo
22.392546,92.703373,5.665575,manzana
22.057179,94.730789,6.226434,manzana
28.213775,78.049047,5.643389,plátano
25.151803,68.852875,6.547610,lenteja
22.590219,88.769627,6.459407,granada
24.470930,84.210172,6.395438,sandía
18.794611,73.084057,6.122973,maíz
21.352755,45.512392,6.246496,frijol de palo
23.096595,74.492856,6.419391,yute
29.128591,91.309248,5.741367,coco
17.795416,80.827167,6.320513,uva
29.651987,78.178207,5.810539,plátano
29.802539,95.264697,6.313723,coco
31.750489,94.595512,7.362208,naranja
22.827957,84.366880,7.017739,algodón
28.691648,96.652487,6.081568,coco
27.750248,64.565382,6.936373,café
21.572989,69.706248,6.634380,lenteja
27.828889,87.061357,6.413698,frijol chino
27.802449,96.138752,5.562719,coco
21.683585,92.699417,6.018708,manzana
24.613870,92.068922,6.660445,granada
27.185861,56.125663,7.147449,café
23.518688,93.834075,5.947292,manzana
35.990097,52.220136,6.010293,mango
